niche,sous_theme,titre,lien,vues,publiee_le,duree_min,chaine,lien_chaine,abonnes,deja_ciblee_seniors,angle_senior,exemple_titre_adapte
Arnaques,Arnaques à domicile,Oil change scams: Hidden camera investigation on what really happens to your car (CBC Marketplace),https://youtu.be/-avpx8UTakI,48157581,2014-09-10,21,CBC News,https://www.youtube.com/channel/UCuFFtHWoLl5fauMMD5Ww2jA,4770000,non,"Le faux couvreur après l'orage, le faux employé du gaz, le garagiste malhonnête.",The Roofer Who Knocks After a Storm: 6 Home Repair Scams Targeting Seniors
Arnaques,Récits et documentaires d'arnaques,Investigating the Internet's Most Famous Scammer,https://youtu.be/y4BwEdAwgVQ,13451116,2023-07-10,20,Tommy G,https://www.youtube.com/channel/UCakIVH4t7k4vZe1AWPpewgA,3770000,non,"Les grandes arnaques de l'histoire racontées en documentaire, avec la leçon pour aujourd'hui.",The Con Man Who Fooled America's Grandparents for 20 Years
Arnaques,Récits et documentaires d'arnaques,"What I Saw as a Fake Billionaire | Fakes, Frauds and Scammers",https://youtu.be/aKwkMZbeeGo,12871049,2022-05-09,11,VICE,https://www.youtube.com/channel/UCn8zNIfYAQNdrFRrr8oibKw,19200000,non,"Les grandes arnaques de l'histoire racontées en documentaire, avec la leçon pour aujourd'hui.",The Con Man Who Fooled America's Grandparents for 20 Years
Arnaques,Récits et documentaires d'arnaques,Investigating Logan Paul's Biggest Scam,https://youtu.be/386p68_lDHA,11489585,2022-12-17,24,Coffeezilla,https://www.youtube.com/channel/UCFQMnBA3CS502aghlcr0_aw,4730000,non,"Les grandes arnaques de l'histoire racontées en documentaire, avec la leçon pour aujourd'hui.",The Con Man Who Fooled America's Grandparents for 20 Years
Arnaques,Arnaques au téléphone,Robocalls: Last Week Tonight with John Oliver (HBO),https://youtu.be/FO0iG_P0P6M,10989076,2019-03-11,17,LastWeekTonight,https://www.youtube.com/channel/UC3XTzVzaHQEd30rQbuvCtTQ,10200000,non,"Expliquer les techniques des appels (le silence de 3 secondes, « Can you hear me? ») et ce qu'il faut répondre.",Why Scammers Stay Silent When You Answer — What to Say Instead
Arnaques,Récits et documentaires d'arnaques,The Fake Genius: a $30 BILLION Fraud.,https://youtu.be/w3EYKuFGJ5c,10880541,2023-09-01,64,James Jani,https://www.youtube.com/channel/UCT0dmfFCLWuVKPWZ6wcdKyg,2220000,non,"Les grandes arnaques de l'histoire racontées en documentaire, avec la leçon pour aujourd'hui.",The Con Man Who Fooled America's Grandparents for 20 Years
Vivre chez soi après 60,Communautés 55+,"World's Most Infamous Retirement Community (The Villages, Florida) 🇺🇸",https://youtu.be/BX4i8qprP2I,9597306,2023-05-13,44,Peter Santenello,https://www.youtube.com/channel/UC3Vuq4Q1bKFtAiKYlwRv3oA,4310000,oui,"Visites, avantages et défauts, et ce que les vendeurs ne disent pas.",Why People Are Leaving 55+ Communities (What Sales Agents Won't Say)
Arnaques,Récits et documentaires d'arnaques,Enron - The Biggest Fraud in History,https://youtu.be/e5qC1YGRMKI,8710827,2019-08-30,19,ColdFusion,https://www.youtube.com/channel/UC4QZ_LsYcvcq7qOsOhpAX4A,5250000,non,"Les grandes arnaques de l'histoire racontées en documentaire, avec la leçon pour aujourd'hui.",The Con Man Who Fooled America's Grandparents for 20 Years
Arnaques,Arnaques sentimentales,Exposing Nigerian online love scammers | 60 Minutes Australia,https://youtu.be/nTorFTRcYDQ,8385676,2019-07-16,14,60 Minutes Australia,https://www.youtube.com/channel/UC0L1suV8pVgO4pCAIBNGx5w,6740000,non,"Les veufs et veuves sont les premières cibles. Le récit d'une victime réelle, puis les signaux d'alerte.","She Was 72, Widowed, and Lost $300,000 to a Man She Never Met"
Arnaques,Faux support technique / piratage,Beating Scammers at Their Own Game | Super Users,https://youtu.be/CZbEQsKLRZQ,8125073,2022-11-24,10,VICE,https://www.youtube.com/channel/UCn8zNIfYAQNdrFRrr8oibKw,19200000,non,"La fenêtre qui bloque l'écran, expliquée pas à pas, avec quoi faire et quoi ne jamais faire.","A Pop-Up Says Your Computer Is Locked — Do This, Not That"
Arnaques,Arnaques à domicile,Texas man describes firing at fake maintenance workers who tried to break through his apartment door,https://youtu.be/4mikPTxk1E0,8065281,2023-08-22,7,WFAA,https://www.youtube.com/channel/UCBu0KdNokE4MqdkacvH37_A,2190000,non,"Le faux couvreur après l'orage, le faux employé du gaz, le garagiste malhonnête.",The Roofer Who Knocks After a Storm: 6 Home Repair Scams Targeting Seniors
Arnaques,Récits et documentaires d'arnaques,The Fake Socialite Who Scammed New York's Elite - The Vault,https://youtu.be/YXu289P-dD4,7814107,2019-06-12,10,Cheddar,https://www.youtube.com/channel/UC04KsGq3npibMCE9Td3mVDg,1060000,non,"Les grandes arnaques de l'histoire racontées en documentaire, avec la leçon pour aujourd'hui.",The Con Man Who Fooled America's Grandparents for 20 Years
Arnaques,Récits et documentaires d'arnaques,Frank Abagnale Stuns Everyone With Stories of Being a Con Man | Carson Tonight Show,https://youtu.be/FIYtKR24LQs,7769826,2022-06-14,18,Johnny Carson,https://www.youtube.com/channel/UC7McHNOsrUL2fRxTB_xvgRQ,1280000,non,"Les grandes arnaques de l'histoire racontées en documentaire, avec la leçon pour aujourd'hui.",The Con Man Who Fooled America's Grandparents for 20 Years
Arnaques,Investissement et crypto,Crypto: The World’s Greatest Scam.,https://youtu.be/ORdWE_ffirg,7726807,2023-01-01,54,James Jani,https://www.youtube.com/channel/UCT0dmfFCLWuVKPWZ6wcdKyg,2220000,non,"Les retraités ciblés par de faux placements « sûrs » : Madoff, pig butchering, faux conseillers.",How Retirees Lost Their Life Savings to a 'Safe' Investment
Vivre chez soi après 60,Communautés 55+,2 Chainz Takes You Inside a $100M Senior Home | MOST EXPENSIVEST,https://youtu.be/Ni5mKkDG6MQ,7012214,2018-08-28,5,VICE TV,https://www.youtube.com/channel/UCWF0PiUvUi3Jma2oFgaiX2w,2770000,oui,"Visites, avantages et défauts, et ce que les vendeurs ne disent pas.",Why People Are Leaving 55+ Communities (What Sales Agents Won't Say)
Arnaques,Récits et documentaires d'arnaques,FBI Finally Solve The $1.6 Billion Instagram Scam,https://youtu.be/ofgPzgN5kwQ,6959429,2020-08-17,11,TheRichest,https://www.youtube.com/channel/UCdxi8d8qRsRyUi2ERYjYb-w,14600000,non,"Les grandes arnaques de l'histoire racontées en documentaire, avec la leçon pour aujourd'hui.",The Con Man Who Fooled America's Grandparents for 20 Years
Arnaques,Récits et documentaires d'arnaques,"How Hackers Stole $1,000,000,000 From Banks",https://youtu.be/WyQ7z8BMwwk,6910875,2025-01-11,14,fern,https://www.youtube.com/channel/UCODHrzPMGbNv67e84WDZhQQ,5560000,non,"Les grandes arnaques de l'histoire racontées en documentaire, avec la leçon pour aujourd'hui.",The Con Man Who Fooled America's Grandparents for 20 Years
Arnaques,Investissement et crypto,Pig Butchering Scams: Last Week Tonight with John Oliver (HBO),https://youtu.be/pLPpl2ISKTg,6708209,2024-02-29,24,LastWeekTonight,https://www.youtube.com/channel/UC3XTzVzaHQEd30rQbuvCtTQ,10200000,non,"Les retraités ciblés par de faux placements « sûrs » : Madoff, pig butchering, faux conseillers.",How Retirees Lost Their Life Savings to a 'Safe' Investment
Arnaques,Récits et documentaires d'arnaques,Scammers Caught In The Act,https://youtu.be/XVswCs43cc8,6664251,2024-09-11,13,Top 10s,https://www.youtube.com/channel/UCRyIP2oznv4UPAl1jmKS5kA,5170000,non,"Les grandes arnaques de l'histoire racontées en documentaire, avec la leçon pour aujourd'hui.",The Con Man Who Fooled America's Grandparents for 20 Years
Arnaques,Récits et documentaires d'arnaques,The Biggest Fraud on TV,https://youtu.be/4uGfFYzxWEg,6651952,2024-04-09,18,fern,https://www.youtube.com/channel/UCODHrzPMGbNv67e84WDZhQQ,5560000,non,"Les grandes arnaques de l'histoire racontées en documentaire, avec la leçon pour aujourd'hui.",The Con Man Who Fooled America's Grandparents for 20 Years
Arnaques,Récits et documentaires d'arnaques,Her Best Friend Catfished her to Death | The Story Of Renae Marsden | True Crime Documentary,https://youtu.be/zUkDADMJ6o0,6525428,2023-03-16,53,True Crime Central,https://www.youtube.com/channel/UCFkFUrV28yy4kpg9b6LNhuQ,1450000,non,"Les grandes arnaques de l'histoire racontées en documentaire, avec la leçon pour aujourd'hui.",The Con Man Who Fooled America's Grandparents for 20 Years
Arnaques,Investissement et crypto,How to spot a pyramid scheme - Stacie Bosley,https://youtu.be/SBGfHk91Vrk,6329708,2019-04-02,5,TED-Ed,https://www.youtube.com/channel/UCsooa4yRKGN_zEE8iknghZA,22900000,non,"Les retraités ciblés par de faux placements « sûrs » : Madoff, pig butchering, faux conseillers.",How Retirees Lost Their Life Savings to a 'Safe' Investment
Arnaques,Arnaques au téléphone,India's Thriving Scam Industry: Before You Call Tech Support | Undercover Asia | CNA Documentary,https://youtu.be/7CZReZ24-to,5941250,2022-07-31,46,CNA Insider,https://www.youtube.com/channel/UC_Lnb8ZHqqgLbp-7hltuT9w,2700000,non,"Expliquer les techniques des appels (le silence de 3 secondes, « Can you hear me? ») et ce qu'il faut répondre.",Why Scammers Stay Silent When You Answer — What to Say Instead
Arnaques,Arnaques sentimentales,Conman EXPOSED: Meet Australia's answer to the Tinder Swindler | 60 Minutes Australia,https://youtu.be/eOSQnLaEy-A,5903483,2022-05-22,32,60 Minutes Australia,https://www.youtube.com/channel/UC0L1suV8pVgO4pCAIBNGx5w,6740000,non,"Les veufs et veuves sont les premières cibles. Le récit d'une victime réelle, puis les signaux d'alerte.","She Was 72, Widowed, and Lost $300,000 to a Man She Never Met"
Arnaques,Récits et documentaires d'arnaques,Charlie Kirk’s Death Exposed the Biggest Scam in History,https://youtu.be/azE7nqqQMmo,5668490,2025-09-12,23,Chase Hughes,https://www.youtube.com/channel/UCUBj_5pwQZaoXfBrEQQbADw,1890000,non,"Les grandes arnaques de l'histoire racontées en documentaire, avec la leçon pour aujourd'hui.",The Con Man Who Fooled America's Grandparents for 20 Years
Arnaques,Récits et documentaires d'arnaques,How This 31 Year Old Woman Scammed JP Morgan,https://youtu.be/Kfdj3AfDD74,5585811,2023-05-11,19,ColdFusion,https://www.youtube.com/channel/UC4QZ_LsYcvcq7qOsOhpAX4A,5250000,non,"Les grandes arnaques de l'histoire racontées en documentaire, avec la leçon pour aujourd'hui.",The Con Man Who Fooled America's Grandparents for 20 Years
Arnaques,Investissement et crypto,The Fall of the World's Flashiest Scammer,https://youtu.be/PMenb4TU5xI,5525281,2022-01-17,15,Bloomberg Originals,https://www.youtube.com/channel/UCUMZ7gohGI9HcU9VNsr2FJQ,5170000,non,"Les retraités ciblés par de faux placements « sûrs » : Madoff, pig butchering, faux conseillers.",How Retirees Lost Their Life Savings to a 'Safe' Investment
Arnaques,Investissement et crypto,60 Minutes Archive: The man who figured out Madoff's Ponzi scheme,https://youtu.be/3wUJesUik5A,5122434,2021-04-14,13,60 Minutes,https://www.youtube.com/channel/UCsN32BtMd0IoByjJRNF12cw,4210000,non,"Les retraités ciblés par de faux placements « sûrs » : Madoff, pig butchering, faux conseillers.",How Retirees Lost Their Life Savings to a 'Safe' Investment
Arnaques,Arnaques au téléphone,Why Scammers Stay Silent for 3 Seconds When You Pick Up,https://youtu.be/jWaEAWmEIjQ,5096218,2026-02-20,9,Safety Senior,https://www.youtube.com/channel/UCdmpQpTrjhg-9BqGWLs44jg,37000,non,"Expliquer les techniques des appels (le silence de 3 secondes, « Can you hear me? ») et ce qu'il faut répondre.",Why Scammers Stay Silent When You Answer — What to Say Instead
Vivre chez soi après 60,Argent de la retraite,I'm 71 With No Retirement!,https://youtu.be/eAK759rR_Rw,4900930,2021-08-09,7,The Ramsey Show Highlights,https://www.youtube.com/channel/UC7eBNeDW1GQf2NJQ6G6gAxw,4600000,oui,"Vivre avec la seule Social Security, quand la demander, les erreurs à éviter.",Retiring With Almost Nothing Saved: 7 Things That Still Work
Arnaques,Récits et documentaires d'arnaques,How The Wolf of Wall Street Scam Actually Worked,https://youtu.be/bVM76YxNPjQ,4864463,2021-11-18,10,How Money Works,https://www.youtube.com/channel/UCkCGANrihzExmu9QiqZpPlQ,1750000,non,"Les grandes arnaques de l'histoire racontées en documentaire, avec la leçon pour aujourd'hui.",The Con Man Who Fooled America's Grandparents for 20 Years
Arnaques,Récits et documentaires d'arnaques,EXCLUSIVE: Chase Bank ATM victim goes undercover to prove he was scammed by glue and 'tap' thief,https://youtu.be/HHmRIJ2ysAY,4862339,2023-04-06,4,ABC7 News Bay Area,https://www.youtube.com/channel/UCYUbNjkuE4lsr2v1Id2O1oA,707000,non,"Les grandes arnaques de l'histoire racontées en documentaire, avec la leçon pour aujourd'hui.",The Con Man Who Fooled America's Grandparents for 20 Years
Arnaques,Récits et documentaires d'arnaques,Credit Card Scammers on the Dark Web,https://youtu.be/jT-jmq8KBw0,4774644,2018-06-06,12,VICE,https://www.youtube.com/channel/UCn8zNIfYAQNdrFRrr8oibKw,19200000,non,"Les grandes arnaques de l'histoire racontées en documentaire, avec la leçon pour aujourd'hui.",The Con Man Who Fooled America's Grandparents for 20 Years
Vivre chez soi après 60,Vivre seul après 70 ans,Aging & Alone: Asian American living alone in New York City,https://youtu.be/j8-JSIw_-vE,4654883,2017-11-27,6,NextDayBetter,https://www.youtube.com/channel/UCoqPhwf0-Ty5ncLvytRbYVA,26100,oui,"Ce qui change quand on vit seul, comment rester en sécurité, entouré et autonome.",Living Alone After 75: 9 Things That Keep You Safe and Happy
Arnaques,Investissement et crypto,"Exposing a $300,000,000 Scam",https://youtu.be/04FRAsU0za0,4629856,2026-05-12,31,Coffeezilla,https://www.youtube.com/channel/UCFQMnBA3CS502aghlcr0_aw,4730000,non,"Les retraités ciblés par de faux placements « sûrs » : Madoff, pig butchering, faux conseillers.",How Retirees Lost Their Life Savings to a 'Safe' Investment
Arnaques,Investissement et crypto,Ponzi: The Financial Idiot Who Scammed the World,https://youtu.be/LgDQG-ZKRFg,4623274,2022-12-14,19,MagnatesMedia,https://www.youtube.com/channel/UCE4Gn00XZbpWvGUfIslT-tA,1860000,non,"Les retraités ciblés par de faux placements « sûrs » : Madoff, pig butchering, faux conseillers.",How Retirees Lost Their Life Savings to a 'Safe' Investment
Vivre chez soi après 60,Désencombrer et réduire,The 4 phases of retirement | Dr. Riley Moynes | TEDxSurrey,https://youtu.be/DMHMOQ_054U,4307864,2022-05-26,13,TEDx Talks,https://www.youtube.com/channel/UCsT0YIqwnpJCM-mx7-gSA4Q,44700000,oui,"Le « Swedish death cleaning », vendre la maison, et que faire des affaires que personne ne veut.",Nobody Wants Your Stuff: What to Do With Your Things After 70
Arnaques,Arnaques sentimentales,Everyone Told Him It Was Fake…He kept sending money,https://youtu.be/aL4hQ1k4o3E,4116319,2023-07-05,35,Catfished,https://www.youtube.com/channel/UCns8cwhpu92cYJHAlEfWz_w,664000,non,"Les veufs et veuves sont les premières cibles. Le récit d'une victime réelle, puis les signaux d'alerte.","She Was 72, Widowed, and Lost $300,000 to a Man She Never Met"
Arnaques,Récits et documentaires d'arnaques,The Most Genius Cannabis Scam Ever,https://youtu.be/KfONbvTukPA,4039048,2025-04-01,18,fern,https://www.youtube.com/channel/UCODHrzPMGbNv67e84WDZhQQ,5560000,non,"Les grandes arnaques de l'histoire racontées en documentaire, avec la leçon pour aujourd'hui.",The Con Man Who Fooled America's Grandparents for 20 Years
Arnaques,Arnaques sentimentales,Australia's worst ever case of catfishing | 60 Minutes Australia,https://youtu.be/O8peZofNul4,4015401,2023-07-09,27,60 Minutes Australia,https://www.youtube.com/channel/UC0L1suV8pVgO4pCAIBNGx5w,6740000,non,"Les veufs et veuves sont les premières cibles. Le récit d'une victime réelle, puis les signaux d'alerte.","She Was 72, Widowed, and Lost $300,000 to a Man She Never Met"
Arnaques,Arnaques sentimentales,The dramatic undercover sting exposing Nigerian fraud syndicates | 60 Minutes Australia,https://youtu.be/iVHLiVT4eeM,3998862,2023-01-12,16,60 Minutes Australia,https://www.youtube.com/channel/UC0L1suV8pVgO4pCAIBNGx5w,6740000,non,"Les veufs et veuves sont les premières cibles. Le récit d'une victime réelle, puis les signaux d'alerte.","She Was 72, Widowed, and Lost $300,000 to a Man She Never Met"
Arnaques,Petit-enfant en détresse / clonage de voix IA,He Stole $40 Million and Got Caught,https://youtu.be/-KrYohUJvYw,3880624,2023-07-25,9,Coffeezilla,https://www.youtube.com/channel/UCFQMnBA3CS502aghlcr0_aw,4730000,non,"Raconter un vrai appel « Grandma, I'm in jail », puis donner la parade du mot de passe familial.","The 'Grandma, I'm in Trouble' Call: How AI Copies Your Grandson's Voice"
Arnaques,Arnaques à domicile,Buying a 1 euro House in Italy - is it a scam?,https://youtu.be/NbCf2La5SD8,3836690,2026-07-26,41,Yes Theory,https://www.youtube.com/channel/UCvK4bOhULCpmLabd2pDMtnA,10100000,non,"Le faux couvreur après l'orage, le faux employé du gaz, le garagiste malhonnête.",The Roofer Who Knocks After a Storm: 6 Home Repair Scams Targeting Seniors
Arnaques,Récits et documentaires d'arnaques,Charles Ingram - The Major Fraud Documentary,https://youtu.be/2SaPf6g87Zc,3830579,2021-04-18,74,SixStringSteve,https://www.youtube.com/channel/UCwZrW5Nwe6sS7v3aa2YGaOA,16900,non,"Les grandes arnaques de l'histoire racontées en documentaire, avec la leçon pour aujourd'hui.",The Con Man Who Fooled America's Grandparents for 20 Years
Arnaques,Récits et documentaires d'arnaques,When Greed Goes Too Far - The Worldcom Fraud,https://youtu.be/u_rfIboPyYs,3746590,2021-05-21,18,ColdFusion,https://www.youtube.com/channel/UC4QZ_LsYcvcq7qOsOhpAX4A,5250000,non,"Les grandes arnaques de l'histoire racontées en documentaire, avec la leçon pour aujourd'hui.",The Con Man Who Fooled America's Grandparents for 20 Years
Vivre chez soi après 60,Vivre seul après 70 ans,91 Year-Old Grandmother Living Alone In A Mountain Village Forgotten By The World,https://youtu.be/Q34jHHuDhmo,3729867,2026-07-04,25,Highland World,https://www.youtube.com/channel/UCKodeX3tSiE5qbsJL_dh3JQ,206000,oui,"Ce qui change quand on vit seul, comment rester en sécurité, entouré et autonome.",Living Alone After 75: 9 Things That Keep You Safe and Happy
Arnaques,"Loterie, cadeaux et colis",How A $3 Hotdog Uncovered a $24.7 Million Lottery Scam,https://youtu.be/zj2FXAZiYLE,3686203,2023-04-06,14,Vince Vintage,https://www.youtube.com/channel/UC_kH5ltlZdtFAY2qV_lp2xA,787000,non,"Les faux gains, Publishers Clearing House, les SMS de colis, les cartes cadeaux.",'You Won!' — Why a Real Lottery Never Asks You to Pay First
Arnaques,Investissement et crypto,"I Ran a Nightclub Ponzi Scheme at 19 | Fakes, Frauds & Scammers",https://youtu.be/PiOlHqbhZxw,3553304,2021-11-23,11,VICE,https://www.youtube.com/channel/UCn8zNIfYAQNdrFRrr8oibKw,19200000,non,"Les retraités ciblés par de faux placements « sûrs » : Madoff, pig butchering, faux conseillers.",How Retirees Lost Their Life Savings to a 'Safe' Investment
Arnaques,Récits et documentaires d'arnaques,This kid stole millions of dollars // The Juan Carlos Betancourt story,https://youtu.be/HBuO67mOZS8,3541353,2024-07-03,9,Ray William Johnson,https://www.youtube.com/channel/UCGt7X90Au6BV8rf49BiM6Dg,18600000,non,"Les grandes arnaques de l'histoire racontées en documentaire, avec la leçon pour aujourd'hui.",The Con Man Who Fooled America's Grandparents for 20 Years
Arnaques,Récits et documentaires d'arnaques,Smuggling Stolen Cars (Full Episode) | Trafficked with Mariana Van Zeller,https://youtu.be/jVz6g39ffts,3503029,2023-04-06,44,National Geographic,https://www.youtube.com/channel/UCpVm7bg6pXKo1Pr6k5kxG9A,26500000,non,"Les grandes arnaques de l'histoire racontées en documentaire, avec la leçon pour aujourd'hui.",The Con Man Who Fooled America's Grandparents for 20 Years
Vivre chez soi après 60,Communautés 55+,She Retired at 70 & Moved Into This Stunning Tiny House,https://youtu.be/8jMjb-esjZQ,3428926,2022-08-13,23,Tiny Home Tours,https://www.youtube.com/channel/UCidJftClM4kU1196YynvqXg,1920000,oui,"Visites, avantages et défauts, et ce que les vendeurs ne disent pas.",Why People Are Leaving 55+ Communities (What Sales Agents Won't Say)
Arnaques,Récits et documentaires d'arnaques,The Crimes of Elizabeth Holmes | A 10 Billion Dollar Fraud,https://youtu.be/3zV5YEjadUE,3388929,2023-02-17,59,j aubrey,https://www.youtube.com/channel/UCYvEb6iLPxLPZTe6NcUUUeA,1310000,non,"Les grandes arnaques de l'histoire racontées en documentaire, avec la leçon pour aujourd'hui.",The Con Man Who Fooled America's Grandparents for 20 Years
Vivre chez soi après 60,Désencombrer et réduire,I FINALLY TRIED SWEDISH DEATH CLEANING (and it actually works!!!),https://youtu.be/TED9GXg8WGg,3285436,2021-12-05,12,That Practical Mom,https://www.youtube.com/channel/UCeDNVLP9jf9a2BDaLUQC7YA,1330000,non,"Le « Swedish death cleaning », vendre la maison, et que faire des affaires que personne ne veut.",Nobody Wants Your Stuff: What to Do With Your Things After 70
Arnaques,Récits et documentaires d'arnaques,The Origin Of Internet Scams...,https://youtu.be/EBDp5h4iS7s,3276790,2025-03-12,37,Joe Bartolozzi,https://www.youtube.com/channel/UCGRryxFxjXbVAtBPE9EbyMg,6020000,non,"Les grandes arnaques de l'histoire racontées en documentaire, avec la leçon pour aujourd'hui.",The Con Man Who Fooled America's Grandparents for 20 Years
Vivre chez soi après 60,Désencombrer et réduire,"I tried ""Swedish Death Cleaning"" (and it worked!)",https://youtu.be/3XNbAbhQZFA,3263424,2019-04-24,6,Do It On A Dime,https://www.youtube.com/channel/UCJA8OyDxRY-wm0ya2gtHOsw,2470000,non,"Le « Swedish death cleaning », vendre la maison, et que faire des affaires que personne ne veut.",Nobody Wants Your Stuff: What to Do With Your Things After 70
Arnaques,Récits et documentaires d'arnaques,The Man Behind the World's Biggest Financial Fraud | Investigators,https://youtu.be/FmGNya0j8d4,3229363,2021-10-29,9,VICE News,https://www.youtube.com/channel/UCZaT_X_mc0BI-djXOlfhqWQ,9300000,non,"Les grandes arnaques de l'histoire racontées en documentaire, avec la leçon pour aujourd'hui.",The Con Man Who Fooled America's Grandparents for 20 Years
Arnaques,"Loterie, cadeaux et colis",Inside the World of Scammers & Check Fraud,https://youtu.be/_CJbHuxw728,3187624,2024-07-09,32,Tommy G,https://www.youtube.com/channel/UCakIVH4t7k4vZe1AWPpewgA,3770000,non,"Les faux gains, Publishers Clearing House, les SMS de colis, les cartes cadeaux.",'You Won!' — Why a Real Lottery Never Asks You to Pay First
Arnaques,Récits et documentaires d'arnaques,Is this the biggest property scam ever? | 60 Minutes Australia,https://youtu.be/bZj8luy0KTI,3164382,2021-11-01,15,60 Minutes Australia,https://www.youtube.com/channel/UC0L1suV8pVgO4pCAIBNGx5w,6740000,non,"Les grandes arnaques de l'histoire racontées en documentaire, avec la leçon pour aujourd'hui.",The Con Man Who Fooled America's Grandparents for 20 Years
Arnaques,Arnaques au téléphone,Avoid These 9 Tourist SCAMS In Italy!,https://youtu.be/gkFRfuU4p7g,3151227,2025-07-08,10,Naick & Kim,https://www.youtube.com/channel/UC59wFhNHJh29VrvdmeA2nEg,185000,non,"Expliquer les techniques des appels (le silence de 3 secondes, « Can you hear me? ») et ce qu'il faut répondre.",Why Scammers Stay Silent When You Answer — What to Say Instead
Arnaques,Arnaques sentimentales,Everyone Told Her It Was a Scam… She Didn’t Listen,https://youtu.be/72_vKNULbms,3120259,2023-04-19,31,Catfished,https://www.youtube.com/channel/UCns8cwhpu92cYJHAlEfWz_w,664000,non,"Les veufs et veuves sont les premières cibles. Le récit d'une victime réelle, puis les signaux d'alerte.","She Was 72, Widowed, and Lost $300,000 to a Man She Never Met"
Arnaques,Arnaques au téléphone,Calling SCAMMERS as a Southern Mother…,https://youtu.be/3xKoc2kaXlY,3117944,2024-12-11,10,Duncanyounot,https://www.youtube.com/channel/UCSHff31HSK0VVPOzGTz8dPg,3140000,non,"Expliquer les techniques des appels (le silence de 3 secondes, « Can you hear me? ») et ce qu'il faut répondre.",Why Scammers Stay Silent When You Answer — What to Say Instead
Arnaques,Arnaques au téléphone,Why Scammers Stay Silent for 3 Seconds When You Pick Up,https://youtu.be/9mh_kzEWLCE,3076615,2026-08-16,8,Safety Senior,https://www.youtube.com/channel/UCdmpQpTrjhg-9BqGWLs44jg,37000,non,"Expliquer les techniques des appels (le silence de 3 secondes, « Can you hear me? ») et ce qu'il faut répondre.",Why Scammers Stay Silent When You Answer — What to Say Instead
Arnaques,Arnaques à domicile,The WORST contractor SCAM I've seen!,https://youtu.be/BAPtnrSnzxE,3038255,2022-04-15,13,"Stanley ""Dirt Monkey"" Genadek",https://www.youtube.com/channel/UCtNIoi7VuApbYOPx-NjcVAA,1120000,non,"Le faux couvreur après l'orage, le faux employé du gaz, le garagiste malhonnête.",The Roofer Who Knocks After a Storm: 6 Home Repair Scams Targeting Seniors
Arnaques,Arnaques sentimentales,Woman Discovers She Has Spent $1.4 Million in Possible Love Scam -- Dr. Phil,https://youtu.be/Ud8vm01nzMw,2971474,2015-06-02,4,Dr. Phil,https://www.youtube.com/channel/UCYLR1ghzYNyvfjw78raCuxA,6480000,non,"Les veufs et veuves sont les premières cibles. Le récit d'une victime réelle, puis les signaux d'alerte.","She Was 72, Widowed, and Lost $300,000 to a Man She Never Met"
Vivre chez soi après 60,"Maison de retraite, résidence, aide",Life and Death in Assisted Living (full documentary) | FRONTLINE,https://youtu.be/j5wxhOslUfE,2943675,2022-07-12,53,FRONTLINE PBS | Official,https://www.youtube.com/channel/UC3ScyryU9Oy9Wse3a8OAmYQ,4650000,non,"Comparer les options et les vrais coûts : rester chez soi, résidence, aide à domicile.",Assisted Living vs Staying Home: The Real Cost
Arnaques,Arnaques au téléphone,I Purposely Got Scammed To See What Would Happen,https://youtu.be/xPdcjNRhgL0,2936817,2024-09-16,22,Sambucha,https://www.youtube.com/channel/UCWBWgCD4oAqT3hUeq40SCUw,12200000,non,"Expliquer les techniques des appels (le silence de 3 secondes, « Can you hear me? ») et ce qu'il faut répondre.",Why Scammers Stay Silent When You Answer — What to Say Instead
Arnaques,Arnaques au téléphone,NEW SCAM + 5 Common Phone Scams to Watch Out For,https://youtu.be/5zlnI3Bzslo,2861454,2017-01-31,10,ThioJoe,https://www.youtube.com/channel/UCQSpnDG3YsFNf5-qHocF-WQ,3140000,non,"Expliquer les techniques des appels (le silence de 3 secondes, « Can you hear me? ») et ce qu'il faut répondre.",Why Scammers Stay Silent When You Answer — What to Say Instead
Arnaques,Arnaques à domicile,3 Mechanic Scams Caught on Camera,https://youtu.be/kxiIv-L7iZA,2837715,2021-06-13,22,Scotty Kilmer,https://www.youtube.com/channel/UCuxpxCCevIlF-k-K5YU8XPA,6660000,non,"Le faux couvreur après l'orage, le faux employé du gaz, le garagiste malhonnête.",The Roofer Who Knocks After a Storm: 6 Home Repair Scams Targeting Seniors
Arnaques,Petit-enfant en détresse / clonage de voix IA,How China's Biggest Scammer Got Caught,https://youtu.be/a4EcjsnM6ro,2804668,2026-08-12,30,fern,https://www.youtube.com/channel/UCODHrzPMGbNv67e84WDZhQQ,5560000,non,"Raconter un vrai appel « Grandma, I'm in jail », puis donner la parade du mot de passe familial.","The 'Grandma, I'm in Trouble' Call: How AI Copies Your Grandson's Voice"
Arnaques,Arnaques à domicile,Mechanic Undercover - Women are Target for Car Repair Scams,https://youtu.be/lOqgJoN7RGc,2804045,2019-06-18,9,Kingdom Auto Repair,https://www.youtube.com/channel/UCb8zr8dR6SmkDas_dT1COWg,3720,non,"Le faux couvreur après l'orage, le faux employé du gaz, le garagiste malhonnête.",The Roofer Who Knocks After a Storm: 6 Home Repair Scams Targeting Seniors
Arnaques,Investissement et crypto,The Man Who Stole $65 Billion (Bernie Madoff),https://youtu.be/gDqGSmTPtOQ,2756231,2019-11-12,13,ColdFusion,https://www.youtube.com/channel/UC4QZ_LsYcvcq7qOsOhpAX4A,5250000,non,"Les retraités ciblés par de faux placements « sûrs » : Madoff, pig butchering, faux conseillers.",How Retirees Lost Their Life Savings to a 'Safe' Investment
Arnaques,Récits et documentaires d'arnaques,Con Man interview-Matthew Cox,https://youtu.be/EQ2gQZrsmas,2742537,2020-10-09,50,Soft White Underbelly,https://www.youtube.com/channel/UCCvcd0FYi58LwyTQP9LITpA,7110000,non,"Les grandes arnaques de l'histoire racontées en documentaire, avec la leçon pour aujourd'hui.",The Con Man Who Fooled America's Grandparents for 20 Years
Arnaques,Faux banquiers / usurpation,DEBIT CARD ALERT — Your Bank Can't Stop This NEW Scam That Steals EVERYTHING,https://youtu.be/SjaMwcIQXyU,2729164,2026-05-20,31,Rossen Reports,https://www.youtube.com/channel/UC7PYy5Tx1WhbnGKc3KJeRKw,711000,non,"Le faux « service fraude » de la banque, Zelle, la carte de débit : ce qu'une vraie banque ne demande jamais.",Your Bank Will Never Ask You This: The Fake Fraud Department Call
Vivre chez soi après 60,Vivre seul après 70 ans,Aging in the U.S. (full documentary) | FRONTLINE,https://youtu.be/QMDsUdhymbQ,2705291,2023-08-08,54,FRONTLINE PBS | Official,https://www.youtube.com/channel/UC3ScyryU9Oy9Wse3a8OAmYQ,4650000,oui,"Ce qui change quand on vit seul, comment rester en sécurité, entouré et autonome.",Living Alone After 75: 9 Things That Keep You Safe and Happy
Arnaques,Arnaques sentimentales,The Invisible Man | Uncovering a global online romance scam | A W5 Investigation,https://youtu.be/xzqXdXZB_N0,2692497,2019-11-03,44,Official W5,https://www.youtube.com/channel/UCPTDmZEOrQKHT-6AM7aTTTA,318000,non,"Les veufs et veuves sont les premières cibles. Le récit d'une victime réelle, puis les signaux d'alerte.","She Was 72, Widowed, and Lost $300,000 to a Man She Never Met"
Vivre chez soi après 60,Désencombrer et réduire,"10 REGRETS After Moving to THE VILLAGES, FL (AVOID These MISTAKES)",https://youtu.be/6KGEauDN5Jc,2683962,2023-04-13,19,Angela Masson - Fashion Over 50,https://www.youtube.com/channel/UCnR8bw5jZkQj3uoK3ms1Y9w,180000,non,"Le « Swedish death cleaning », vendre la maison, et que faire des affaires que personne ne veut.",Nobody Wants Your Stuff: What to Do With Your Things After 70
Arnaques,Investissement et crypto,Billion-dollar fraud and Ponzi schemes | 60 Minutes Full Episodes,https://youtu.be/GM06mYPSYpE,2663404,2023-10-07,56,60 Minutes,https://www.youtube.com/channel/UCsN32BtMd0IoByjJRNF12cw,4210000,non,"Les retraités ciblés par de faux placements « sûrs » : Madoff, pig butchering, faux conseillers.",How Retirees Lost Their Life Savings to a 'Safe' Investment
Arnaques,Récits et documentaires d'arnaques,The Fraud Who Fooled America | The Lies of George Santos,https://youtu.be/ucqXkbI7oJY,2662216,2023-12-01,49,j aubrey,https://www.youtube.com/channel/UCYvEb6iLPxLPZTe6NcUUUeA,1310000,non,"Les grandes arnaques de l'histoire racontées en documentaire, avec la leçon pour aujourd'hui.",The Con Man Who Fooled America's Grandparents for 20 Years
Arnaques,Arnaques sentimentales,The World's Most Complex Catfishing Scam | Investigators,https://youtu.be/3MgCUdAUhc8,2643197,2022-04-04,17,VICE News,https://www.youtube.com/channel/UCZaT_X_mc0BI-djXOlfhqWQ,9300000,non,"Les veufs et veuves sont les premières cibles. Le récit d'une victime réelle, puis les signaux d'alerte.","She Was 72, Widowed, and Lost $300,000 to a Man She Never Met"
Arnaques,Arnaques sentimentales,Exposing a Romance Scammer,https://youtu.be/ACijyfS3ya4,2605980,2025-12-01,24,Coffeezilla,https://www.youtube.com/channel/UCFQMnBA3CS502aghlcr0_aw,4730000,non,"Les veufs et veuves sont les premières cibles. Le récit d'une victime réelle, puis les signaux d'alerte.","She Was 72, Widowed, and Lost $300,000 to a Man She Never Met"
Arnaques,"Loterie, cadeaux et colis",Scams (Full Episode) | Trafficked with Mariana Van Zeller,https://youtu.be/ivWUZf2-M_U,2580261,2022-04-02,47,National Geographic,https://www.youtube.com/channel/UCpVm7bg6pXKo1Pr6k5kxG9A,26500000,non,"Les faux gains, Publishers Clearing House, les SMS de colis, les cartes cadeaux.",'You Won!' — Why a Real Lottery Never Asks You to Pay First
Arnaques,Récits et documentaires d'arnaques,Teenage Credit Card Scammers Stealing From the Rich | Crimewave,https://youtu.be/XnpbVRg1-qc,2463447,2022-11-17,6,VICE,https://www.youtube.com/channel/UCn8zNIfYAQNdrFRrr8oibKw,19200000,non,"Les grandes arnaques de l'histoire racontées en documentaire, avec la leçon pour aujourd'hui.",The Con Man Who Fooled America's Grandparents for 20 Years
Arnaques,Investissement et crypto,‘Pig butchering’ scammers target BBC reporter - BBC World Service,https://youtu.be/K7Gm40-Cv48,2421880,2024-08-08,7,BBC World Service,https://www.youtube.com/channel/UCQXHTFnQYFTqN0MqmNh9EIA,2220000,non,"Les retraités ciblés par de faux placements « sûrs » : Madoff, pig butchering, faux conseillers.",How Retirees Lost Their Life Savings to a 'Safe' Investment
Arnaques,Récits et documentaires d'arnaques,The Biggest Frauds Of All Time,https://youtu.be/MzrnLmc7Vsk,2419589,2025-11-22,27,Papa Meat,https://www.youtube.com/channel/UCYF1kiTFCcYPqGTqXKt3JJg,3620000,non,"Les grandes arnaques de l'histoire racontées en documentaire, avec la leçon pour aujourd'hui.",The Con Man Who Fooled America's Grandparents for 20 Years
Arnaques,Arnaques au téléphone,6 Hacks To Stop iPhone Spam Calls — Scammers Hate #4!,https://youtu.be/5e-pZ0f9Jh8,2415996,2022-05-19,8,Payette Forward,https://www.youtube.com/channel/UCiIhoHKPMHm0tpga58IBQNQ,1810000,non,"Expliquer les techniques des appels (le silence de 3 secondes, « Can you hear me? ») et ce qu'il faut répondre.",Why Scammers Stay Silent When You Answer — What to Say Instead
Arnaques,Investissement et crypto,The global economy is a pyramid scheme | End of the Road (full documentary),https://youtu.be/6F7h1VJGp8w,2350809,2024-12-28,55,wocomoDOCS,https://www.youtube.com/channel/UCeo9P_uFXJOi4v0XvHczGRQ,394000,non,"Les retraités ciblés par de faux placements « sûrs » : Madoff, pig butchering, faux conseillers.",How Retirees Lost Their Life Savings to a 'Safe' Investment
Arnaques,Faux banquiers / usurpation,Liam Neeson In STOLEN IDENTITY - Hollywood English Movie | Free Action Thriller Movie In English HD,https://youtu.be/vzAdduWpqCg,2335318,2024-10-23,103,Hollywood English Collection,https://www.youtube.com/channel/UC02hHB8lYb5zyRjxqahtVjg,1780000,non,"Le faux « service fraude » de la banque, Zelle, la carte de débit : ce qu'une vraie banque ne demande jamais.",Your Bank Will Never Ask You This: The Fake Fraud Department Call
Vivre chez soi après 60,Où prendre sa retraite (USA),10 Best Countries to Retire on a Small Pension or Social Security,https://youtu.be/PQbC2h70qMM,2300468,2024-11-18,21,Better Travelled,https://www.youtube.com/channel/UCvml-3dsN4vSiC5DK7MYgFg,79400,oui,"Classements de villes et d'États selon le coût de la vie, les impôts et la sécurité.",10 Towns Where You Can Retire on Social Security Alone
Arnaques,Arnaques à domicile,Hidden cameras catch HVAC scam in action (Marketplace),https://youtu.be/4NPPRoqd7No,2288813,2022-01-15,22,CBC News,https://www.youtube.com/channel/UCuFFtHWoLl5fauMMD5Ww2jA,4770000,non,"Le faux couvreur après l'orage, le faux employé du gaz, le garagiste malhonnête.",The Roofer Who Knocks After a Storm: 6 Home Repair Scams Targeting Seniors
Vivre chez soi après 60,Argent de la retraite,What Happens To Social Security When You Retire at 55,https://youtu.be/l36eemW7LOI,2281714,2024-10-04,11,Erin Talks Money | Erin Moriarity,https://www.youtube.com/channel/UCpXipTyhIY9kprpvVd-lu0A,440000,oui,"Vivre avec la seule Social Security, quand la demander, les erreurs à éviter.",Retiring With Almost Nothing Saved: 7 Things That Still Work
Arnaques,Faux banquiers / usurpation,FBI's Most Wanted Con Artist | Matthew Cox | KONCRETE Podcast #40,https://youtu.be/DcpIsapqbAc,2271599,2019-10-16,133,Danny Jones,https://www.youtube.com/channel/UCbtV5L8TVB0zQ9khThGApLw,1310000,non,"Le faux « service fraude » de la banque, Zelle, la carte de débit : ce qu'une vraie banque ne demande jamais.",Your Bank Will Never Ask You This: The Fake Fraud Department Call
Arnaques,Récits et documentaires d'arnaques,Real life Catch Me If You Can con artist reveals tricks | 60 Minutes Australia,https://youtu.be/3UmcxQto7UU,2263290,2019-10-14,4,60 Minutes Australia,https://www.youtube.com/channel/UC0L1suV8pVgO4pCAIBNGx5w,6740000,non,"Les grandes arnaques de l'histoire racontées en documentaire, avec la leçon pour aujourd'hui.",The Con Man Who Fooled America's Grandparents for 20 Years
Vivre chez soi après 60,Prendre sa retraite à l'étranger,5 countries Americans can Move in 24 Hours and No Income Required!,https://youtu.be/NXsLuaH8Pds,2260732,2026-05-07,17,Adventure Freaksss ,https://www.youtube.com/channel/UC0dRjLpXi4C8oti0Y9riUmg,212000,non,"Le vrai budget mensuel, les visas, la santé et les pièges dans chaque pays.",Retiring in Mexico on Social Security: The Real Monthly Cost
Vivre chez soi après 60,Communautés 55+,Why People Are Leaving The Villages FL | What’s Really Happening in the Community,https://youtu.be/0n28xfou_8U,2253478,2025-02-20,11,Florida Living with Tammy,https://www.youtube.com/channel/UC-DHRLfNCttB4xZhRQ3ilPw,9530,non,"Visites, avantages et défauts, et ce que les vendeurs ne disent pas.",Why People Are Leaving 55+ Communities (What Sales Agents Won't Say)
Arnaques,"Loterie, cadeaux et colis",Couple's $1 Million Lottery Scam Uncovered,https://youtu.be/Nnqig0Rvpo8,2227738,2025-01-18,19,NYDETECTIVE,https://www.youtube.com/channel/UCMapMoRko-TMBjXBW9yBusw,219000,non,"Les faux gains, Publishers Clearing House, les SMS de colis, les cartes cadeaux.",'You Won!' — Why a Real Lottery Never Asks You to Pay First
Arnaques,Arnaques à domicile,20/20 Undercover Investigation on Repair Shop Fraud and Dishonesty,https://youtu.be/7ytmN7T_HEI,2227139,2014-09-16,8,NJEMG,https://www.youtube.com/channel/UCwZ_ixWrPLXy9NoRVe2o6fA,2270,non,"Le faux couvreur après l'orage, le faux employé du gaz, le garagiste malhonnête.",The Roofer Who Knocks After a Storm: 6 Home Repair Scams Targeting Seniors
Arnaques,Arnaques sentimentales,She Thinks She’s Marrying Matt Rife… But It’s All Fake,https://youtu.be/PU3x29_Cxls,2221583,2025-05-28,59,Catfished,https://www.youtube.com/channel/UCns8cwhpu92cYJHAlEfWz_w,664000,non,"Les veufs et veuves sont les premières cibles. Le récit d'une victime réelle, puis les signaux d'alerte.","She Was 72, Widowed, and Lost $300,000 to a Man She Never Met"
Arnaques,Arnaques à domicile,3 Scams Contractors use to Con Customers &  How to protect yourself,https://youtu.be/h6pcE_ZUnFE,2181624,2018-05-18,21,"Stanley ""Dirt Monkey"" Genadek",https://www.youtube.com/channel/UCtNIoi7VuApbYOPx-NjcVAA,1120000,non,"Le faux couvreur après l'orage, le faux employé du gaz, le garagiste malhonnête.",The Roofer Who Knocks After a Storm: 6 Home Repair Scams Targeting Seniors
Arnaques,Investissement et crypto,The Largest Ponzi Schemes in History,https://youtu.be/5S-ZjGvOZ1A,2158549,2021-12-03,27,ColdFusion,https://www.youtube.com/channel/UC4QZ_LsYcvcq7qOsOhpAX4A,5250000,non,"Les retraités ciblés par de faux placements « sûrs » : Madoff, pig butchering, faux conseillers.",How Retirees Lost Their Life Savings to a 'Safe' Investment
Vivre chez soi après 60,Désencombrer et réduire,I Tried Swedish Death Cleaning My Entire House *it took 6 months*,https://youtu.be/E3thpw7RMX8,2156903,2023-04-21,14,Mia Maples,https://www.youtube.com/channel/UCzzOKT1SkE7qdycJvPCR3Gg,4770000,non,"Le « Swedish death cleaning », vendre la maison, et que faire des affaires que personne ne veut.",Nobody Wants Your Stuff: What to Do With Your Things After 70
Arnaques,Investissement et crypto,Charles Ponzi The Documentary,https://youtu.be/w4waqVKanxA,2155658,2020-11-09,72,Patrick Boyle,https://www.youtube.com/channel/UCASM0cgfkJxQ1ICmRilfHLw,1350000,non,"Les retraités ciblés par de faux placements « sûrs » : Madoff, pig butchering, faux conseillers.",How Retirees Lost Their Life Savings to a 'Safe' Investment
Arnaques,Arnaques sentimentales,Woman Leaves Husband For Elon Musk Romance Scam!,https://youtu.be/dahfNc1ibQc,2131939,2025-11-13,67,Catfished,https://www.youtube.com/channel/UCns8cwhpu92cYJHAlEfWz_w,664000,non,"Les veufs et veuves sont les premières cibles. Le récit d'une victime réelle, puis les signaux d'alerte.","She Was 72, Widowed, and Lost $300,000 to a Man She Never Met"
Arnaques,Récits et documentaires d'arnaques,She finally admitted she's a fraud,https://youtu.be/IGhFgAei-FI,2068428,2026-09-09,25,Sydney Watson,https://www.youtube.com/channel/UCSFy-1JrpZf0tFlRZfo-Rvw,1170000,non,"Les grandes arnaques de l'histoire racontées en documentaire, avec la leçon pour aujourd'hui.",The Con Man Who Fooled America's Grandparents for 20 Years
Vivre chez soi après 60,Désencombrer et réduire,"I tried ""Swedish death cleaning"" and it worked 😱 (my organizing secret!)",https://youtu.be/f5Ds4zELIz4,2061611,2021-01-12,8,Do It On A Dime,https://www.youtube.com/channel/UCJA8OyDxRY-wm0ya2gtHOsw,2470000,non,"Le « Swedish death cleaning », vendre la maison, et que faire des affaires que personne ne veut.",Nobody Wants Your Stuff: What to Do With Your Things After 70
Arnaques,Faux banquiers / usurpation,Every Credit Card Scam Call From Jamtara | Netflix India,https://youtu.be/EVotlHGOhW0,2030722,2020-01-31,4,Netflix India,https://www.youtube.com/channel/UCZSNzBgFub_WWil6TOTYwAg,29500000,non,"Le faux « service fraude » de la banque, Zelle, la carte de débit : ce qu'une vraie banque ne demande jamais.",Your Bank Will Never Ask You This: The Fake Fraud Department Call
Vivre chez soi après 60,Où prendre sa retraite (USA),5 Countries Practically Begging Americans to Retire There!,https://youtu.be/QmpXhvInYX4,2023218,2026-04-16,17,Adventure Freaksss ,https://www.youtube.com/channel/UC0dRjLpXi4C8oti0Y9riUmg,212000,oui,"Classements de villes et d'États selon le coût de la vie, les impôts et la sécurité.",10 Towns Where You Can Retire on Social Security Alone
Arnaques,Récits et documentaires d'arnaques,Meet the Man Who Pulled Off the Biggest Scam in History,https://youtu.be/PxByoc9zHu8,2005341,2021-02-16,21,Thoughty2,https://www.youtube.com/channel/UCRlICXvO4XR4HMeEB9JjDlA,5710000,non,"Les grandes arnaques de l'histoire racontées en documentaire, avec la leçon pour aujourd'hui.",The Con Man Who Fooled America's Grandparents for 20 Years
Arnaques,Investissement et crypto,The Biggest Scams In Human History,https://youtu.be/SSzWUzWD-o0,2005169,2025-04-11,25,Trust Me Bro,https://www.youtube.com/channel/UC4GYgpgZzfMhYr9y6rs5O6Q,1400000,non,"Les retraités ciblés par de faux placements « sûrs » : Madoff, pig butchering, faux conseillers.",How Retirees Lost Their Life Savings to a 'Safe' Investment
Arnaques,Arnaques au téléphone,I Tested Scams to Make Money,https://youtu.be/zvEMCkRSZzg,2000132,2025-12-20,23,Jack Pembrook,https://www.youtube.com/channel/UCm3T3KS21z4d77tt081bVRQ,2360000,non,"Expliquer les techniques des appels (le silence de 3 secondes, « Can you hear me? ») et ce qu'il faut répondre.",Why Scammers Stay Silent When You Answer — What to Say Instead
Arnaques,Investissement et crypto,The Pyramid Scheme that Collapsed a Nation,https://youtu.be/lMUtU0tOmNE,1956867,2018-10-13,13,Rare Earth,https://www.youtube.com/channel/UCtGG8ucQgEJPeUPhJZ4M4jA,1090000,non,"Les retraités ciblés par de faux placements « sûrs » : Madoff, pig butchering, faux conseillers.",How Retirees Lost Their Life Savings to a 'Safe' Investment
Arnaques,Récits et documentaires d'arnaques,Investigating The Biggest Scam in Pokémon,https://youtu.be/nGTaJCHz_gI,1925265,2026-07-20,21,Patrick Cc:,https://www.youtube.com/channel/UC-mP1nlk0qOutA08zuQHORA,2570000,non,"Les grandes arnaques de l'histoire racontées en documentaire, avec la leçon pour aujourd'hui.",The Con Man Who Fooled America's Grandparents for 20 Years
Arnaques,Arnaques au téléphone,I Tested Scam Temu Products,https://youtu.be/FsRRzOcAfwA,1919739,2025-03-07,24,Sambucha,https://www.youtube.com/channel/UCWBWgCD4oAqT3hUeq40SCUw,12200000,non,"Expliquer les techniques des appels (le silence de 3 secondes, « Can you hear me? ») et ce qu'il faut répondre.",Why Scammers Stay Silent When You Answer — What to Say Instead
Arnaques,Arnaques sentimentales,Inside a romance scam: how to make a catfisher sing,https://youtu.be/elqZ0Uz9bf8,1907740,2023-02-14,19,Ampyx News,https://www.youtube.com/channel/UCVgvPIhl1JRSwMmf1tIjGgA,8820,non,"Les veufs et veuves sont les premières cibles. Le récit d'une victime réelle, puis les signaux d'alerte.","She Was 72, Widowed, and Lost $300,000 to a Man She Never Met"
Arnaques,Récits et documentaires d'arnaques,EXPLAINING 20 SCAMS IN 20 MINUTES (pt 1),https://youtu.be/cRUpM9MS3-k,1889368,2023-07-17,10,R Jack's The Art Of Wealth,https://www.youtube.com/channel/UC5Y7bl2gfByV6J5in5MTZGA,197000,non,"Les grandes arnaques de l'histoire racontées en documentaire, avec la leçon pour aujourd'hui.",The Con Man Who Fooled America's Grandparents for 20 Years
Arnaques,Récits et documentaires d'arnaques,How We Tracked a ‘Fake Prince’ Scammer to his Nigerian Mansion,https://youtu.be/ysuaxtzVnic,1876490,2026-02-02,12,Organized Crime and Corruption Reporting Project,https://www.youtube.com/channel/UCAdFen-6WQOxmDHK3saMD8A,180000,non,"Les grandes arnaques de l'histoire racontées en documentaire, avec la leçon pour aujourd'hui.",The Con Man Who Fooled America's Grandparents for 20 Years
Arnaques,Récits et documentaires d'arnaques,The Biggest Scam In YouTube History,https://youtu.be/-Qe70h7QsdM,1813532,2025-01-02,37,Joe Bartolozzi,https://www.youtube.com/channel/UCGRryxFxjXbVAtBPE9EbyMg,6020000,non,"Les grandes arnaques de l'histoire racontées en documentaire, avec la leçon pour aujourd'hui.",The Con Man Who Fooled America's Grandparents for 20 Years
Arnaques,Faux banquiers / usurpation,"Chase bank blames woman for not protecting her account after scammers stole $160,000",https://youtu.be/jt6UDAYrf9I,1808467,2023-05-26,6,CBS Mornings,https://www.youtube.com/channel/UC-SJ6nODDmufqBzPBwCvYvQ,3320000,non,"Le faux « service fraude » de la banque, Zelle, la carte de débit : ce qu'une vraie banque ne demande jamais.",Your Bank Will Never Ask You This: The Fake Fraud Department Call
Vivre chez soi après 60,Communautés 55+,Inside the World's Largest Retirement Community (The Villages),https://youtu.be/vwCGgWZFAyk,1783645,2025-04-05,31,Kara and Nate,https://www.youtube.com/channel/UC4ijq8Cg-8zQKx8OH12dUSw,4540000,oui,"Visites, avantages et défauts, et ce que les vendeurs ne disent pas.",Why People Are Leaving 55+ Communities (What Sales Agents Won't Say)
Arnaques,Arnaques sentimentales,The narcissist's playbook: How Stephanie Wood was conned by a romantic fake | Australian Story,https://youtu.be/Kn7GImMD1Eg,1776880,2022-03-14,31,ABC News In-depth,https://www.youtube.com/channel/UCxcrzzhQDj5zKJbXfIscCtg,2450000,non,"Les veufs et veuves sont les premières cibles. Le récit d'une victime réelle, puis les signaux d'alerte.","She Was 72, Widowed, and Lost $300,000 to a Man She Never Met"
Vivre chez soi après 60,Désencombrer et réduire,11 Japanese Decluttering Lessons EVERYONE Learns Too Late,https://youtu.be/W49G8vPCQQQ,1763070,2026-09-25,21,The Japanese Method,https://www.youtube.com/channel/UCG1FhX9QEcUEqNQEnP1EaiQ,138000,non,"Le « Swedish death cleaning », vendre la maison, et que faire des affaires que personne ne veut.",Nobody Wants Your Stuff: What to Do With Your Things After 70
Arnaques,Arnaques sentimentales,Man uses his charm to scam two elderly women | What Would You Do? | WWYD,https://youtu.be/HNMV-2qJHW4,1759293,2018-09-27,7,What Would You Do?,https://www.youtube.com/channel/UCwdo8-3UrfZ9scHPl0m4Ysg,6240000,oui,"Les veufs et veuves sont les premières cibles. Le récit d'une victime réelle, puis les signaux d'alerte.","She Was 72, Widowed, and Lost $300,000 to a Man She Never Met"
Arnaques,Arnaques sentimentales,We Found The Woman Behind His Romance Scam,https://youtu.be/MAI1v8fvEHk,1742772,2025-02-05,57,Catfished,https://www.youtube.com/channel/UCns8cwhpu92cYJHAlEfWz_w,664000,non,"Les veufs et veuves sont les premières cibles. Le récit d'une victime réelle, puis les signaux d'alerte.","She Was 72, Widowed, and Lost $300,000 to a Man She Never Met"
Arnaques,Investissement et crypto,Bernie Madoff and the largest known Ponzi scheme in history | 60 Minutes Full Episodes,https://youtu.be/luS_BL2TbOA,1736348,2024-08-31,57,60 Minutes,https://www.youtube.com/channel/UCsN32BtMd0IoByjJRNF12cw,4210000,non,"Les retraités ciblés par de faux placements « sûrs » : Madoff, pig butchering, faux conseillers.",How Retirees Lost Their Life Savings to a 'Safe' Investment
Arnaques,Récits et documentaires d'arnaques,The Enlightenment Fraud of Zen Master Rama,https://youtu.be/urMxgevzd4c,1710707,2023-06-12,76,Atrocity Guide,https://www.youtube.com/channel/UCn8OYopT9e8tng-CGEWzfmw,519000,non,"Les grandes arnaques de l'histoire racontées en documentaire, avec la leçon pour aujourd'hui.",The Con Man Who Fooled America's Grandparents for 20 Years
Arnaques,Récits et documentaires d'arnaques,Scam City: London - The Dark Side of England's Capital | Free Documentary,https://youtu.be/IL7fBZrIJac,1682254,2023-07-14,46,Free Documentary,https://www.youtube.com/channel/UCijcd0GR0fkxCAZwkiuWqtQ,5840000,non,"Les grandes arnaques de l'histoire racontées en documentaire, avec la leçon pour aujourd'hui.",The Con Man Who Fooled America's Grandparents for 20 Years
Arnaques,Faux banquiers / usurpation,Did Fake Attorney Scam Woman Out of Money?,https://youtu.be/N3I-MNnHqE0,1671425,2022-05-30,4,Judge Judy,https://www.youtube.com/channel/UCzMPPxbQG6iZttQhq3ukXSg,1280000,non,"Le faux « service fraude » de la banque, Zelle, la carte de débit : ce qu'une vraie banque ne demande jamais.",Your Bank Will Never Ask You This: The Fake Fraud Department Call
Arnaques,Investissement et crypto,The $400 Million Ponzi Scheme That Suckered San Diego,https://youtu.be/qe8m3bFs9fg,1666944,2022-04-11,18,Bloomberg Originals,https://www.youtube.com/channel/UCUMZ7gohGI9HcU9VNsr2FJQ,5170000,non,"Les retraités ciblés par de faux placements « sûrs » : Madoff, pig butchering, faux conseillers.",How Retirees Lost Their Life Savings to a 'Safe' Investment
Arnaques,Arnaques sentimentales,"She Lost $1,000,000 to a Romance Scam… Then We Found Him",https://youtu.be/xa2kbi0gSuI,1661484,2023-09-06,38,Catfished,https://www.youtube.com/channel/UCns8cwhpu92cYJHAlEfWz_w,664000,non,"Les veufs et veuves sont les premières cibles. Le récit d'une victime réelle, puis les signaux d'alerte.","She Was 72, Widowed, and Lost $300,000 to a Man She Never Met"
Arnaques,Investissement et crypto,The Perfect Billion Dollar Scam Except He Got Too Greedy,https://youtu.be/QUnAgq0eiKQ,1657387,2021-04-25,12,Pablito's Way,https://www.youtube.com/channel/UCk2zuJeRutyMZSdoh0sltLA,609000,non,"Les retraités ciblés par de faux placements « sûrs » : Madoff, pig butchering, faux conseillers.",How Retirees Lost Their Life Savings to a 'Safe' Investment
Vivre chez soi après 60,Prendre sa retraite à l'étranger,American Retires in Da Nang on Only Social Security,https://youtu.be/TtpHHqulioI,1626873,2026-04-04,24,Vagabond Awake,https://www.youtube.com/channel/UCi69g_TePyU9Hy69xmMkwuQ,220000,oui,"Le vrai budget mensuel, les visas, la santé et les pièges dans chaque pays.",Retiring in Mexico on Social Security: The Real Monthly Cost
Arnaques,Faux banquiers / usurpation,Stolen Car and Identity Theft Bust at Atlanta Hotel,https://youtu.be/I4fUIuytfhw,1622434,2023-05-10,33,CrimeCamNow,https://www.youtube.com/channel/UCH7C3dU5ydIDCKbjHbNGcRw,456000,non,"Le faux « service fraude » de la banque, Zelle, la carte de débit : ce qu'une vraie banque ne demande jamais.",Your Bank Will Never Ask You This: The Fake Fraud Department Call
Arnaques,Arnaques au téléphone,Card Services Scam Call EXPOSED: Don't Fall for Their Tricks!,https://youtu.be/nFT2XNZobUw,1620423,2017-01-13,5,The Basic Pilot,https://www.youtube.com/channel/UC6L1BFNKuQb6jqf8jb0rlEQ,8830,non,"Expliquer les techniques des appels (le silence de 3 secondes, « Can you hear me? ») et ce qu'il faut répondre.",Why Scammers Stay Silent When You Answer — What to Say Instead
Arnaques,"Social Security, Medicare, IRS",The $1 Trillion Private Health Insurance Scam,https://youtu.be/cQR67WRcVUg,1619385,2024-12-05,12,More Perfect Union,https://www.youtube.com/channel/UCehBVAPy-bxmnbNARF-_tvA,4040000,non,Les scripts des faux agents de l'État et ce que l'administration ne fait jamais.,"5 Things Social Security Will Never Do (If They Do, Hang Up)"
Arnaques,Investissement et crypto,Exposing fraudsters stealing people's life savings | Marketplace | Full episode,https://youtu.be/cHzVXm5EKCM,1613688,2025-10-10,21,CBC News,https://www.youtube.com/channel/UCuFFtHWoLl5fauMMD5Ww2jA,4770000,non,"Les retraités ciblés par de faux placements « sûrs » : Madoff, pig butchering, faux conseillers.",How Retirees Lost Their Life Savings to a 'Safe' Investment
Arnaques,Récits et documentaires d'arnaques,The Man Who Sold A FAKE Airport For $242 Million,https://youtu.be/5Y6u19F6-rU,1590608,2023-09-25,17,BizFlix,https://www.youtube.com/channel/UCfP4BD8TaMH7BxP7uN4Casw,31900,non,"Les grandes arnaques de l'histoire racontées en documentaire, avec la leçon pour aujourd'hui.",The Con Man Who Fooled America's Grandparents for 20 Years
Arnaques,Récits et documentaires d'arnaques,The Biggest Art Scam in History,https://youtu.be/T4b57E7oHYc,1588347,2025-09-16,21,neo,https://www.youtube.com/channel/UCtYKe7-XbaDjpUwcU5x0bLg,3050000,non,"Les grandes arnaques de l'histoire racontées en documentaire, avec la leçon pour aujourd'hui.",The Con Man Who Fooled America's Grandparents for 20 Years
Vivre chez soi après 60,Désencombrer et réduire,She downsized to a beautiful Tiny Home for her senior years,https://youtu.be/-pMluftAw_o,1587595,2026-09-04,20,Tiny House Giant Journey,https://www.youtube.com/channel/UCE7GmAYeBVgqDItdX2ihuHQ,1990000,oui,"Le « Swedish death cleaning », vendre la maison, et que faire des affaires que personne ne veut.",Nobody Wants Your Stuff: What to Do With Your Things After 70
Vivre chez soi après 60,Désencombrer et réduire,THROWING EVERYTHING I OWN OUT / How I Decluttered my ENTIRE home / Whole House Declutter,https://youtu.be/UsA1cwRTdlM,1585612,2025-02-16,36,Catherine Elaine,https://www.youtube.com/channel/UCXB4UyUjSe-TPiM8IW_i1xg,154000,non,"Le « Swedish death cleaning », vendre la maison, et que faire des affaires que personne ne veut.",Nobody Wants Your Stuff: What to Do With Your Things After 70
Vivre chez soi après 60,"Maison de retraite, résidence, aide",SHOCKING Look Inside Senior Living for the Poor Cheap Motel Apartment Tour,https://youtu.be/EogF9RRRYvg,1575965,2023-01-06,14,Big Super Living In Arizona,https://www.youtube.com/channel/UCtqnZVO7vaOYefWCL07jY5g,205000,oui,"Comparer les options et les vrais coûts : rester chez soi, résidence, aide à domicile.",Assisted Living vs Staying Home: The Real Cost
Arnaques,Récits et documentaires d'arnaques,Busting a billion dollar British scammer cartel | Part 1 of 2 | 7NEWS Spotlight Documentary,https://youtu.be/R63F_dFTn34,1574838,2023-05-17,41,7 News Spotlight,https://www.youtube.com/channel/UCSgeCjcPYYZXR62Cykv43sA,1210000,non,"Les grandes arnaques de l'histoire racontées en documentaire, avec la leçon pour aujourd'hui.",The Con Man Who Fooled America's Grandparents for 20 Years
Arnaques,Récits et documentaires d'arnaques,The Craziest Scams In Every Time Period,https://youtu.be/YYCknbgNRH0,1570470,2025-05-09,33,Trust Me Bro,https://www.youtube.com/channel/UC4GYgpgZzfMhYr9y6rs5O6Q,1400000,non,"Les grandes arnaques de l'histoire racontées en documentaire, avec la leçon pour aujourd'hui.",The Con Man Who Fooled America's Grandparents for 20 Years
Arnaques,Arnaques au téléphone,The Sneaky Paypal Scam That's Draining Bank Accounts,https://youtu.be/cDVbOw_tgvI,1555255,2025-03-17,35,Boyd Clewis,https://www.youtube.com/channel/UCmTS2gGo4gjZLt8LxVnF3XA,337000,non,"Expliquer les techniques des appels (le silence de 3 secondes, « Can you hear me? ») et ce qu'il faut répondre.",Why Scammers Stay Silent When You Answer — What to Say Instead
Arnaques,"Loterie, cadeaux et colis",Lottery fraud : Lucky 7 - the fifth estate,https://youtu.be/T7jYmtqOsl0,1550585,2016-09-14,40,the fifth estate,https://www.youtube.com/channel/UCa-bX3gZC3YnCThlGM5d38Q,1000000,non,"Les faux gains, Publishers Clearing House, les SMS de colis, les cartes cadeaux.",'You Won!' — Why a Real Lottery Never Asks You to Pay First
Arnaques,Arnaques au téléphone,Stop Answering the Phone Like This (The 3-Second Scam),https://youtu.be/u_IGxDgc_Zc,1550211,2026-01-31,6,Safe Senior,https://www.youtube.com/channel/UCOTKc5XZ4d_p-GB7Oq-wCSQ,18200,non,"Expliquer les techniques des appels (le silence de 3 secondes, « Can you hear me? ») et ce qu'il faut répondre.",Why Scammers Stay Silent When You Answer — What to Say Instead
Vivre chez soi après 60,Où prendre sa retraite (USA),Top 10 Towns You Can Retire on $1658 a month in the Southern US,https://youtu.be/mnDKMT8s0i4,1544817,2022-02-19,18,World According To Briggs,https://www.youtube.com/channel/UCecPJBL6E1PVky1-gj6KH5g,1370000,oui,"Classements de villes et d'États selon le coût de la vie, les impôts et la sécurité.",10 Towns Where You Can Retire on Social Security Alone
Vivre chez soi après 60,Désencombrer et réduire,i MASTERED decluttering once I learned this!,https://youtu.be/2kYzcZ6J8eQ,1544662,2024-02-18,11,KristiDoingThings,https://www.youtube.com/channel/UCxCQZWhC14bY2_2sBjCdczw,197000,non,"Le « Swedish death cleaning », vendre la maison, et que faire des affaires que personne ne veut.",Nobody Wants Your Stuff: What to Do With Your Things After 70
Vivre chez soi après 60,Sécurité de la maison,Three Self Defense Tips for the Elderly/Aging,https://youtu.be/B311ESJq4xE,1536618,2024-01-03,6,411 Outdoors LLC,https://www.youtube.com/channel/UC0wqrAsB2mIN2zmBuytlChw,215000,oui,"Très peu de vidéos sur ce sujet, donc de la place. Cambriolages, portes, voisins, appareils simples.",What Burglars Look for in the Homes of People Over 70
Vivre chez soi après 60,Où prendre sa retraite (USA),10 Countries Practically Begging Americans to Retire There,https://youtu.be/IpIHB_KLRb0,1533361,2025-06-02,16,World According To Briggs,https://www.youtube.com/channel/UCecPJBL6E1PVky1-gj6KH5g,1370000,oui,"Classements de villes et d'États selon le coût de la vie, les impôts et la sécurité.",10 Towns Where You Can Retire on Social Security Alone
Arnaques,Faux banquiers / usurpation,Stolen Identity | FULL EPISODE | The FBI Files,https://youtu.be/MtLohVzqZE8,1533195,2021-12-18,49,The FBI Files,https://www.youtube.com/channel/UCwxod2w5NT4qMWfMgZivCYQ,1080000,non,"Le faux « service fraude » de la banque, Zelle, la carte de débit : ce qu'une vraie banque ne demande jamais.",Your Bank Will Never Ask You This: The Fake Fraud Department Call
Arnaques,Investissement et crypto,Crypto Scams (Full Episode) | Trafficked with Mariana Van Zeller | Nat Geo,https://youtu.be/7hq_w_L2vn4,1527400,2025-03-02,44,National Geographic,https://www.youtube.com/channel/UCpVm7bg6pXKo1Pr6k5kxG9A,26500000,non,"Les retraités ciblés par de faux placements « sûrs » : Madoff, pig butchering, faux conseillers.",How Retirees Lost Their Life Savings to a 'Safe' Investment
Arnaques,Arnaques sentimentales,When Women Seeking Love Get Tricked By Horrid Vacation Scammers,https://youtu.be/gHaCqG4QeYk,1525700,2025-03-30,44,Absolute Documentaries,https://www.youtube.com/channel/UCLUZ6ShyBV3vnUAVMlUs4_g,570000,non,"Les veufs et veuves sont les premières cibles. Le récit d'une victime réelle, puis les signaux d'alerte.","She Was 72, Widowed, and Lost $300,000 to a Man She Never Met"
Arnaques,Faux support technique / piratage,I Bought SCAM Temu Products,https://youtu.be/RhFmNY43W0c,1520682,2026-04-26,58,John Malecki Unscrewed,https://www.youtube.com/channel/UCtR-g66KS3o37mbbSTrNm2Q,1150000,non,"La fenêtre qui bloque l'écran, expliquée pas à pas, avec quoi faire et quoi ne jamais faire.","A Pop-Up Says Your Computer Is Locked — Do This, Not That"
Arnaques,Arnaques au téléphone,Romance Scams (Full Episode) | Trafficked with Mariana van Zeller,https://youtu.be/5XfCVk2gZCY,1517521,2024-02-10,44,National Geographic,https://www.youtube.com/channel/UCpVm7bg6pXKo1Pr6k5kxG9A,26500000,non,"Expliquer les techniques des appels (le silence de 3 secondes, « Can you hear me? ») et ce qu'il faut répondre.",Why Scammers Stay Silent When You Answer — What to Say Instead
Arnaques,Récits et documentaires d'arnaques,The Biggest Retail Fraud In American History - Masterminds - Crazy Eddie - Eddie Antar Documentary,https://youtu.be/Ws9PGROHZzg,1511005,2018-11-20,23,TOP BOX TV,https://www.youtube.com/channel/UCuLhRj43ZJzQV-5_im_BwQA,486000,non,"Les grandes arnaques de l'histoire racontées en documentaire, avec la leçon pour aujourd'hui.",The Con Man Who Fooled America's Grandparents for 20 Years
Vivre chez soi après 60,Désencombrer et réduire,"The Truth About Downsizing and Decluttering: What No One Tells You, but You Need to Know",https://youtu.be/5F5NQPzR6HA,1501777,2024-12-13,12,Rita Wilkins,https://www.youtube.com/channel/UCqUCj6qGiqnvSeBZCdfHUmQ,52300,non,"Le « Swedish death cleaning », vendre la maison, et que faire des affaires que personne ne veut.",Nobody Wants Your Stuff: What to Do With Your Things After 70
Vivre chez soi après 60,Où prendre sa retraite (USA),10 Great Rural Small Towns in the USA to Retire or Buy a Home.,https://youtu.be/qfPBuecrxD4,1492819,2022-04-04,17,World According To Briggs,https://www.youtube.com/channel/UCecPJBL6E1PVky1-gj6KH5g,1370000,oui,"Classements de villes et d'États selon le coût de la vie, les impôts et la sécurité.",10 Towns Where You Can Retire on Social Security Alone
Arnaques,Arnaques au téléphone,This new phone scam almost got me - BEWARE!,https://youtu.be/Lv9nrzSUIog,1492236,2021-04-10,5,Liron Segev,https://www.youtube.com/channel/UCjoNsHD6hXxCNiisSZjdlLA,1180000,non,"Expliquer les techniques des appels (le silence de 3 secondes, « Can you hear me? ») et ce qu'il faut répondre.",Why Scammers Stay Silent When You Answer — What to Say Instead
Arnaques,Récits et documentaires d'arnaques,Inside the Underworld of Scamming w/ Punchmade Dev,https://youtu.be/ZGOlEsX1PuI,1485934,2025-10-25,28,Brandon Buckingham,https://www.youtube.com/channel/UCketCWflVRWm3AEzbno9-_w,1370000,non,"Les grandes arnaques de l'histoire racontées en documentaire, avec la leçon pour aujourd'hui.",The Con Man Who Fooled America's Grandparents for 20 Years
Arnaques,Récits et documentaires d'arnaques,Inside a Teen’s Credit Card Fraud Empire,https://youtu.be/4cj--G4Nc4E,1464075,2023-08-06,10,Financial Wolf,https://www.youtube.com/channel/UCPEiQkAjr8CckN9RZ8TnseA,307000,non,"Les grandes arnaques de l'histoire racontées en documentaire, avec la leçon pour aujourd'hui.",The Con Man Who Fooled America's Grandparents for 20 Years
Arnaques,Récits et documentaires d'arnaques,The world’s greatest con man finally got caught // The Frank Abagnale story,https://youtu.be/TbM2lgpl18Y,1462508,2024-04-21,5,Ray William Johnson,https://www.youtube.com/channel/UCGt7X90Au6BV8rf49BiM6Dg,18600000,non,"Les grandes arnaques de l'histoire racontées en documentaire, avec la leçon pour aujourd'hui.",The Con Man Who Fooled America's Grandparents for 20 Years
Vivre chez soi après 60,Désencombrer et réduire,"5 Harsh Truths about Decluttering — What NO ONE talks about, but you need to know!",https://youtu.be/eDkQitMTYP4,1455136,2025-01-19,11,A to Zen Life,https://www.youtube.com/channel/UC2-pmwZJtKvIGng1prZOANg,431000,non,"Le « Swedish death cleaning », vendre la maison, et que faire des affaires que personne ne veut.",Nobody Wants Your Stuff: What to Do With Your Things After 70
Arnaques,Investissement et crypto,Melissa Lewis and the Deadly Ponzi Scheme,https://youtu.be/6UhwjRi7PaM,1440304,2021-10-26,24,That Chapter,https://www.youtube.com/channel/UCL44k-cLrlsdr7PYuMU4yIw,2290000,non,"Les retraités ciblés par de faux placements « sûrs » : Madoff, pig butchering, faux conseillers.",How Retirees Lost Their Life Savings to a 'Safe' Investment
Arnaques,Arnaques sentimentales,'This can’t be true': Michael devastated after romance scam | A Current Affair,https://youtu.be/ncDp5sLzI68,1432031,2026-08-26,7,A Current Affair,https://www.youtube.com/channel/UCX15yQQOgUllNFd8wNRV1KQ,836000,non,"Les veufs et veuves sont les premières cibles. Le récit d'une victime réelle, puis les signaux d'alerte.","She Was 72, Widowed, and Lost $300,000 to a Man She Never Met"
Vivre chez soi après 60,Argent de la retraite,When Is The Best Time To Start Collecting Social Security? - Dave Ramsey Rant,https://youtu.be/b78vxgEg-_A,1430251,2019-05-15,5,The Ramsey Show Highlights,https://www.youtube.com/channel/UC7eBNeDW1GQf2NJQ6G6gAxw,4600000,oui,"Vivre avec la seule Social Security, quand la demander, les erreurs à éviter.",Retiring With Almost Nothing Saved: 7 Things That Still Work
Arnaques,Récits et documentaires d'arnaques,The music industry is literally a scam,https://youtu.be/-OfsVJO4bqs,1417232,2022-03-16,18,Jake Tran,https://www.youtube.com/channel/UCoOjH8D2XAgjzQlneM2W0EQ,1840000,non,"Les grandes arnaques de l'histoire racontées en documentaire, avec la leçon pour aujourd'hui.",The Con Man Who Fooled America's Grandparents for 20 Years
Vivre chez soi après 60,Désencombrer et réduire,Decluttering 10 Years Worth of Clothes HOARDING,https://youtu.be/g3N-LvrBlDc,1414155,2025-04-11,34,Mia Maples,https://www.youtube.com/channel/UCzzOKT1SkE7qdycJvPCR3Gg,4770000,non,"Le « Swedish death cleaning », vendre la maison, et que faire des affaires que personne ne veut.",Nobody Wants Your Stuff: What to Do With Your Things After 70
Arnaques,Arnaques à domicile,Contractors Scammed This 90-Year-Old Man… We had to Help He Had No Options…,https://youtu.be/6XLPAEbSHx8,1392439,2026-09-20,93,Cole Simpson,https://www.youtube.com/channel/UCxvyi2mkXHXxLwjoB3e3sag,324000,non,"Le faux couvreur après l'orage, le faux employé du gaz, le garagiste malhonnête.",The Roofer Who Knocks After a Storm: 6 Home Repair Scams Targeting Seniors
Vivre chez soi après 60,Vivre seul après 70 ans,Things They Don’t Tell You About Living Alone as an Older Person,https://youtu.be/E0zUZA23CtE,1382907,2024-09-11,17,Golden Years,https://www.youtube.com/channel/UCmt9IHErrFbiUQ77dThKpmw,112000,oui,"Ce qui change quand on vit seul, comment rester en sécurité, entouré et autonome.",Living Alone After 75: 9 Things That Keep You Safe and Happy
Arnaques,Faux banquiers / usurpation,He stole his identity UNTIL... // The William Woods story,https://youtu.be/ksipLmh134c,1372901,2024-05-08,5,Ray William Johnson,https://www.youtube.com/channel/UCGt7X90Au6BV8rf49BiM6Dg,18600000,non,"Le faux « service fraude » de la banque, Zelle, la carte de débit : ce qu'une vraie banque ne demande jamais.",Your Bank Will Never Ask You This: The Fake Fraud Department Call
Arnaques,Petit-enfant en détresse / clonage de voix IA,Anything for Love: Inside the Romance Scam Epidemic | CBS Reports,https://youtu.be/w-75nDH-bbc,1366326,2024-07-31,21,CBS News,https://www.youtube.com/channel/UC8p1vwvWtl6T73JiExfWs1g,7100000,non,"Raconter un vrai appel « Grandma, I'm in jail », puis donner la parade du mot de passe familial.","The 'Grandma, I'm in Trouble' Call: How AI Copies Your Grandson's Voice"
Arnaques,Récits et documentaires d'arnaques,Forensic accountant explains why fraud thrives on Wall Street,https://youtu.be/GHKyDYtKGEg,1360331,2023-07-26,7,Big Think,https://www.youtube.com/channel/UCvQECJukTDE2i6aCoMnS-Vg,9020000,non,"Les grandes arnaques de l'histoire racontées en documentaire, avec la leçon pour aujourd'hui.",The Con Man Who Fooled America's Grandparents for 20 Years
Arnaques,Arnaques au téléphone,'Timepiece Gentleman' Locked Up For $5M Scam,https://youtu.be/FhqdkvLOo7M,1359449,2025-02-12,22,Law&Crime Network,https://www.youtube.com/channel/UCz8K1occVvDTYDfFo7N5EZw,7720000,non,"Expliquer les techniques des appels (le silence de 3 secondes, « Can you hear me? ») et ce qu'il faut répondre.",Why Scammers Stay Silent When You Answer — What to Say Instead
Arnaques,Petit-enfant en détresse / clonage de voix IA,Human trafficking victims tortured into scamming innocent people | 60 Minutes Australia,https://youtu.be/7b7JAX03x2Q,1334687,2024-08-25,31,60 Minutes Australia,https://www.youtube.com/channel/UC0L1suV8pVgO4pCAIBNGx5w,6740000,non,"Raconter un vrai appel « Grandma, I'm in jail », puis donner la parade du mot de passe familial.","The 'Grandma, I'm in Trouble' Call: How AI Copies Your Grandson's Voice"
Vivre chez soi après 60,Argent de la retraite,"If I Claimed Social Security Again, I’d Do This Instead",https://youtu.be/yaHNfKzqO44,1309351,2025-08-01,11,"Nathan Lee, CFP®",https://www.youtube.com/channel/UCqydZZvyMrc2ca6OAOKtuSA,10000,oui,"Vivre avec la seule Social Security, quand la demander, les erreurs à éviter.",Retiring With Almost Nothing Saved: 7 Things That Still Work
Vivre chez soi après 60,Communautés 55+,Inside America's Most Controversial Retirement Community,https://youtu.be/dfUOEsrR1IY,1307941,2026-06-06,22,The Adventure Crews,https://www.youtube.com/channel/UCOqPvYmampKeVUgYHlWUc9Q,110000,oui,"Visites, avantages et défauts, et ce que les vendeurs ne disent pas.",Why People Are Leaving 55+ Communities (What Sales Agents Won't Say)
Vivre chez soi après 60,Où prendre sa retraite (USA),Retirement Taxes by State: 5 Best and 3 Worst for 2026,https://youtu.be/t0Ls8E5dBS0,1301509,2026-03-25,13,Living in the Philadelphia Suburbs,https://www.youtube.com/channel/UCmG44KM6rpfcjifGkGuDODQ,10600,oui,"Classements de villes et d'États selon le coût de la vie, les impôts et la sécurité.",10 Towns Where You Can Retire on Social Security Alone
Arnaques,"Loterie, cadeaux et colis",The Lottery Scam | The Real Hustle,https://youtu.be/oI2gBLn6CU8,1300221,2011-09-09,7,The Real Hustle,https://www.youtube.com/channel/UCyRrxDbRD8OKEvVDwx3JvsQ,260000,non,"Les faux gains, Publishers Clearing House, les SMS de colis, les cartes cadeaux.",'You Won!' — Why a Real Lottery Never Asks You to Pay First
Arnaques,Investissement et crypto,EXPOSED: Is this alleged Ponzi scheme Australia's biggest financial scandal? | 60 Minutes Australia,https://youtu.be/jvnljXGlfEM,1294297,2021-07-06,24,60 Minutes Australia,https://www.youtube.com/channel/UC0L1suV8pVgO4pCAIBNGx5w,6740000,non,"Les retraités ciblés par de faux placements « sûrs » : Madoff, pig butchering, faux conseillers.",How Retirees Lost Their Life Savings to a 'Safe' Investment
Arnaques,Arnaques sentimentales,Love Scams: A Mother Hooked By A Catfish | FULL EPISODE | Dr. Phil,https://youtu.be/eWV2gC_DO-s,1279059,2024-07-28,36,Dr. Phil,https://www.youtube.com/channel/UCYLR1ghzYNyvfjw78raCuxA,6480000,non,"Les veufs et veuves sont les premières cibles. Le récit d'une victime réelle, puis les signaux d'alerte.","She Was 72, Widowed, and Lost $300,000 to a Man She Never Met"
Arnaques,Récits et documentaires d'arnaques,The Teen Who Printed $10 Million in Fake Cash | VICE: I Was A Teenage Felon | True Lives,https://youtu.be/NR3hAMC-k-4,1277809,2025-09-14,44,True Lives,https://www.youtube.com/channel/UCT9ehHCu59wpsPyrcKZt72w,1340000,non,"Les grandes arnaques de l'histoire racontées en documentaire, avec la leçon pour aujourd'hui.",The Con Man Who Fooled America's Grandparents for 20 Years
Vivre chez soi après 60,Vivre seul après 70 ans,10 Benefits to Living Alone as An Older Woman,https://youtu.be/zUxZ3NrTuao,1269662,2023-05-18,10,Sixty and Me,https://www.youtube.com/channel/UC3_-zY3XwUvsNT3ofJAw4cA,270000,oui,"Ce qui change quand on vit seul, comment rester en sécurité, entouré et autonome.",Living Alone After 75: 9 Things That Keep You Safe and Happy
Vivre chez soi après 60,Vivre seul après 70 ans,7 Things That Go Quiet After You Retire (Nobody Talks About This),https://youtu.be/Jowm-xdn1rw,1262314,2025-11-26,8,Laura Jimenez,https://www.youtube.com/channel/UCUqT1km-tDVtLj9uthEmnfw,20200,oui,"Ce qui change quand on vit seul, comment rester en sécurité, entouré et autonome.",Living Alone After 75: 9 Things That Keep You Safe and Happy
Arnaques,Arnaques sentimentales,She scammed MULTIPLE Boyfriends by faking Terminal Cancer and a Miscarriage | Love Cheats,https://youtu.be/lJBzwRcSdGo,1255914,2025-03-13,46,True Crime Central,https://www.youtube.com/channel/UCFkFUrV28yy4kpg9b6LNhuQ,1450000,non,"Les veufs et veuves sont les premières cibles. Le récit d'une victime réelle, puis les signaux d'alerte.","She Was 72, Widowed, and Lost $300,000 to a Man She Never Met"
Vivre chez soi après 60,Désencombrer et réduire,Downsize Your Life: Why Less is More | Rita Wilkins | TEDxWilmingtonWomen,https://youtu.be/eoFPJk4HsgE,1255622,2017-12-15,7,TEDx Talks,https://www.youtube.com/channel/UCsT0YIqwnpJCM-mx7-gSA4Q,44700000,non,"Le « Swedish death cleaning », vendre la maison, et que faire des affaires que personne ne veut.",Nobody Wants Your Stuff: What to Do With Your Things After 70
Vivre chez soi après 60,Prendre sa retraite à l'étranger,Why foreign retirees are flocking to Mexico,https://youtu.be/vjAet-Af190,1232189,2015-07-06,7,PBS NewsHour,https://www.youtube.com/channel/UC6ZFN9Tx6xh-skXCuRHCDpQ,5380000,oui,"Le vrai budget mensuel, les visas, la santé et les pièges dans chaque pays.",Retiring in Mexico on Social Security: The Real Monthly Cost
Vivre chez soi après 60,Vivre seul après 70 ans,The TRUTH about ENDING UP ALONE as You Age.,https://youtu.be/M29dbyyIFow,1221574,2025-02-22,9,Solo Second Half,https://www.youtube.com/channel/UCE4tKRYmW1H3HNa3oCMSC3A,104000,non,"Ce qui change quand on vit seul, comment rester en sécurité, entouré et autonome.",Living Alone After 75: 9 Things That Keep You Safe and Happy
Vivre chez soi après 60,Argent de la retraite,I Retired Broke… And This Is What It Feels Like,https://youtu.be/Cp9iZBFhJGE,1217565,2026-04-04,10,60+ Life with Bodean,https://www.youtube.com/channel/UC3bGoka6Sqh7howNvZUB_qg,24200,oui,"Vivre avec la seule Social Security, quand la demander, les erreurs à éviter.",Retiring With Almost Nothing Saved: 7 Things That Still Work
Arnaques,Arnaques sentimentales,"Scam victim issues warning after losing $750,000 of life savings | A Current Affair",https://youtu.be/RDnNJ_iehoU,1216591,2022-06-21,7,A Current Affair,https://www.youtube.com/channel/UCX15yQQOgUllNFd8wNRV1KQ,836000,non,"Les veufs et veuves sont les premières cibles. Le récit d'une victime réelle, puis les signaux d'alerte.","She Was 72, Widowed, and Lost $300,000 to a Man She Never Met"
Arnaques,Arnaques au téléphone,STOP SCAMMERS and TELEMARKETING Calls NOW!,https://youtu.be/gDXjVdJ4MNg,1211219,2024-08-31,4,Useful Things,https://www.youtube.com/channel/UCbCdwOTBbjEwnplE4ftoQqg,548000,non,"Expliquer les techniques des appels (le silence de 3 secondes, « Can you hear me? ») et ce qu'il faut répondre.",Why Scammers Stay Silent When You Answer — What to Say Instead
Vivre chez soi après 60,Désencombrer et réduire,DeCluttering 35 Years of...Stuff (2023),https://youtu.be/vP5cJSOMU74,1200089,2023-07-04,10,The New Retired Me,https://www.youtube.com/channel/UCDNX_T9ck0kQl1xechNfLUw,83500,non,"Le « Swedish death cleaning », vendre la maison, et que faire des affaires que personne ne veut.",Nobody Wants Your Stuff: What to Do With Your Things After 70
Arnaques,Investissement et crypto,All American Scams | American Greed,https://youtu.be/FDpW7SeqhSA,1193142,2024-07-05,31,CNBC Ambition,https://www.youtube.com/channel/UCFUWcce_D9zTeRx6L0rasvw,620000,non,"Les retraités ciblés par de faux placements « sûrs » : Madoff, pig butchering, faux conseillers.",How Retirees Lost Their Life Savings to a 'Safe' Investment
Arnaques,Récits et documentaires d'arnaques,10 Biggest Scams Of All Time,https://youtu.be/tzYpkB5brEQ,1191531,2016-03-28,13,MindChop,https://www.youtube.com/channel/UCw3Th9YkzpXU0wxIIU0PORw,1090000,non,"Les grandes arnaques de l'histoire racontées en documentaire, avec la leçon pour aujourd'hui.",The Con Man Who Fooled America's Grandparents for 20 Years
Arnaques,Arnaques au téléphone,The GENIUS Tipping Scam Costing You BIG,https://youtu.be/c9AUihR-K0U,1179231,2026-04-01,39,Rossen Reports,https://www.youtube.com/channel/UC7PYy5Tx1WhbnGKc3KJeRKw,711000,non,"Expliquer les techniques des appels (le silence de 3 secondes, « Can you hear me? ») et ce qu'il faut répondre.",Why Scammers Stay Silent When You Answer — What to Say Instead
Arnaques,Faux banquiers / usurpation,How criminals are using mobile banking to steal from your bank account I 13 Investigates,https://youtu.be/HEriHzfzf14,1177389,2021-05-21,5,WTHR,https://www.youtube.com/channel/UCSFLs1nwzqSC3Tq6cXhJkLg,402000,non,"Le faux « service fraude » de la banque, Zelle, la carte de débit : ce qu'une vraie banque ne demande jamais.",Your Bank Will Never Ask You This: The Fake Fraud Department Call
Arnaques,Faux banquiers / usurpation,Sydney woman loses life savings to text scam | A Current Affair,https://youtu.be/Jc1mLXE9quc,1177115,2023-12-16,6,A Current Affair,https://www.youtube.com/channel/UCX15yQQOgUllNFd8wNRV1KQ,836000,non,"Le faux « service fraude » de la banque, Zelle, la carte de débit : ce qu'une vraie banque ne demande jamais.",Your Bank Will Never Ask You This: The Fake Fraud Department Call
Arnaques,Arnaques au téléphone,ALL 40 SCAMS In Adopt Me! Every Scam Possible,https://youtu.be/HqaUaBQl-xM,1176979,2023-12-09,48,Cookie Cutter,https://www.youtube.com/channel/UCCmU8bUAkCkLEmeTaicIpmw,1190000,non,"Expliquer les techniques des appels (le silence de 3 secondes, « Can you hear me? ») et ce qu'il faut répondre.",Why Scammers Stay Silent When You Answer — What to Say Instead
Vivre chez soi après 60,Communautés 55+,AVOID LIVING IN A 55 PLUS COMMUNITY - Problems in Adult Retirement Communities - Don’t Buy 55+,https://youtu.be/kUibKY4GkQg,1158581,2023-02-24,10,Jerry Pinkas,https://www.youtube.com/channel/UCnxSLgaWw6w7ocPiPHqB3Qg,218000,oui,"Visites, avantages et défauts, et ce que les vendeurs ne disent pas.",Why People Are Leaving 55+ Communities (What Sales Agents Won't Say)
Vivre chez soi après 60,Vivre seul après 70 ans,A Guide To Being Alone & Happy,https://youtu.be/6KGYCU_INVI,1156442,2024-10-27,42,HealthyGamerGG,https://www.youtube.com/channel/UClHVl2N3jPEbkNJVx-ItQIQ,3500000,non,"Ce qui change quand on vit seul, comment rester en sécurité, entouré et autonome.",Living Alone After 75: 9 Things That Keep You Safe and Happy
Vivre chez soi après 60,Communautés 55+,$375/mo Tiny Home Lot Rent Unlocked a Debt-Free Retirement,https://youtu.be/VBuQn4JG7rI,1155136,2025-03-25,9,Tiny Home Tours,https://www.youtube.com/channel/UCidJftClM4kU1196YynvqXg,1920000,oui,"Visites, avantages et défauts, et ce que les vendeurs ne disent pas.",Why People Are Leaving 55+ Communities (What Sales Agents Won't Say)
Arnaques,Faux banquiers / usurpation,The Sneaky New Phone Scam That’s Draining Bank Accounts (And How to Protect Yourself),https://youtu.be/pbNIkRbsAOY,1152381,2024-12-24,12,Boyd Clewis,https://www.youtube.com/channel/UCmTS2gGo4gjZLt8LxVnF3XA,337000,non,"Le faux « service fraude » de la banque, Zelle, la carte de débit : ce qu'une vraie banque ne demande jamais.",Your Bank Will Never Ask You This: The Fake Fraud Department Call
Arnaques,Investissement et crypto,Bernie Madoff : Scamming of America - The $50 Billion Ponzi Scheme,https://youtu.be/S2nX3FdRyR0,1150887,2014-03-05,44,Regal,https://www.youtube.com/channel/UCyG3mDad0mnHcJrG-eTlbQw,43700,non,"Les retraités ciblés par de faux placements « sûrs » : Madoff, pig butchering, faux conseillers.",How Retirees Lost Their Life Savings to a 'Safe' Investment
Arnaques,Arnaques à domicile,Door to Door SCAM Caught on Camera - Ontario Home Services / UtilEbill / Enbridge Gas,https://youtu.be/0MCjU7QUMnw,1147525,2018-02-07,30,Gadgets 2.0,https://www.youtube.com/channel/UCSssRY1okQgiwpIaCmyohUg,8160,non,"Le faux couvreur après l'orage, le faux employé du gaz, le garagiste malhonnête.",The Roofer Who Knocks After a Storm: 6 Home Repair Scams Targeting Seniors
Vivre chez soi après 60,Désencombrer et réduire,I am begging you to get rid of your stuff (seriously).,https://youtu.be/t8QaZKwZyz8,1146243,2026-06-28,15,Christina Mychas,https://www.youtube.com/channel/UCzC9E3yXJoBSBfUKpDQKw2g,492000,non,"Le « Swedish death cleaning », vendre la maison, et que faire des affaires que personne ne veut.",Nobody Wants Your Stuff: What to Do With Your Things After 70
Arnaques,"Loterie, cadeaux et colis",Jackpot: America's Biggest Lotto Scam | Full Documentary Feature,https://youtu.be/xGsPAfQzakM,1138024,2025-06-03,45,AMS Pictures,https://www.youtube.com/channel/UCaor9p3jHMkRL7gDTa03wGw,29100,non,"Les faux gains, Publishers Clearing House, les SMS de colis, les cartes cadeaux.",'You Won!' — Why a Real Lottery Never Asks You to Pay First
Arnaques,Récits et documentaires d'arnaques,The Collapse of YouTube’s Largest Scam,https://youtu.be/a_rcjXcOuPY,1125113,2026-05-02,40,Lukas da Kid,https://www.youtube.com/channel/UCW2MgkGSvzz3aWpfBKRgPFQ,27400,non,"Les grandes arnaques de l'histoire racontées en documentaire, avec la leçon pour aujourd'hui.",The Con Man Who Fooled America's Grandparents for 20 Years
Arnaques,Arnaques sentimentales,The BIGGEST Romance Scams EXPOSED At The Border! | Border Security Compilation,https://youtu.be/6euXRywDuNk,1124794,2025-07-17,57,Border Security,https://www.youtube.com/channel/UCDiwr9cAKh8V3VYNVvc-NtQ,662000,non,"Les veufs et veuves sont les premières cibles. Le récit d'une victime réelle, puis les signaux d'alerte.","She Was 72, Widowed, and Lost $300,000 to a Man She Never Met"
Arnaques,Récits et documentaires d'arnaques,How Scam Artists Robbed Billions in Pandemic Aid | BLACK MARKET S2,https://youtu.be/IYlHUkg-hVE,1121408,2022-05-24,4,VICE TV,https://www.youtube.com/channel/UCWF0PiUvUi3Jma2oFgaiX2w,2770000,non,"Les grandes arnaques de l'histoire racontées en documentaire, avec la leçon pour aujourd'hui.",The Con Man Who Fooled America's Grandparents for 20 Years
Arnaques,Récits et documentaires d'arnaques,"Scam City: Mexico City - Kidnapping, Pickpockets & Counterfeits | Free Documentary",https://youtu.be/xDAi3eAGXHk,1114499,2022-11-16,48,Free Documentary,https://www.youtube.com/channel/UCijcd0GR0fkxCAZwkiuWqtQ,5840000,non,"Les grandes arnaques de l'histoire racontées en documentaire, avec la leçon pour aujourd'hui.",The Con Man Who Fooled America's Grandparents for 20 Years
Vivre chez soi après 60,Prendre sa retraite à l'étranger,Americans Choosing to Retire Abroad — and Most Don't See What's Coming Next,https://youtu.be/fL2ASeeM1xA,1112562,2026-05-31,32,Across The States,https://www.youtube.com/channel/UCv16dFZyxsaThvW9SYQwiJQ,43400,oui,"Le vrai budget mensuel, les visas, la santé et les pièges dans chaque pays.",Retiring in Mexico on Social Security: The Real Monthly Cost
Vivre chez soi après 60,Vivre seul après 70 ans,The Power of Solitude: How Living Alone Changed Everything,https://youtu.be/VfgWldeGsIQ,1102795,2023-02-18,9,Reflections of Life,https://www.youtube.com/channel/UCcPPUszZ4-7yzZNgAAYwJjg,1110000,non,"Ce qui change quand on vit seul, comment rester en sécurité, entouré et autonome.",Living Alone After 75: 9 Things That Keep You Safe and Happy
Arnaques,Récits et documentaires d'arnaques,Con Artists | 60 Minutes Full Episodes,https://youtu.be/SLNLqOWCVRg,1101105,2024-05-25,55,60 Minutes,https://www.youtube.com/channel/UCsN32BtMd0IoByjJRNF12cw,4210000,non,"Les grandes arnaques de l'histoire racontées en documentaire, avec la leçon pour aujourd'hui.",The Con Man Who Fooled America's Grandparents for 20 Years
Arnaques,"Loterie, cadeaux et colis",He scammed the lottery out of millions  // The Eddie Tipton story,https://youtu.be/QLw90HJGCzs,1095185,2024-11-12,8,Ray William Johnson,https://www.youtube.com/channel/UCGt7X90Au6BV8rf49BiM6Dg,18600000,non,"Les faux gains, Publishers Clearing House, les SMS de colis, les cartes cadeaux.",'You Won!' — Why a Real Lottery Never Asks You to Pay First
Arnaques,Arnaques sentimentales,Tragic stories shed light on romance scam epidemic,https://youtu.be/azYwHFUYOLA,1089518,2024-05-01,42,CBS News,https://www.youtube.com/channel/UC8p1vwvWtl6T73JiExfWs1g,7100000,non,"Les veufs et veuves sont les premières cibles. Le récit d'une victime réelle, puis les signaux d'alerte.","She Was 72, Widowed, and Lost $300,000 to a Man She Never Met"
Arnaques,Arnaques sentimentales,"She found out her ""Rich"" Lord BF was a Scammer Two Months before Marrying Him | Love Cheats",https://youtu.be/xGz51AvggSg,1088983,2025-02-28,47,True Crime Central,https://www.youtube.com/channel/UCFkFUrV28yy4kpg9b6LNhuQ,1450000,non,"Les veufs et veuves sont les premières cibles. Le récit d'une victime réelle, puis les signaux d'alerte.","She Was 72, Widowed, and Lost $300,000 to a Man She Never Met"
Arnaques,Faux banquiers / usurpation,This GENIUS Envelope Scam Steals EVERYTHING — Do THIS Now!,https://youtu.be/BSsaLrmTBKQ,1087043,2026-06-10,30,Rossen Reports,https://www.youtube.com/channel/UC7PYy5Tx1WhbnGKc3KJeRKw,711000,non,"Le faux « service fraude » de la banque, Zelle, la carte de débit : ce qu'une vraie banque ne demande jamais.",Your Bank Will Never Ask You This: The Fake Fraud Department Call
Arnaques,Petit-enfant en détresse / clonage de voix IA,Let's Create One Big Unhappy Family (Scambaiting) Also: FAQ: Steam Gift Cards?,https://youtu.be/UizMw2ddgg4,1077166,2020-08-28,32,Atomic Shrimp,https://www.youtube.com/channel/UCSl5Uxu2LyaoAoMMGp6oTJA,1110000,non,"Raconter un vrai appel « Grandma, I'm in jail », puis donner la parade du mot de passe familial.","The 'Grandma, I'm in Trouble' Call: How AI Copies Your Grandson's Voice"
Vivre chez soi après 60,"Maison de retraite, résidence, aide",Aging In Place | Less Space - Freedom in Retirement,https://youtu.be/i8vXiJ6SxCs,1076158,2025-08-05,15,Tiny Home Tours,https://www.youtube.com/channel/UCidJftClM4kU1196YynvqXg,1920000,oui,"Comparer les options et les vrais coûts : rester chez soi, résidence, aide à domicile.",Assisted Living vs Staying Home: The Real Cost
Arnaques,Investissement et crypto,Investigating the con that combines romance scams and crypto fraud (Marketplace),https://youtu.be/nDg2z8QPuWc,1075996,2024-02-10,21,CBC News,https://www.youtube.com/channel/UCuFFtHWoLl5fauMMD5Ww2jA,4770000,non,"Les retraités ciblés par de faux placements « sûrs » : Madoff, pig butchering, faux conseillers.",How Retirees Lost Their Life Savings to a 'Safe' Investment
Arnaques,"Social Security, Medicare, IRS",How Medicare And Medicaid Fraud Became A $100B Problem In The U.S.,https://youtu.be/OqK_6Nor98U,1072147,2023-03-09,9,CNBC,https://www.youtube.com/channel/UCvJJ_dzjViJCoLf5uKUTwoA,4170000,oui,Les scripts des faux agents de l'État et ce que l'administration ne fait jamais.,"5 Things Social Security Will Never Do (If They Do, Hang Up)"
Arnaques,Investissement et crypto,Silicon Valley: History’s Greatest ‘Ponzi Scheme’ (Mini Documentary),https://youtu.be/zU5JsP6pUpc,1068321,2021-01-06,25,Jake Tran,https://www.youtube.com/channel/UCoOjH8D2XAgjzQlneM2W0EQ,1840000,non,"Les retraités ciblés par de faux placements « sûrs » : Madoff, pig butchering, faux conseillers.",How Retirees Lost Their Life Savings to a 'Safe' Investment
Arnaques,Récits et documentaires d'arnaques,Scam City: Bogota - Dangerous Drug Renders Victims Helpless to Thieves Requests | Free Documentary,https://youtu.be/3455-IAZdXk,1054093,2023-05-26,48,Free Documentary,https://www.youtube.com/channel/UCijcd0GR0fkxCAZwkiuWqtQ,5840000,non,"Les grandes arnaques de l'histoire racontées en documentaire, avec la leçon pour aujourd'hui.",The Con Man Who Fooled America's Grandparents for 20 Years
Arnaques,Récits et documentaires d'arnaques,The Biggest Scam in History,https://youtu.be/Utt8zld0xpo,1043389,2025-11-02,9,Ray William Johnson,https://www.youtube.com/channel/UCGt7X90Au6BV8rf49BiM6Dg,18600000,non,"Les grandes arnaques de l'histoire racontées en documentaire, avec la leçon pour aujourd'hui.",The Con Man Who Fooled America's Grandparents for 20 Years
Arnaques,Arnaques sentimentales,How Scammers Con People out of Their Savings | Romance Scams | ENDEVR Documentary,https://youtu.be/yB8QL8WQgFg,1041546,2023-07-23,85,ENDEVR,https://www.youtube.com/channel/UCuw0GgMlZlAsWvpI8PgCN8g,1500000,non,"Les veufs et veuves sont les premières cibles. Le récit d'une victime réelle, puis les signaux d'alerte.","She Was 72, Widowed, and Lost $300,000 to a Man She Never Met"
Vivre chez soi après 60,Désencombrer et réduire,declutter like a Privileged Woman: 5 things high-value women toss to level up their lives,https://youtu.be/87qInY_qoZ8,1033243,2025-07-04,10,KristiDoingThings,https://www.youtube.com/channel/UCxCQZWhC14bY2_2sBjCdczw,197000,non,"Le « Swedish death cleaning », vendre la maison, et que faire des affaires que personne ne veut.",Nobody Wants Your Stuff: What to Do With Your Things After 70
Arnaques,Faux banquiers / usurpation,Identity Theft TF2,https://youtu.be/Ge3FKfDi4v8,1031457,2025-03-29,8,Dewill,https://www.youtube.com/channel/UCnvdrC_A8Ryg-bBQ8dYXAGw,122000,non,"Le faux « service fraude » de la banque, Zelle, la carte de débit : ce qu'une vraie banque ne demande jamais.",Your Bank Will Never Ask You This: The Fake Fraud Department Call
Arnaques,Récits et documentaires d'arnaques,The million-dollar conwoman who faked her way into a string of jobs  | Stuff.co.nz,https://youtu.be/OHeFFcc40Z0,1017424,2020-11-24,43,Stuff,https://www.youtube.com/channel/UCZgnsVbXJPZRg5kmtKyq6Ew,122000,non,"Les grandes arnaques de l'histoire racontées en documentaire, avec la leçon pour aujourd'hui.",The Con Man Who Fooled America's Grandparents for 20 Years
Arnaques,Récits et documentaires d'arnaques,"How Two Brothers Stole 69,000 Bitcoin and Vanished",https://youtu.be/_T4OyfUoJ1I,1008214,2025-03-19,8,Scams,https://www.youtube.com/channel/UC3nw6TwaLBJ-MXeTlBsFazw,45400,non,"Les grandes arnaques de l'histoire racontées en documentaire, avec la leçon pour aujourd'hui.",The Con Man Who Fooled America's Grandparents for 20 Years
Vivre chez soi après 60,Où prendre sa retraite (USA),Great Rural Towns in California to Retire or Buy a Home.,https://youtu.be/kR0WDMwWBYU,1006643,2022-04-13,18,World According To Briggs,https://www.youtube.com/channel/UCecPJBL6E1PVky1-gj6KH5g,1370000,oui,"Classements de villes et d'États selon le coût de la vie, les impôts et la sécurité.",10 Towns Where You Can Retire on Social Security Alone
Arnaques,Investissement et crypto,Scam: Inside Asia's criminal network,https://youtu.be/kSNn2pHtRH4,1005047,2024-10-22,24,Sky News,https://www.youtube.com/channel/UCoMdktPbSTixAyNGwb-UYkQ,9370000,non,"Les retraités ciblés par de faux placements « sûrs » : Madoff, pig butchering, faux conseillers.",How Retirees Lost Their Life Savings to a 'Safe' Investment
Arnaques,"Loterie, cadeaux et colis",I won 4.5 Million Dollars! | Fake Publishers Clearing House Scam,https://youtu.be/TCMQavRBNa4,1001270,2017-09-03,17,Not Financial Advice,https://www.youtube.com/channel/UCzQRJ3i3Kmv8nNssh9JUxBg,5200,non,"Les faux gains, Publishers Clearing House, les SMS de colis, les cartes cadeaux.",'You Won!' — Why a Real Lottery Never Asks You to Pay First
Arnaques,Récits et documentaires d'arnaques,The Scandalous Life and Many Scams of Bishop Lamor Whitehead | Documentary,https://youtu.be/PejyUborC3c,996874,2023-03-12,32,NOT THE GOOD GIRL,https://www.youtube.com/channel/UC4DMThX0F-h6F1nzCbp6shw,445000,non,"Les grandes arnaques de l'histoire racontées en documentaire, avec la leçon pour aujourd'hui.",The Con Man Who Fooled America's Grandparents for 20 Years
Arnaques,Arnaques au téléphone,"Woman’s $2,700 Self-Checkout Scam Blows Up in Her Face",https://youtu.be/TWSDdpj-_z0,995161,2026-09-19,33,Daily Dose Of Crime,https://www.youtube.com/channel/UCrOKDAUB-iL2wLzZdRN7xgA,1010000,non,"Expliquer les techniques des appels (le silence de 3 secondes, « Can you hear me? ») et ce qu'il faut répondre.",Why Scammers Stay Silent When You Answer — What to Say Instead
Arnaques,Arnaques sentimentales,Tricked Into Love: The Dark Truth of Holiday Romance Scams,https://youtu.be/Eu1sRx670U4,995091,2025-04-20,43,Absolute Documentaries,https://www.youtube.com/channel/UCLUZ6ShyBV3vnUAVMlUs4_g,570000,non,"Les veufs et veuves sont les premières cibles. Le récit d'une victime réelle, puis les signaux d'alerte.","She Was 72, Widowed, and Lost $300,000 to a Man She Never Met"
Arnaques,Arnaques sentimentales,She Scammed a Famous Football Player // The Manti Te'o Catfish Scandal,https://youtu.be/o51izTRsPA4,992923,2025-05-03,8,Ray William Johnson,https://www.youtube.com/channel/UCGt7X90Au6BV8rf49BiM6Dg,18600000,non,"Les veufs et veuves sont les premières cibles. Le récit d'une victime réelle, puis les signaux d'alerte.","She Was 72, Widowed, and Lost $300,000 to a Man She Never Met"
Arnaques,Arnaques au téléphone,Why Scammers Wait 3 Seconds Before Speaking When You Answer the Phone,https://youtu.be/9CdH2qfi0MU,982398,2026-09-09,22,Daniel Brooks,https://www.youtube.com/channel/UCpd8b9cp3vsZrTOVtWmVwbw,10000,non,"Expliquer les techniques des appels (le silence de 3 secondes, « Can you hear me? ») et ce qu'il faut répondre.",Why Scammers Stay Silent When You Answer — What to Say Instead
Arnaques,Arnaques sentimentales,For Love Or Money? (Romance Fraud TV Show Marathon) | Absolute Documentaries,https://youtu.be/txJpYDmDEuU,969233,2022-11-12,219,Absolute Documentaries,https://www.youtube.com/channel/UCLUZ6ShyBV3vnUAVMlUs4_g,570000,non,"Les veufs et veuves sont les premières cibles. Le récit d'une victime réelle, puis les signaux d'alerte.","She Was 72, Widowed, and Lost $300,000 to a Man She Never Met"
Arnaques,Arnaques sentimentales,To Catch A Catfish: An Online Dating Predator Exposed | FULL EPISODE | Dr. Phil,https://youtu.be/acGImfRoZD8,959850,2024-10-04,31,Dr. Phil,https://www.youtube.com/channel/UCYLR1ghzYNyvfjw78raCuxA,6480000,non,"Les veufs et veuves sont les premières cibles. Le récit d'une victime réelle, puis les signaux d'alerte.","She Was 72, Widowed, and Lost $300,000 to a Man She Never Met"
Arnaques,Faux banquiers / usurpation,Zelle scams rising: How to avoid losing thousands of dollars,https://youtu.be/OKyTURdhFXw,955683,2021-11-12,4,ABC 7 Chicago,https://www.youtube.com/channel/UC_vFLohxs5PkAxlk7Y6jEtw,1310000,non,"Le faux « service fraude » de la banque, Zelle, la carte de débit : ce qu'une vraie banque ne demande jamais.",Your Bank Will Never Ask You This: The Fake Fraud Department Call
Vivre chez soi après 60,Désencombrer et réduire,7 Ruthless Decluttering Tricks Seniors Use to Clear Entire Homes in 48 Hours,https://youtu.be/sGIT4RSMyAw,953194,2025-05-29,30,The Senior Reset,https://www.youtube.com/channel/UCWkIemJP6-8s-j5RExvKkmg,57600,oui,"Le « Swedish death cleaning », vendre la maison, et que faire des affaires que personne ne veut.",Nobody Wants Your Stuff: What to Do With Your Things After 70
Arnaques,Récits et documentaires d'arnaques,Ridiculous Scams That Actually Worked [NO AI],https://youtu.be/cwz2Xp0xKCQ,945291,2026-08-15,23,Chat History,https://www.youtube.com/channel/UCicVSNyM7PMXEzdoAsTB02w,1120000,non,"Les grandes arnaques de l'histoire racontées en documentaire, avec la leçon pour aujourd'hui.",The Con Man Who Fooled America's Grandparents for 20 Years
Arnaques,Arnaques sentimentales,Elderly Woman's Inheritance WIPED OUT By Romance Scammer!,https://youtu.be/QjDj_Akdawc,944758,2025-07-09,45,Catfished,https://www.youtube.com/channel/UCns8cwhpu92cYJHAlEfWz_w,664000,oui,"Les veufs et veuves sont les premières cibles. Le récit d'une victime réelle, puis les signaux d'alerte.","She Was 72, Widowed, and Lost $300,000 to a Man She Never Met"
Arnaques,Investissement et crypto,"One of Florida's biggest Ponzi schemes sees $80 million lost, hundreds impacted",https://youtu.be/CRFsVY1y4rM,937500,2023-05-17,4,Tampa Bay 28,https://www.youtube.com/channel/UCK0UUsCjtMRNtS3BPh1Yc4w,1050000,non,"Les retraités ciblés par de faux placements « sûrs » : Madoff, pig butchering, faux conseillers.",How Retirees Lost Their Life Savings to a 'Safe' Investment
Arnaques,"Social Security, Medicare, IRS",Fake IRS Calls: Former Scam Caller Reveals the Tactics,https://youtu.be/5YKu8xizPGo,930057,2017-09-28,6,AARP Washington State,https://www.youtube.com/channel/UCSD5nZUjBxjwQT8lRxlyxSQ,3590,non,Les scripts des faux agents de l'État et ce que l'administration ne fait jamais.,"5 Things Social Security Will Never Do (If They Do, Hang Up)"
Vivre chez soi après 60,Vivre seul après 70 ans,Living Alone but NOT Lonely. My Top 3 Tips.,https://youtu.be/1sGXuCMlVBc,924903,2025-07-17,6,Solo Second Half,https://www.youtube.com/channel/UCE4tKRYmW1H3HNa3oCMSC3A,104000,non,"Ce qui change quand on vit seul, comment rester en sécurité, entouré et autonome.",Living Alone After 75: 9 Things That Keep You Safe and Happy
Vivre chez soi après 60,Désencombrer et réduire,Extreme Decluttering | BEFORE & AFTER,https://youtu.be/TYEWkgoXP0E,915008,2022-08-21,17,Aurikatariina,https://www.youtube.com/channel/UCEHFYTkv0IIn6RYJBNcgr-Q,4610000,non,"Le « Swedish death cleaning », vendre la maison, et que faire des affaires que personne ne veut.",Nobody Wants Your Stuff: What to Do With Your Things After 70
Vivre chez soi après 60,Désencombrer et réduire,9 Ruthless Decluttering Rules The Japanese Use to Clear Entire Homes in 48 Hours,https://youtu.be/eRQRUykvkNY,911058,2026-09-01,17,The Japanese Method,https://www.youtube.com/channel/UCG1FhX9QEcUEqNQEnP1EaiQ,138000,non,"Le « Swedish death cleaning », vendre la maison, et que faire des affaires que personne ne veut.",Nobody Wants Your Stuff: What to Do With Your Things After 70
Arnaques,Récits et documentaires d'arnaques,The biggest fraud in US history: Watch the full EDD fraud documentary Easy Money,https://youtu.be/3GEXDG4T1C8,897720,2021-12-13,52,KCRA 3,https://www.youtube.com/channel/UC-BSVXejMFhhml4V_VyoGxg,390000,non,"Les grandes arnaques de l'histoire racontées en documentaire, avec la leçon pour aujourd'hui.",The Con Man Who Fooled America's Grandparents for 20 Years
Arnaques,Faux banquiers / usurpation,"Zelle fraud cases explode, consumers lose millions",https://youtu.be/ASIGBb6v9rs,895742,2023-02-16,5,WFLA News Channel 8,https://www.youtube.com/channel/UCDvJcb8Adv-_bOrtnRLmiDw,840000,non,"Le faux « service fraude » de la banque, Zelle, la carte de débit : ce qu'une vraie banque ne demande jamais.",Your Bank Will Never Ask You This: The Fake Fraud Department Call
Arnaques,"Loterie, cadeaux et colis",McDonald’s Credit Card Fraud Scheme | BandGang Javar ,https://youtu.be/1cdnYJW4Dz8,891281,2026-03-15,114,Matthew Cox | Inside True Crime,https://www.youtube.com/channel/UC3_qYh4foNgVXI7NzcuxlCA,1250000,non,"Les faux gains, Publishers Clearing House, les SMS de colis, les cartes cadeaux.",'You Won!' — Why a Real Lottery Never Asks You to Pay First
Arnaques,Récits et documentaires d'arnaques,A Credit Card Scammer Shares His Secrets,https://youtu.be/Zm9wdwka8X0,890945,2024-07-31,6,VICE TV,https://www.youtube.com/channel/UCWF0PiUvUi3Jma2oFgaiX2w,2770000,non,"Les grandes arnaques de l'histoire racontées en documentaire, avec la leçon pour aujourd'hui.",The Con Man Who Fooled America's Grandparents for 20 Years
Arnaques,Arnaques sentimentales,Mother of 10 REFUSES To Believe She Is In a Romance Scam!,https://youtu.be/b0iL-mlOQWc,889954,2025-10-29,35,Catfished,https://www.youtube.com/channel/UCns8cwhpu92cYJHAlEfWz_w,664000,non,"Les veufs et veuves sont les premières cibles. Le récit d'une victime réelle, puis les signaux d'alerte.","She Was 72, Widowed, and Lost $300,000 to a Man She Never Met"
Vivre chez soi après 60,Prendre sa retraite à l'étranger,Where I would retire today on $1000 month overseas,https://youtu.be/EHA_ZniLFv4,887775,2025-09-17,20,Vagabond Awake,https://www.youtube.com/channel/UCi69g_TePyU9Hy69xmMkwuQ,220000,oui,"Le vrai budget mensuel, les visas, la santé et les pièges dans chaque pays.",Retiring in Mexico on Social Security: The Real Monthly Cost
Arnaques,Arnaques sentimentales,Romance scammer cons woman out of $50K,https://youtu.be/ZB3VyZovi1M,882617,2022-05-18,19,Catfished,https://www.youtube.com/channel/UCns8cwhpu92cYJHAlEfWz_w,664000,non,"Les veufs et veuves sont les premières cibles. Le récit d'une victime réelle, puis les signaux d'alerte.","She Was 72, Widowed, and Lost $300,000 to a Man She Never Met"
Vivre chez soi après 60,Désencombrer et réduire,DeCluttering Your Home FASTER |  How to Get Rid of Your Stuff,https://youtu.be/ijJz3Kwfk3w,882588,2024-04-13,8,Jerry Pinkas,https://www.youtube.com/channel/UCnxSLgaWw6w7ocPiPHqB3Qg,218000,non,"Le « Swedish death cleaning », vendre la maison, et que faire des affaires que personne ne veut.",Nobody Wants Your Stuff: What to Do With Your Things After 70
Vivre chez soi après 60,"Maison de retraite, résidence, aide",Avoid the Nursing Home With This Simple Plan,https://youtu.be/YgT0aiJXA4k,882052,2023-10-29,6,Front Row with Ed and Elizabeth,https://www.youtube.com/channel/UCN2D9QO1Vb2-vCs4a1qumFQ,240000,non,"Comparer les options et les vrais coûts : rester chez soi, résidence, aide à domicile.",Assisted Living vs Staying Home: The Real Cost
Vivre chez soi après 60,Communautés 55+,"Retired to a Tiny Home So That Whatever Happens, We're OK",https://youtu.be/OS0QFZ_LQcA,876462,2026-06-26,19,Tiny Home Tours,https://www.youtube.com/channel/UCidJftClM4kU1196YynvqXg,1920000,oui,"Visites, avantages et défauts, et ce que les vendeurs ne disent pas.",Why People Are Leaving 55+ Communities (What Sales Agents Won't Say)
Arnaques,Arnaques sentimentales,REAL Ukrainian Girlfriend or Skilled Romance Scammer?,https://youtu.be/urDfwKg-aLg,873919,2025-03-05,32,Catfished,https://www.youtube.com/channel/UCns8cwhpu92cYJHAlEfWz_w,664000,non,"Les veufs et veuves sont les premières cibles. Le récit d'une victime réelle, puis les signaux d'alerte.","She Was 72, Widowed, and Lost $300,000 to a Man She Never Met"
Arnaques,Arnaques au téléphone,"Scammers Try to Spend Big, Get Busted With 30 More Cards",https://youtu.be/bJcXYuQvkSg,869899,2025-09-26,18,ArrestFlix,https://www.youtube.com/channel/UCqqxsLlUJVkvN6NcL8-umcg,319000,non,"Expliquer les techniques des appels (le silence de 3 secondes, « Can you hear me? ») et ce qu'il faut répondre.",Why Scammers Stay Silent When You Answer — What to Say Instead
Arnaques,Récits et documentaires d'arnaques,The Most Disturbing Scams In Society,https://youtu.be/9kZUk-4vySE,868896,2023-05-23,32,Moon,https://www.youtube.com/channel/UCmFeOdJI3IXgTBDzqBLD8qg,1780000,non,"Les grandes arnaques de l'histoire racontées en documentaire, avec la leçon pour aujourd'hui.",The Con Man Who Fooled America's Grandparents for 20 Years
Arnaques,Faux support technique / piratage,Hacking this BYD was too easy; it didn’t even have a password | Four Corners Documentary,https://youtu.be/_TZFcyzGEiY,865508,2026-09-21,45,ABC News In-depth,https://www.youtube.com/channel/UCxcrzzhQDj5zKJbXfIscCtg,2450000,non,"La fenêtre qui bloque l'écran, expliquée pas à pas, avec quoi faire et quoi ne jamais faire.","A Pop-Up Says Your Computer Is Locked — Do This, Not That"
Vivre chez soi après 60,"Maison de retraite, résidence, aide",How Nursing Homes Hide Profits While Residents Suffer,https://youtu.be/rhvTsiod1wM,864384,2021-12-16,43,VICE News,https://www.youtube.com/channel/UCZaT_X_mc0BI-djXOlfhqWQ,9300000,non,"Comparer les options et les vrais coûts : rester chez soi, résidence, aide à domicile.",Assisted Living vs Staying Home: The Real Cost
Arnaques,Arnaques au téléphone,Trump phone call: Georgia officials shut down election fraud claims,https://youtu.be/CaPnqANS3tk,863569,2021-01-04,8,CNN,https://www.youtube.com/channel/UCupvZG-5ko_eiXAupbDfxWw,19900000,non,"Expliquer les techniques des appels (le silence de 3 secondes, « Can you hear me? ») et ce qu'il faut répondre.",Why Scammers Stay Silent When You Answer — What to Say Instead
Vivre chez soi après 60,Prendre sa retraite à l'étranger,"How I Retired Early At 39 In Mexico City With $660,000",https://youtu.be/8SPEwzAXLs8,858587,2021-09-23,9,CNBC Make It,https://www.youtube.com/channel/UCH5_L3ytGbBziX0CLuYdQ1Q,2000000,oui,"Le vrai budget mensuel, les visas, la santé et les pièges dans chaque pays.",Retiring in Mexico on Social Security: The Real Monthly Cost
Arnaques,Faux banquiers / usurpation,The Most Horrific Case Of Identity Theft,https://youtu.be/CJ40tAm8cTE,858141,2019-01-25,10,The Infographics Show,https://www.youtube.com/channel/UCfdNM3NAhaBOXCafH7krzrA,15500000,non,"Le faux « service fraude » de la banque, Zelle, la carte de débit : ce qu'une vraie banque ne demande jamais.",Your Bank Will Never Ask You This: The Fake Fraud Department Call
Arnaques,"Loterie, cadeaux et colis",Credit Card Scammer Finds Unlimited Money Glitch!,https://youtu.be/t-h7K6jzHYQ,855942,2025-01-28,186,Matthew Cox | Inside True Crime,https://www.youtube.com/channel/UC3_qYh4foNgVXI7NzcuxlCA,1250000,non,"Les faux gains, Publishers Clearing House, les SMS de colis, les cartes cadeaux.",'You Won!' — Why a Real Lottery Never Asks You to Pay First
Arnaques,"Loterie, cadeaux et colis",The Lottery Liar: I Faked 11 Million Dollars! (True Crime Documentary) | Real Stories,https://youtu.be/4tHxA08ogBc,850968,2023-01-29,48,Real Stories,https://www.youtube.com/channel/UCu4XcDBdnZkV6-5z2f16M0g,6760000,non,"Les faux gains, Publishers Clearing House, les SMS de colis, les cartes cadeaux.",'You Won!' — Why a Real Lottery Never Asks You to Pay First
Vivre chez soi après 60,Où prendre sa retraite (USA),The Absolute Worst States For Retirement in 2024.,https://youtu.be/qSk9O0xmMLA,847263,2023-07-31,15,World According To Briggs,https://www.youtube.com/channel/UCecPJBL6E1PVky1-gj6KH5g,1370000,oui,"Classements de villes et d'États selon le coût de la vie, les impôts et la sécurité.",10 Towns Where You Can Retire on Social Security Alone
Arnaques,"Loterie, cadeaux et colis","Just Hang Up - Scams Against Seniors, Part 2",https://youtu.be/uruDqnHxaRM,844603,2013-04-03,20,Reveal,https://www.youtube.com/channel/UCdmqkUIfXt2cMBOLQsijMFg,92300,oui,"Les faux gains, Publishers Clearing House, les SMS de colis, les cartes cadeaux.",'You Won!' — Why a Real Lottery Never Asks You to Pay First
Arnaques,Arnaques sentimentales,"Brad Pitt Scammed This Woman Out of $865,000",https://youtu.be/q50kUEhN1Kk,837125,2025-01-26,8,Ray William Johnson,https://www.youtube.com/channel/UCGt7X90Au6BV8rf49BiM6Dg,18600000,non,"Les veufs et veuves sont les premières cibles. Le récit d'une victime réelle, puis les signaux d'alerte.","She Was 72, Widowed, and Lost $300,000 to a Man She Never Met"
Arnaques,"Social Security, Medicare, IRS",DOGE reveals extent of massive Social Security fraud,https://youtu.be/hapJm38CbYc,837081,2025-03-28,13,Fox Business,https://www.youtube.com/channel/UCCXoCcu9Rp7NPbTzIvogpZg,3390000,oui,Les scripts des faux agents de l'État et ce que l'administration ne fait jamais.,"5 Things Social Security Will Never Do (If They Do, Hang Up)"
Arnaques,Récits et documentaires d'arnaques,Top 10 Most Clever Casino Scams Of All Time,https://youtu.be/Tyw0WMNvmls,834621,2019-10-15,9,WatchMojo.com,https://www.youtube.com/channel/UCaWd5_7JhbQBe4dknZhsHJg,25800000,non,"Les grandes arnaques de l'histoire racontées en documentaire, avec la leçon pour aujourd'hui.",The Con Man Who Fooled America's Grandparents for 20 Years
Vivre chez soi après 60,Prendre sa retraite à l'étranger,Best Countries to Retire on a Small Pension or Social Security,https://youtu.be/J0jZNMkMfxI,833018,2024-08-03,28,Better Travelled,https://www.youtube.com/channel/UCvml-3dsN4vSiC5DK7MYgFg,79400,oui,"Le vrai budget mensuel, les visas, la santé et les pièges dans chaque pays.",Retiring in Mexico on Social Security: The Real Monthly Cost
Arnaques,Investissement et crypto,The Texas Preacher Who Used God to Steal | Bloomberg Investigates,https://youtu.be/ecEelzf_zqg,828680,2024-08-14,31,Bloomberg Originals,https://www.youtube.com/channel/UCUMZ7gohGI9HcU9VNsr2FJQ,5170000,non,"Les retraités ciblés par de faux placements « sûrs » : Madoff, pig butchering, faux conseillers.",How Retirees Lost Their Life Savings to a 'Safe' Investment
Arnaques,Récits et documentaires d'arnaques,The Woman Who Faked Having Cancer | The Twisted Lies of Jessica Ann Smith,https://youtu.be/_QilEr-5wS8,825513,2023-12-25,71,Petal Palmer,https://www.youtube.com/channel/UCg9iltuLJcF1nM0Z1Mb-zCA,339000,non,"Les grandes arnaques de l'histoire racontées en documentaire, avec la leçon pour aujourd'hui.",The Con Man Who Fooled America's Grandparents for 20 Years
Arnaques,Arnaques sentimentales,Woman loses $100K on scammer who flees the US,https://youtu.be/TObZDe-Accw,824761,2023-01-04,18,Catfished,https://www.youtube.com/channel/UCns8cwhpu92cYJHAlEfWz_w,664000,non,"Les veufs et veuves sont les premières cibles. Le récit d'une victime réelle, puis les signaux d'alerte.","She Was 72, Widowed, and Lost $300,000 to a Man She Never Met"
Arnaques,Arnaques au téléphone,How Call Center Scams Actually Work | How Crime Works | Insider,https://youtu.be/zrZZan7QfEo,823745,2023-12-20,22,Insider,https://www.youtube.com/channel/UCHJuQZuzapBh-CuhRYxIZrg,9610000,non,"Expliquer les techniques des appels (le silence de 3 secondes, « Can you hear me? ») et ce qu'il faut répondre.",Why Scammers Stay Silent When You Answer — What to Say Instead
Arnaques,"Social Security, Medicare, IRS",DOJ announces charges in major healthcare fraud operation,https://youtu.be/7KKREyoVOUw,821740,2026-06-23,47,LiveNOW from FOX,https://www.youtube.com/channel/UCJg9wBPyKMNA5sRDnvzmkdg,5630000,non,Les scripts des faux agents de l'État et ce que l'administration ne fait jamais.,"5 Things Social Security Will Never Do (If They Do, Hang Up)"
Arnaques,Arnaques sentimentales,Romance scammer takes $100K from desperate widow,https://youtu.be/Poc6Oe495gk,820150,2023-12-06,32,Catfished,https://www.youtube.com/channel/UCns8cwhpu92cYJHAlEfWz_w,664000,oui,"Les veufs et veuves sont les premières cibles. Le récit d'une victime réelle, puis les signaux d'alerte.","She Was 72, Widowed, and Lost $300,000 to a Man She Never Met"
Vivre chez soi après 60,Communautés 55+,Avoid Living In A 55 Plus Community - Problems In Adult Retirement Communities - Don’t Buy 55+,https://youtu.be/BNQhomFVOpY,819895,2023-04-24,9,Azul,https://www.youtube.com/channel/UCE-VsPf_vj8E-eXV9vU5GmA,424000,oui,"Visites, avantages et défauts, et ce que les vendeurs ne disent pas.",Why People Are Leaving 55+ Communities (What Sales Agents Won't Say)
Arnaques,Récits et documentaires d'arnaques,The Con Man: the murder of Ana Walshe [True Crime documentary],https://youtu.be/M5IyzzTjsQs,815107,2023-01-29,28,JustThoughtLounge,https://www.youtube.com/channel/UCzhYQIZPJhiiBWQHMSX5MDQ,741000,non,"Les grandes arnaques de l'histoire racontées en documentaire, avec la leçon pour aujourd'hui.",The Con Man Who Fooled America's Grandparents for 20 Years
Arnaques,Récits et documentaires d'arnaques,I Went To EXTREME Lengths To Scam A Scammer | Outsmarting | Channel 4 Documentaries,https://youtu.be/Xy1k7OqQxiw,810146,2023-07-16,13,Channel 4 Documentaries,https://www.youtube.com/channel/UCooTDp-fERMGRHIQ4VL4qlg,1120000,non,"Les grandes arnaques de l'histoire racontées en documentaire, avec la leçon pour aujourd'hui.",The Con Man Who Fooled America's Grandparents for 20 Years
Arnaques,Récits et documentaires d'arnaques,How this seemingly timid accountant STOLE $45 Million and almost got away with it,https://youtu.be/E92DjZAVUjg,805860,2026-03-17,49,True Crime Central,https://www.youtube.com/channel/UCFkFUrV28yy4kpg9b6LNhuQ,1450000,non,"Les grandes arnaques de l'histoire racontées en documentaire, avec la leçon pour aujourd'hui.",The Con Man Who Fooled America's Grandparents for 20 Years
Arnaques,Récits et documentaires d'arnaques,Turbo Tax Scammer Makes Millions! | Queen of Tax Fraud,https://youtu.be/YpEnW4SjjsQ,803224,2025-07-03,93,Matthew Cox | Inside True Crime,https://www.youtube.com/channel/UC3_qYh4foNgVXI7NzcuxlCA,1250000,non,"Les grandes arnaques de l'histoire racontées en documentaire, avec la leçon pour aujourd'hui.",The Con Man Who Fooled America's Grandparents for 20 Years
Arnaques,Investissement et crypto,Allen Stanford: The Man Behind One of the Biggest Fraud in History | FULL DOCUMENTARY,https://youtu.be/xT2fIXbhSYY,801435,2024-06-15,53,SLICE Full Doc,https://www.youtube.com/channel/UCGDXj3vSgJ8MCbzbb_C9thA,529000,non,"Les retraités ciblés par de faux placements « sûrs » : Madoff, pig butchering, faux conseillers.",How Retirees Lost Their Life Savings to a 'Safe' Investment
Vivre chez soi après 60,Désencombrer et réduire,That ’70s Show | Kitty Freaks Out Over Eric and Donna Moving In Together,https://youtu.be/JrD5-qVM-To,801367,2025-03-29,4,Peacock,https://www.youtube.com/channel/UCPgMAS8woHJ_o_OZdTR7kcQ,3450000,non,"Le « Swedish death cleaning », vendre la maison, et que faire des affaires que personne ne veut.",Nobody Wants Your Stuff: What to Do With Your Things After 70
Arnaques,"Loterie, cadeaux et colis",I Have Proof That Temu Scammed Me...and Others.,https://youtu.be/Ikklu2ZAAGo,799365,2025-12-12,30,Mad Music,https://www.youtube.com/channel/UClKE_60Uxc-nrOwmH-6JeQg,68300,non,"Les faux gains, Publishers Clearing House, les SMS de colis, les cartes cadeaux.",'You Won!' — Why a Real Lottery Never Asks You to Pay First
Arnaques,Récits et documentaires d'arnaques,How Hollywood turned con artist Anna Sorokin into a star | 60 Minutes Australia,https://youtu.be/8iYo6aNiFh8,795801,2022-02-27,16,60 Minutes Australia,https://www.youtube.com/channel/UC0L1suV8pVgO4pCAIBNGx5w,6740000,non,"Les grandes arnaques de l'histoire racontées en documentaire, avec la leçon pour aujourd'hui.",The Con Man Who Fooled America's Grandparents for 20 Years
Arnaques,Arnaques sentimentales,How To Tell if You're Being Scammed: Love Scammers' Tactics Exposed | Talking Point Extra,https://youtu.be/rwiF0wtG2ec,794329,2022-07-28,13,CNA Insider,https://www.youtube.com/channel/UC_Lnb8ZHqqgLbp-7hltuT9w,2700000,non,"Les veufs et veuves sont les premières cibles. Le récit d'une victime réelle, puis les signaux d'alerte.","She Was 72, Widowed, and Lost $300,000 to a Man She Never Met"
Arnaques,Investissement et crypto,The Pig Butchering Scam!,https://youtu.be/zEVPU7bo3Po,794186,2024-06-29,27,Patrick Boyle,https://www.youtube.com/channel/UCASM0cgfkJxQ1ICmRilfHLw,1350000,non,"Les retraités ciblés par de faux placements « sûrs » : Madoff, pig butchering, faux conseillers.",How Retirees Lost Their Life Savings to a 'Safe' Investment
Vivre chez soi après 60,"Maison de retraite, résidence, aide",Senior's Tour of Her Safe & Accessible Tiny Home,https://youtu.be/ksqOqYX9RMQ,792346,2025-02-11,13,Tiny Home Tours,https://www.youtube.com/channel/UCidJftClM4kU1196YynvqXg,1920000,oui,"Comparer les options et les vrais coûts : rester chez soi, résidence, aide à domicile.",Assisted Living vs Staying Home: The Real Cost
Arnaques,Investissement et crypto,"The Trade So Bad, He Faked His Own Death",https://youtu.be/r9G3N93eAME,786283,2025-09-29,14,Hamish Hodder,https://www.youtube.com/channel/UCODr9HUJ90xtWD-0Xoz4vPw,387000,non,"Les retraités ciblés par de faux placements « sûrs » : Madoff, pig butchering, faux conseillers.",How Retirees Lost Their Life Savings to a 'Safe' Investment
Vivre chez soi après 60,Vivre seul après 70 ans,"If You Can’t Live Alone, Don’t Go to Nursing Homes—Do This Instead From a Nurse",https://youtu.be/8eDkUESXZbI,783238,2026-05-24,8,Nurse Jen | Healthcare Navigation,https://www.youtube.com/channel/UCN54Y9rH5z2QOdQG8OYAQMg,63200,non,"Ce qui change quand on vit seul, comment rester en sécurité, entouré et autonome.",Living Alone After 75: 9 Things That Keep You Safe and Happy
Arnaques,Arnaques au téléphone,How Voice Actors Deal With Scam Callers,https://youtu.be/Z42DMCpYZ-g,782423,2025-12-14,6,Brian Hull,https://www.youtube.com/channel/UCiNeUoUWfBLC8mJuMzI6hvw,2780000,non,"Expliquer les techniques des appels (le silence de 3 secondes, « Can you hear me? ») et ce qu'il faut répondre.",Why Scammers Stay Silent When You Answer — What to Say Instead
Arnaques,Récits et documentaires d'arnaques,Janitor Who Stole $38M From a Casino in 2 Hours & Vanished | True Crime Documentary,https://youtu.be/jkOOEFB-ui4,780921,2025-09-15,39,True Crime Vault,https://www.youtube.com/channel/UC5L6qBTiZPREJkZ1o94yrwA,135000,non,"Les grandes arnaques de l'histoire racontées en documentaire, avec la leçon pour aujourd'hui.",The Con Man Who Fooled America's Grandparents for 20 Years
Arnaques,Arnaques sentimentales,Romance scammer ruins $100K wedding plans,https://youtu.be/Z8yiGxqp8ag,776016,2022-06-01,18,Catfished,https://www.youtube.com/channel/UCns8cwhpu92cYJHAlEfWz_w,664000,non,"Les veufs et veuves sont les premières cibles. Le récit d'une victime réelle, puis les signaux d'alerte.","She Was 72, Widowed, and Lost $300,000 to a Man She Never Met"
Arnaques,Récits et documentaires d'arnaques,The Greatest Documentary...Was A Scam,https://youtu.be/iepZBS9BxGo,770065,2024-02-14,10,Scott Shafer,https://www.youtube.com/channel/UCFk00pDre4y0J1c7nYA2LnA,190000,non,"Les grandes arnaques de l'histoire racontées en documentaire, avec la leçon pour aujourd'hui.",The Con Man Who Fooled America's Grandparents for 20 Years
Arnaques,Arnaques sentimentales,Investigating the Online Scam Epidemic | Scammed (full documentary) | FRONTLINE + Associated Press,https://youtu.be/V8I2b1TK2EY,766812,2026-09-30,83,FRONTLINE PBS | Official,https://www.youtube.com/channel/UC3ScyryU9Oy9Wse3a8OAmYQ,4650000,non,"Les veufs et veuves sont les premières cibles. Le récit d'une victime réelle, puis les signaux d'alerte.","She Was 72, Widowed, and Lost $300,000 to a Man She Never Met"
Arnaques,Investissement et crypto,I tracked down my WhatsApp crypto scammers,https://youtu.be/1QhMqoTNSl8,766595,2024-12-04,25,Christophe,https://www.youtube.com/channel/UCqykZoZjaOPb6i_Y5gk0kLQ,413000,non,"Les retraités ciblés par de faux placements « sûrs » : Madoff, pig butchering, faux conseillers.",How Retirees Lost Their Life Savings to a 'Safe' Investment
Arnaques,Investissement et crypto,A Ponzi Schemer Freed by Trump Strikes Again,https://youtu.be/Xq4x6uVNiM4,762939,2025-12-15,19,Bloomberg Originals,https://www.youtube.com/channel/UCUMZ7gohGI9HcU9VNsr2FJQ,5170000,non,"Les retraités ciblés par de faux placements « sûrs » : Madoff, pig butchering, faux conseillers.",How Retirees Lost Their Life Savings to a 'Safe' Investment
Arnaques,Petit-enfant en détresse / clonage de voix IA,Scam City: New York City - Huge and Dangerous Counterfeit Scams | Free Documentary,https://youtu.be/gJAQ8MD4e5I,762260,2022-11-30,47,Free Documentary,https://www.youtube.com/channel/UCijcd0GR0fkxCAZwkiuWqtQ,5840000,non,"Raconter un vrai appel « Grandma, I'm in jail », puis donner la parade du mot de passe familial.","The 'Grandma, I'm in Trouble' Call: How AI Copies Your Grandson's Voice"
Arnaques,Récits et documentaires d'arnaques,She Scammed Millions of Dollars... with Coupons?  // The Robin Ramirez Coupon Scam,https://youtu.be/qeWT9EW-Clw,758097,2025-09-24,8,Ray William Johnson,https://www.youtube.com/channel/UCGt7X90Au6BV8rf49BiM6Dg,18600000,non,"Les grandes arnaques de l'histoire racontées en documentaire, avec la leçon pour aujourd'hui.",The Con Man Who Fooled America's Grandparents for 20 Years
Arnaques,Récits et documentaires d'arnaques,Why is Nigeria so good at scamming?,https://youtu.be/jF-WAwk1K9k,757968,2025-07-02,12,Elephants in Rooms - Ken LaCorte,https://www.youtube.com/channel/UCb8sfMalVgTMvA68dfKzA5Q,937000,non,"Les grandes arnaques de l'histoire racontées en documentaire, avec la leçon pour aujourd'hui.",The Con Man Who Fooled America's Grandparents for 20 Years
Arnaques,Investissement et crypto,Bernie Madoff: The $65 Billion Ponzi Scheme,https://youtu.be/Dp0HruFVnK8,747575,2023-05-26,59,The Casual Criminalist,https://www.youtube.com/channel/UCp1tsmksyf6TgKFMdt8-05Q,715000,non,"Les retraités ciblés par de faux placements « sûrs » : Madoff, pig butchering, faux conseillers.",How Retirees Lost Their Life Savings to a 'Safe' Investment
Vivre chez soi après 60,Désencombrer et réduire,Decluttering Lessons EVERYONE Learns Too Late,https://youtu.be/ni5PdRALN44,744677,2026-09-02,12,Daniel Hale,https://www.youtube.com/channel/UCs2PLQ5Wok8-4e0X0Z0Ab9A,16400,non,"Le « Swedish death cleaning », vendre la maison, et que faire des affaires que personne ne veut.",Nobody Wants Your Stuff: What to Do With Your Things After 70
Arnaques,"Loterie, cadeaux et colis","Woman loses $370,000 in Jamaican lottery scam to become Winner",https://youtu.be/JuwIXit-ifM,741285,2013-02-27,6,theGrio,https://www.youtube.com/channel/UC8fThw1O4sPhLlgSrfgwAGA,116000,non,"Les faux gains, Publishers Clearing House, les SMS de colis, les cartes cadeaux.",'You Won!' — Why a Real Lottery Never Asks You to Pay First
Arnaques,Arnaques au téléphone,New tricky ways thieves are targeting seniors,https://youtu.be/6xG69u6HmW8,735218,2022-12-06,27,KPRC 2 Click2Houston,https://www.youtube.com/channel/UCKQECjul8nw1KW_JzfBTP1A,792000,oui,"Expliquer les techniques des appels (le silence de 3 secondes, « Can you hear me? ») et ce qu'il faut répondre.",Why Scammers Stay Silent When You Answer — What to Say Instead
Arnaques,Arnaques sentimentales,Widow Sends 401(k) to Online Boyfriend... Or Romance Scammer?,https://youtu.be/Nlp-NPJ8940,734942,2025-03-12,38,Catfished,https://www.youtube.com/channel/UCns8cwhpu92cYJHAlEfWz_w,664000,oui,"Les veufs et veuves sont les premières cibles. Le récit d'une victime réelle, puis les signaux d'alerte.","She Was 72, Widowed, and Lost $300,000 to a Man She Never Met"
Arnaques,Faux support technique / piratage,Tech Support Scams Explained,https://youtu.be/KuBqn1f9uKc,730377,2018-10-26,6,Techquickie,https://www.youtube.com/channel/UC0vBXGSyV14uvJ4hECDOl0Q,4300000,non,"La fenêtre qui bloque l'écran, expliquée pas à pas, avec quoi faire et quoi ne jamais faire.","A Pop-Up Says Your Computer Is Locked — Do This, Not That"
Arnaques,Arnaques sentimentales,After Meeting The Man Of Her Dreams Woman Loses £100.000 in International Inheritance Scam,https://youtu.be/ZF_jXETsNwA,722112,2022-11-10,45,"Behavioural Strategist, LL.M. // La Belle Époque",https://www.youtube.com/channel/UCmAYnL1laj9b0Bh2KuXQQ7Q,7600,non,"Les veufs et veuves sont les premières cibles. Le récit d'une victime réelle, puis les signaux d'alerte.","She Was 72, Widowed, and Lost $300,000 to a Man She Never Met"
Vivre chez soi après 60,Où prendre sa retraite (USA),Great Rural Towns in North Carolina to Retire or Buy Real Estate.,https://youtu.be/zv_TzvxdN4c,716761,2022-05-13,14,World According To Briggs,https://www.youtube.com/channel/UCecPJBL6E1PVky1-gj6KH5g,1370000,oui,"Classements de villes et d'États selon le coût de la vie, les impôts et la sécurité.",10 Towns Where You Can Retire on Social Security Alone
Vivre chez soi après 60,Où prendre sa retraite (USA),5 State RETIREMENT Tax Considerations You're Likely Not Considering... (State Taxes Explained),https://youtu.be/uN4K3gGyEC0,713715,2022-11-05,12,Merit Financial Advisors,https://www.youtube.com/channel/UCVMAhVxKNDponjjb1HSuwHw,84100,oui,"Classements de villes et d'États selon le coût de la vie, les impôts et la sécurité.",10 Towns Where You Can Retire on Social Security Alone
Arnaques,Investissement et crypto,Scams and Frauds | 60 Minutes Marathon,https://youtu.be/V_ZvuOtDatE,713646,2025-03-23,208,60 Minutes,https://www.youtube.com/channel/UCsN32BtMd0IoByjJRNF12cw,4210000,non,"Les retraités ciblés par de faux placements « sûrs » : Madoff, pig butchering, faux conseillers.",How Retirees Lost Their Life Savings to a 'Safe' Investment
Vivre chez soi après 60,Où prendre sa retraite (USA),👴👵 Top 10 Worst States to Retire or be a Senior Citizen.,https://youtu.be/CY2AKGHWfrg,710183,2019-09-23,12,World According To Briggs,https://www.youtube.com/channel/UCecPJBL6E1PVky1-gj6KH5g,1370000,oui,"Classements de villes et d'États selon le coût de la vie, les impôts et la sécurité.",10 Towns Where You Can Retire on Social Security Alone
Arnaques,Arnaques sentimentales,Woman’s ‘networking’ with doctor scammer turns personal,https://youtu.be/x1APftN90Ws,709123,2021-10-13,18,Catfished,https://www.youtube.com/channel/UCns8cwhpu92cYJHAlEfWz_w,664000,non,"Les veufs et veuves sont les premières cibles. Le récit d'une victime réelle, puis les signaux d'alerte.","She Was 72, Widowed, and Lost $300,000 to a Man She Never Met"
Vivre chez soi après 60,Désencombrer et réduire,Swedish Death Cleaning Motivation,https://youtu.be/aqlPkax0hMQ,707991,2023-01-24,102,Shannon Torrens,https://www.youtube.com/channel/UCUqV8_zhkfU7xYvoZG70fUQ,116000,non,"Le « Swedish death cleaning », vendre la maison, et que faire des affaires que personne ne veut.",Nobody Wants Your Stuff: What to Do With Your Things After 70
Vivre chez soi après 60,Désencombrer et réduire,The ONLY Decluttering Video You'll Ever Need,https://youtu.be/VZ_XP56UEHg,707736,2025-08-13,60,That Practical Mom,https://www.youtube.com/channel/UCeDNVLP9jf9a2BDaLUQC7YA,1330000,non,"Le « Swedish death cleaning », vendre la maison, et que faire des affaires que personne ne veut.",Nobody Wants Your Stuff: What to Do With Your Things After 70
Vivre chez soi après 60,"Maison de retraite, résidence, aide",Lawyer Tells Struggling Seniors Which Bills They Do Not Have to Pay!,https://youtu.be/mbNLgiBIjxQ,696626,2025-03-13,21,SeniorLiving.Org,https://www.youtube.com/channel/UCIYQwu7wEpLyijISnF5Z6eA,86900,oui,"Comparer les options et les vrais coûts : rester chez soi, résidence, aide à domicile.",Assisted Living vs Staying Home: The Real Cost
Vivre chez soi après 60,Prendre sa retraite à l'étranger,7 Cheap Places to Live & Retire in Mexico (that nobody talks about),https://youtu.be/4HW2PmKUYmc,695654,2023-04-14,12,Aly Smalls,https://www.youtube.com/channel/UCjHBvutnv4fE6EoBjbBZHKg,290000,oui,"Le vrai budget mensuel, les visas, la santé et les pièges dans chaque pays.",Retiring in Mexico on Social Security: The Real Monthly Cost
Arnaques,"Loterie, cadeaux et colis",Jamaican lottery scams target elderly Americans,https://youtu.be/UaqVL9yJVzM,690934,2013-03-12,6,CBS News,https://www.youtube.com/channel/UC8p1vwvWtl6T73JiExfWs1g,7100000,oui,"Les faux gains, Publishers Clearing House, les SMS de colis, les cartes cadeaux.",'You Won!' — Why a Real Lottery Never Asks You to Pay First
Vivre chez soi après 60,Sécurité de la maison,15 Things Ex-MI6 Officers Teach Elderly British People Living Alone to Keep Burglars Away at Night,https://youtu.be/Phtfiy7eVBw,689344,2026-10-02,20,Christopher Johnson,https://www.youtube.com/channel/UC25wvCM4xBbfZHged4XyAgw,4090,oui,"Très peu de vidéos sur ce sujet, donc de la place. Cambriolages, portes, voisins, appareils simples.",What Burglars Look for in the Homes of People Over 70
Arnaques,"Loterie, cadeaux et colis",Scam Bites - Probing The Morality Of Scammers,https://youtu.be/ckKpO6eVbD4,685726,2019-12-20,11,Atomic Shrimp,https://www.youtube.com/channel/UCSl5Uxu2LyaoAoMMGp6oTJA,1110000,non,"Les faux gains, Publishers Clearing House, les SMS de colis, les cartes cadeaux.",'You Won!' — Why a Real Lottery Never Asks You to Pay First
Arnaques,Arnaques sentimentales,"Romance scam victim lost $500,000, shares story for first time",https://youtu.be/_6hKErybcBo,685709,2018-05-07,7,WPTV News - FL Palm Beaches and Treasure Coast,https://www.youtube.com/channel/UC0bCUnP5RrkJZUtd3bBz6Kw,404000,non,"Les veufs et veuves sont les premières cibles. Le récit d'une victime réelle, puis les signaux d'alerte.","She Was 72, Widowed, and Lost $300,000 to a Man She Never Met"
Arnaques,"Social Security, Medicare, IRS",You're Wrong About Social Security Fraud,https://youtu.be/3pZn6ZxDqwE,685100,2025-06-05,25,LegalEagle,https://www.youtube.com/channel/UCpa-Zb0ZcQjTCPP1Dx_1M8Q,3950000,oui,Les scripts des faux agents de l'État et ce que l'administration ne fait jamais.,"5 Things Social Security Will Never Do (If They Do, Hang Up)"
Arnaques,Faux support technique / piratage,New Scams to Watch Out For in 2025,https://youtu.be/NW8XY2tp5RM,672822,2025-02-26,14,ThioJoe,https://www.youtube.com/channel/UCQSpnDG3YsFNf5-qHocF-WQ,3140000,non,"La fenêtre qui bloque l'écran, expliquée pas à pas, avec quoi faire et quoi ne jamais faire.","A Pop-Up Says Your Computer Is Locked — Do This, Not That"
Vivre chez soi après 60,Communautés 55+,"His Retirement Dream Home Cost Just $68,000",https://youtu.be/4IKsBfhih9w,671140,2026-07-31,10,Tiny House Giant Journey,https://www.youtube.com/channel/UCE7GmAYeBVgqDItdX2ihuHQ,1990000,oui,"Visites, avantages et défauts, et ce que les vendeurs ne disent pas.",Why People Are Leaving 55+ Communities (What Sales Agents Won't Say)
Vivre chez soi après 60,Communautés 55+,Stunning Small Homes for Seniors: Take A Peek Inside!,https://youtu.be/rW8A4AQDRRU,670894,2025-07-30,8,Jerry Pinkas,https://www.youtube.com/channel/UCnxSLgaWw6w7ocPiPHqB3Qg,218000,oui,"Visites, avantages et défauts, et ce que les vendeurs ne disent pas.",Why People Are Leaving 55+ Communities (What Sales Agents Won't Say)
Vivre chez soi après 60,Argent de la retraite,Why You SHOULD Retire and Take Social Security at Age 62  (5 Reasons),https://youtu.be/l12UXDDH4pY,669775,2022-01-06,4,The Medicare Family,https://www.youtube.com/channel/UCQ6ofuFkAtV9Uf5rV_16Qiw,200000,oui,"Vivre avec la seule Social Security, quand la demander, les erreurs à éviter.",Retiring With Almost Nothing Saved: 7 Things That Still Work
Arnaques,Faux support technique / piratage,Don't Fall For This Virus Warning Scam!,https://youtu.be/rXn8CXE14Fw,666603,2016-02-29,5,Jim Stickley,https://www.youtube.com/channel/UC0lLykLPVL7LHNmMuh0Si9g,6130,non,"La fenêtre qui bloque l'écran, expliquée pas à pas, avec quoi faire et quoi ne jamais faire.","A Pop-Up Says Your Computer Is Locked — Do This, Not That"
Arnaques,"Loterie, cadeaux et colis",How Visa Gift Card Scams Work,https://youtu.be/_7tljKx2iyg,658834,2021-05-21,9,BeatTheBush,https://www.youtube.com/channel/UCcnyjTK4IheQN2ycsE7NZTQ,389000,non,"Les faux gains, Publishers Clearing House, les SMS de colis, les cartes cadeaux.",'You Won!' — Why a Real Lottery Never Asks You to Pay First
Arnaques,Récits et documentaires d'arnaques,How Crazy Eddie Built a $160 Million Empire of Fraud,https://youtu.be/aaLEDWo33wY,655127,2023-06-13,49,Anomaly Documentaries,https://www.youtube.com/channel/UCCbBpy3cZD5xRxZMmTfTn7g,71500,non,"Les grandes arnaques de l'histoire racontées en documentaire, avec la leçon pour aujourd'hui.",The Con Man Who Fooled America's Grandparents for 20 Years
Arnaques,Récits et documentaires d'arnaques,The Biggest Fraud on Wall Street,https://youtu.be/aybl-1krYX0,654435,2025-06-10,19,Hamish Hodder,https://www.youtube.com/channel/UCODr9HUJ90xtWD-0Xoz4vPw,387000,non,"Les grandes arnaques de l'histoire racontées en documentaire, avec la leçon pour aujourd'hui.",The Con Man Who Fooled America's Grandparents for 20 Years
Arnaques,Arnaques sentimentales,"Widow Sends $2,700,000 to Her Online Husband... Or Romance Scam?",https://youtu.be/gm9CdLWHL4k,652345,2025-11-20,48,Catfished,https://www.youtube.com/channel/UCns8cwhpu92cYJHAlEfWz_w,664000,oui,"Les veufs et veuves sont les premières cibles. Le récit d'une victime réelle, puis les signaux d'alerte.","She Was 72, Widowed, and Lost $300,000 to a Man She Never Met"
Vivre chez soi après 60,Désencombrer et réduire,My Biggest Downsizing Mistake in Retirement,https://youtu.be/biE2jzHDgB0,651600,2026-03-16,8,Retired and Trying ,https://www.youtube.com/channel/UCV1Zf1a-TxB1TK5LtZvYVpQ,9730,oui,"Le « Swedish death cleaning », vendre la maison, et que faire des affaires que personne ne veut.",Nobody Wants Your Stuff: What to Do With Your Things After 70
Arnaques,Arnaques sentimentales,Woman funds scammer’s life after ‘lost wallet’,https://youtu.be/-WeJ4PRFUeU,646959,2023-09-27,25,Catfished,https://www.youtube.com/channel/UCns8cwhpu92cYJHAlEfWz_w,664000,non,"Les veufs et veuves sont les premières cibles. Le récit d'une victime réelle, puis les signaux d'alerte.","She Was 72, Widowed, and Lost $300,000 to a Man She Never Met"
Arnaques,Arnaques sentimentales,Woman INSISTS Celebrity Boyfriend is NOT a Scam,https://youtu.be/NVPG_NitoDU,637472,2022-08-10,19,Catfished,https://www.youtube.com/channel/UCns8cwhpu92cYJHAlEfWz_w,664000,non,"Les veufs et veuves sont les premières cibles. Le récit d'une victime réelle, puis les signaux d'alerte.","She Was 72, Widowed, and Lost $300,000 to a Man She Never Met"
Vivre chez soi après 60,Où prendre sa retraite (USA),NEW 10 Countries Practically Begging Americans to Retire There (2025),https://youtu.be/9WQJ8y1ClGs,637131,2025-07-02,11,Best Retirement,https://www.youtube.com/channel/UC-G0Km_XeqeVbH2GNsM1nVg,6770,oui,"Classements de villes et d'États selon le coût de la vie, les impôts et la sécurité.",10 Towns Where You Can Retire on Social Security Alone
Vivre chez soi après 60,Argent de la retraite,7 Tips for Living Comfortably on Social Security Alone,https://youtu.be/D_uDwgBkQlA,634640,2021-12-23,12,Holy Schmidt!,https://www.youtube.com/channel/UCl9IwlpNczNQllEfeIrzscQ,477000,oui,"Vivre avec la seule Social Security, quand la demander, les erreurs à éviter.",Retiring With Almost Nothing Saved: 7 Things That Still Work
Arnaques,Faux banquiers / usurpation,SCAM ALERT! The Most DANGEROUS Scams Right Now | 59-Minute Marathon,https://youtu.be/z295UWOd7Fc,631701,2026-08-31,59,Scams & Frauds,https://www.youtube.com/channel/UCWJcs8BeWSiHXxjgLKyHwUQ,23500,non,"Le faux « service fraude » de la banque, Zelle, la carte de débit : ce qu'une vraie banque ne demande jamais.",Your Bank Will Never Ask You This: The Fake Fraud Department Call
Vivre chez soi après 60,Désencombrer et réduire,HOW I GOT RID OF MOST OF MY STUFF! (Best Tips for Downsizing to Move Into Your Tiny Home),https://youtu.be/e562e3xBSNU,628677,2020-11-11,21,myBIGtinyhouselife,https://www.youtube.com/channel/UCF9nWClLC6cnjDozt8WRTRQ,46500,non,"Le « Swedish death cleaning », vendre la maison, et que faire des affaires que personne ne veut.",Nobody Wants Your Stuff: What to Do With Your Things After 70
Vivre chez soi après 60,Désencombrer et réduire,The Decluttering Method That Changed My Life,https://youtu.be/an5cjbmAfws,624628,2025-08-21,54,The Minimal Mom,https://www.youtube.com/channel/UCeLICYOqHfIrfSAQq1TT7PA,883000,non,"Le « Swedish death cleaning », vendre la maison, et que faire des affaires que personne ne veut.",Nobody Wants Your Stuff: What to Do With Your Things After 70
Arnaques,Arnaques sentimentales,I Was A Victim Of A Dating Scam | For Love Or Money (Romance Fraud Documentary) | Real Stories,https://youtu.be/sBhRKRuhbDM,623398,2021-09-07,44,Real Stories,https://www.youtube.com/channel/UCu4XcDBdnZkV6-5z2f16M0g,6760000,non,"Les veufs et veuves sont les premières cibles. Le récit d'une victime réelle, puis les signaux d'alerte.","She Was 72, Widowed, and Lost $300,000 to a Man She Never Met"
Vivre chez soi après 60,Où prendre sa retraite (USA),Top 10 Countries That Pay You to Retire — Secrets Every American Should Know,https://youtu.be/ezJKroZWlDA,616842,2025-07-11,20,Restful Wealth,https://www.youtube.com/channel/UC8YvQpqqnxCenV3kPNm0fWg,42200,oui,"Classements de villes et d'États selon le coût de la vie, les impôts et la sécurité.",10 Towns Where You Can Retire on Social Security Alone
Vivre chez soi après 60,Communautés 55+,Why are These Florida 55+ Homes This Cheap?,https://youtu.be/WVO-nzJPQEo,614960,2025-10-14,14,Explore55Plus,https://www.youtube.com/channel/UC1ev71gfzAnec-95qSLNkdA,26500,oui,"Visites, avantages et défauts, et ce que les vendeurs ne disent pas.",Why People Are Leaving 55+ Communities (What Sales Agents Won't Say)
Arnaques,Récits et documentaires d'arnaques,The Biggest Scam in Automotive History,https://youtu.be/fmUN6QEQsnI,611940,2023-05-31,26,Dantavius,https://www.youtube.com/channel/UCqnrCi6DlOrkF9DPbjoIcAw,682000,non,"Les grandes arnaques de l'histoire racontées en documentaire, avec la leçon pour aujourd'hui.",The Con Man Who Fooled America's Grandparents for 20 Years
Arnaques,"Loterie, cadeaux et colis",Chinese Group DEPORTED after Million Dollar Gift Card Scam.,https://youtu.be/CGah7miUZt8,611158,2026-03-31,10,The CrimePiece,https://www.youtube.com/channel/UC1Q4fKuozcI5yqyjkSWqBfw,290000,non,"Les faux gains, Publishers Clearing House, les SMS de colis, les cartes cadeaux.",'You Won!' — Why a Real Lottery Never Asks You to Pay First
Arnaques,Arnaques à domicile,The Great Gold Scam,https://youtu.be/JThlN-NX1Dw,610970,2026-03-24,33,Tucker Carlson,https://www.youtube.com/channel/UCGttrUON87gWfU6dMWm1fcA,5770000,non,"Le faux couvreur après l'orage, le faux employé du gaz, le garagiste malhonnête.",The Roofer Who Knocks After a Storm: 6 Home Repair Scams Targeting Seniors
Arnaques,"Loterie, cadeaux et colis",Gift cards scam: FBI warns of ‘untraceable cash’,https://youtu.be/ghyLO45RmGA,608714,2024-02-23,5,NBC Bay Area,https://www.youtube.com/channel/UCmKKVuZrBfSGiuvtOuipoDA,395000,non,"Les faux gains, Publishers Clearing House, les SMS de colis, les cartes cadeaux.",'You Won!' — Why a Real Lottery Never Asks You to Pay First
Arnaques,Arnaques sentimentales,Romance Scammer Plots To Marry Into The Family,https://youtu.be/0DSgJ14aX6Q,606825,2023-08-30,19,Catfished,https://www.youtube.com/channel/UCns8cwhpu92cYJHAlEfWz_w,664000,non,"Les veufs et veuves sont les premières cibles. Le récit d'une victime réelle, puis les signaux d'alerte.","She Was 72, Widowed, and Lost $300,000 to a Man She Never Met"
Vivre chez soi après 60,Désencombrer et réduire,Feel Guilty Getting Rid of Stuff? Don't.,https://youtu.be/Kn356izyk7A,605201,2020-07-24,4,Joshua Becker,https://www.youtube.com/channel/UCBMKymQczkDxCpE1R2vvA4Q,350000,non,"Le « Swedish death cleaning », vendre la maison, et que faire des affaires que personne ne veut.",Nobody Wants Your Stuff: What to Do With Your Things After 70
Vivre chez soi après 60,Désencombrer et réduire,31 Things Your Home Doesn’t Need - Declutter Without Regret,https://youtu.be/CWQ-F6b-jck,604074,2024-11-12,22,Clutterbug,https://www.youtube.com/channel/UC_ldgDzMaFzAEHEnIjSlWoA,1300000,non,"Le « Swedish death cleaning », vendre la maison, et que faire des affaires que personne ne veut.",Nobody Wants Your Stuff: What to Do With Your Things After 70
Arnaques,Arnaques au téléphone,Messing with phone scammers,https://youtu.be/aVlreiLQ_Yc,600078,2018-02-27,4,Officer Daniels,https://www.youtube.com/channel/UC52wMwIBpqNJB5-UN3-2GmA,109000,non,"Expliquer les techniques des appels (le silence de 3 secondes, « Can you hear me? ») et ce qu'il faut répondre.",Why Scammers Stay Silent When You Answer — What to Say Instead
Arnaques,Arnaques à domicile,Phoenix Plumbing : How To Spot A Plumbing Scam (As Seen on Dateline),https://youtu.be/vn0AqkTO_PU,599305,2011-11-15,8,marlinplumbing,https://www.youtube.com/channel/UC0m85SbiMnfpoFvM3d9ym8Q,1610,non,"Le faux couvreur après l'orage, le faux employé du gaz, le garagiste malhonnête.",The Roofer Who Knocks After a Storm: 6 Home Repair Scams Targeting Seniors
Arnaques,"Loterie, cadeaux et colis",The lottery is literally a scam.,https://youtu.be/VUECTyzE6G8,598281,2022-05-03,14,Jake Tran,https://www.youtube.com/channel/UCoOjH8D2XAgjzQlneM2W0EQ,1840000,non,"Les faux gains, Publishers Clearing House, les SMS de colis, les cartes cadeaux.",'You Won!' — Why a Real Lottery Never Asks You to Pay First
Arnaques,Faux support technique / piratage,How Do Scammers Take Over Your Phone And Steal Your Money? - Part 1/2 | Talking Point | Full Episode,https://youtu.be/LsNNGxnXON8,597818,2023-10-11,23,CNA Insider,https://www.youtube.com/channel/UC_Lnb8ZHqqgLbp-7hltuT9w,2700000,non,"La fenêtre qui bloque l'écran, expliquée pas à pas, avec quoi faire et quoi ne jamais faire.","A Pop-Up Says Your Computer Is Locked — Do This, Not That"
Arnaques,"Loterie, cadeaux et colis",Check Scammer Finds Unlimited Money Glitch!,https://youtu.be/4ITgshGEing,597690,2025-08-17,226,Matthew Cox | Inside True Crime,https://www.youtube.com/channel/UC3_qYh4foNgVXI7NzcuxlCA,1250000,non,"Les faux gains, Publishers Clearing House, les SMS de colis, les cartes cadeaux.",'You Won!' — Why a Real Lottery Never Asks You to Pay First
Arnaques,Investissement et crypto,Preaching Pyramid Schemes |  American Greed,https://youtu.be/puSfAkW6kW8,597291,2023-02-10,7,CNBC Ambition,https://www.youtube.com/channel/UCFUWcce_D9zTeRx6L0rasvw,620000,non,"Les retraités ciblés par de faux placements « sûrs » : Madoff, pig butchering, faux conseillers.",How Retirees Lost Their Life Savings to a 'Safe' Investment
Arnaques,"Social Security, Medicare, IRS",Talking to two IRS Scammers,https://youtu.be/djspxQ7VLiA,587111,2018-09-07,12,BBB Wisconsin,https://www.youtube.com/channel/UCABiH4MFtftfPtYiN8X1sUg,24800,non,Les scripts des faux agents de l'État et ce que l'administration ne fait jamais.,"5 Things Social Security Will Never Do (If They Do, Hang Up)"
Vivre chez soi après 60,Argent de la retraite,Can You Retire on Social Security Alone? (Josh's Best Tips),https://youtu.be/D-9t-tNsAfM,579987,2019-08-16,37,Boomer Benefits - Medicare Expert,https://www.youtube.com/channel/UCA1tE2GqCPOeRVneHpaQiGQ,413000,oui,"Vivre avec la seule Social Security, quand la demander, les erreurs à éviter.",Retiring With Almost Nothing Saved: 7 Things That Still Work
Vivre chez soi après 60,Vivre seul après 70 ans,The Truth About Older Men Living Alone — 5 Surprising Facts Every Senior Must Know,https://youtu.be/DbEURyg4uTs,578356,2026-02-16,7,Health Vibe ,https://www.youtube.com/channel/UCpqPL7eofzCyiQVbJVYXDqg,71400,oui,"Ce qui change quand on vit seul, comment rester en sécurité, entouré et autonome.",Living Alone After 75: 9 Things That Keep You Safe and Happy
Arnaques,Faux banquiers / usurpation,Phishing bank scam dupes Golden couple out of $137K,https://youtu.be/l5Xi7UFYnas,574775,2024-02-02,5,FOX31 Denver,https://www.youtube.com/channel/UCkRP0nS2qERsw-U-OTLbI0A,157000,non,"Le faux « service fraude » de la banque, Zelle, la carte de débit : ce qu'une vraie banque ne demande jamais.",Your Bank Will Never Ask You This: The Fake Fraud Department Call
Arnaques,Arnaques sentimentales,W5: Love & Money | Exploring Canada's costliest romance scam,https://youtu.be/v6OKnD9u6bY,573037,2020-03-01,23,Official W5,https://www.youtube.com/channel/UCPTDmZEOrQKHT-6AM7aTTTA,318000,non,"Les veufs et veuves sont les premières cibles. Le récit d'une victime réelle, puis les signaux d'alerte.","She Was 72, Widowed, and Lost $300,000 to a Man She Never Met"
Vivre chez soi après 60,Désencombrer et réduire,How to Start Decluttering Even When You're Overwhelmed,https://youtu.be/KB1hNf4zQT4,572406,2022-12-26,10,Dana K White,https://www.youtube.com/channel/UCXJYTIbOnPhWHdqJX5oK_Hw,251000,non,"Le « Swedish death cleaning », vendre la maison, et que faire des affaires que personne ne veut.",Nobody Wants Your Stuff: What to Do With Your Things After 70
Arnaques,Investissement et crypto,Exposing Patrick Bet-David's Pyramid Scheme,https://youtu.be/v171sWqAIX8,571618,2024-03-01,25,Always Marco,https://www.youtube.com/channel/UC-e26L0Gv3tTlL4j8dWLe6A,123000,non,"Les retraités ciblés par de faux placements « sûrs » : Madoff, pig butchering, faux conseillers.",How Retirees Lost Their Life Savings to a 'Safe' Investment
Arnaques,Arnaques sentimentales,The Man I'm Engaged To Is A Romance Scammer!,https://youtu.be/v-s3yUkwZfc,571458,2022-09-07,17,Catfished,https://www.youtube.com/channel/UCns8cwhpu92cYJHAlEfWz_w,664000,non,"Les veufs et veuves sont les premières cibles. Le récit d'une victime réelle, puis les signaux d'alerte.","She Was 72, Widowed, and Lost $300,000 to a Man She Never Met"
Arnaques,Récits et documentaires d'arnaques,The Worst Scams of 2026 (People Are Losing Everything),https://youtu.be/fyLJxWW9OPU,568917,2026-02-19,19,Scams & Frauds,https://www.youtube.com/channel/UCWJcs8BeWSiHXxjgLKyHwUQ,23500,non,"Les grandes arnaques de l'histoire racontées en documentaire, avec la leçon pour aujourd'hui.",The Con Man Who Fooled America's Grandparents for 20 Years
Arnaques,Arnaques à domicile,Exposing the housing heist that’s scamming seniors (Marketplace),https://youtu.be/-FcRj3HHS7I,567905,2023-11-25,21,CBC News,https://www.youtube.com/channel/UCuFFtHWoLl5fauMMD5Ww2jA,4770000,oui,"Le faux couvreur après l'orage, le faux employé du gaz, le garagiste malhonnête.",The Roofer Who Knocks After a Storm: 6 Home Repair Scams Targeting Seniors
Arnaques,Arnaques sentimentales,Victim Sells Her Home To Help A Romance Scammer!,https://youtu.be/8fu0OPgTX5U,567608,2023-03-08,22,Catfished,https://www.youtube.com/channel/UCns8cwhpu92cYJHAlEfWz_w,664000,non,"Les veufs et veuves sont les premières cibles. Le récit d'une victime réelle, puis les signaux d'alerte.","She Was 72, Widowed, and Lost $300,000 to a Man She Never Met"
Arnaques,"Loterie, cadeaux et colis",Caregiver steals winning casino jackpot from elderly man,https://youtu.be/RrfWgwCklqo,566399,2025-01-16,9,What Would You Do?,https://www.youtube.com/channel/UCwdo8-3UrfZ9scHPl0m4Ysg,6240000,oui,"Les faux gains, Publishers Clearing House, les SMS de colis, les cartes cadeaux.",'You Won!' — Why a Real Lottery Never Asks You to Pay First
Arnaques,Arnaques sentimentales,"Man Transfers Over $1,000,000 in Sophisticated Romance Scam!",https://youtu.be/GUdzWKLclkE,560380,2025-11-07,66,Catfished,https://www.youtube.com/channel/UCns8cwhpu92cYJHAlEfWz_w,664000,non,"Les veufs et veuves sont les premières cibles. Le récit d'une victime réelle, puis les signaux d'alerte.","She Was 72, Widowed, and Lost $300,000 to a Man She Never Met"
Arnaques,Récits et documentaires d'arnaques,The Trillion Dollar Con Man   Russell King Documentary english part 1,https://youtu.be/zjbAKN-woBA,558931,2013-11-26,14,Diana Ploschen,https://www.youtube.com/channel/UCqGTKGXNefMeRI_r3a0_Dzw,1570,non,"Les grandes arnaques de l'histoire racontées en documentaire, avec la leçon pour aujourd'hui.",The Con Man Who Fooled America's Grandparents for 20 Years
Arnaques,Arnaques au téléphone,Why Scammers Stay Silent For 3 Seconds When You Pick Up The Phone,https://youtu.be/G7USiPRCpRY,558905,2026-08-29,5,Boyd Clewis,https://www.youtube.com/channel/UCmTS2gGo4gjZLt8LxVnF3XA,337000,non,"Expliquer les techniques des appels (le silence de 3 secondes, « Can you hear me? ») et ce qu'il faut répondre.",Why Scammers Stay Silent When You Answer — What to Say Instead
Arnaques,Investissement et crypto,I Was Scammed Of $77k - Here’s What You Need To Learn From My Story,https://youtu.be/LOPz4_ryviE,558458,2022-10-20,6,CNA Insider,https://www.youtube.com/channel/UC_Lnb8ZHqqgLbp-7hltuT9w,2700000,non,"Les retraités ciblés par de faux placements « sûrs » : Madoff, pig butchering, faux conseillers.",How Retirees Lost Their Life Savings to a 'Safe' Investment
Arnaques,Récits et documentaires d'arnaques,"Just Hang Up - Scams Against Seniors, Part 1",https://youtu.be/Bc_n3n83ow0,557927,2013-04-02,22,Reveal,https://www.youtube.com/channel/UCdmqkUIfXt2cMBOLQsijMFg,92300,oui,"Les grandes arnaques de l'histoire racontées en documentaire, avec la leçon pour aujourd'hui.",The Con Man Who Fooled America's Grandparents for 20 Years
Vivre chez soi après 60,Où prendre sa retraite (USA),Top 10 Affordable Islands Where You Can Actually Retire Comfortably,https://youtu.be/7qrNSkm-sxs,550443,2025-05-31,23,Restful Wealth,https://www.youtube.com/channel/UC8YvQpqqnxCenV3kPNm0fWg,42200,oui,"Classements de villes et d'États selon le coût de la vie, les impôts et la sécurité.",10 Towns Where You Can Retire on Social Security Alone
Arnaques,Arnaques au téléphone,How These SCAMS Just Keep Getting Worse in 2026,https://youtu.be/YMAxdJiQm8A,550023,2026-09-20,23,Zac Rios,https://www.youtube.com/channel/UCsfasHJphdMDFkcse5sQ9Uw,470000,non,"Expliquer les techniques des appels (le silence de 3 secondes, « Can you hear me? ») et ce qu'il faut répondre.",Why Scammers Stay Silent When You Answer — What to Say Instead
Arnaques,Investissement et crypto,Top 10 Craziest Ponzi Schemes,https://youtu.be/f8CndEr8Onk,546406,2020-06-23,21,Patrick Boyle,https://www.youtube.com/channel/UCASM0cgfkJxQ1ICmRilfHLw,1350000,non,"Les retraités ciblés par de faux placements « sûrs » : Madoff, pig butchering, faux conseillers.",How Retirees Lost Their Life Savings to a 'Safe' Investment
Arnaques,Faux support technique / piratage,How Hackers Remotely Control Any PC?!,https://youtu.be/nj1eb9KEC7s,536614,2022-09-05,9,Loi Liang Yang,https://www.youtube.com/channel/UC1szFCBUWXY3ESff8dJjjzw,1220000,non,"La fenêtre qui bloque l'écran, expliquée pas à pas, avec quoi faire et quoi ne jamais faire.","A Pop-Up Says Your Computer Is Locked — Do This, Not That"
Arnaques,Récits et documentaires d'arnaques,A love-struck con artist 'scammed' Donna Nelson into carrying drugs to Japan | Australian Story,https://youtu.be/mg7le2jnpwo,534458,2025-04-29,30,ABC News In-depth,https://www.youtube.com/channel/UCxcrzzhQDj5zKJbXfIscCtg,2450000,non,"Les grandes arnaques de l'histoire racontées en documentaire, avec la leçon pour aujourd'hui.",The Con Man Who Fooled America's Grandparents for 20 Years
Arnaques,Arnaques sentimentales,Online Dating Scam Ends With Two Bodies Floating in the River | The Case of Laura Kowal,https://youtu.be/BteFT-tWJWg,533417,2025-06-16,66,Annie Elise,https://www.youtube.com/channel/UCOK0fZAUx82plnLhTKZW6qg,1820000,non,"Les veufs et veuves sont les premières cibles. Le récit d'une victime réelle, puis les signaux d'alerte.","She Was 72, Widowed, and Lost $300,000 to a Man She Never Met"
Arnaques,Faux banquiers / usurpation,Did Son Steal His Mom's Identity?! | Part 1,https://youtu.be/nToid4_fvnk,527764,2024-04-30,4,Judge Judy,https://www.youtube.com/channel/UCzMPPxbQG6iZttQhq3ukXSg,1280000,non,"Le faux « service fraude » de la banque, Zelle, la carte de débit : ce qu'une vraie banque ne demande jamais.",Your Bank Will Never Ask You This: The Fake Fraud Department Call
Arnaques,Récits et documentaires d'arnaques,How Scammers Turned ME Into Their Next Victim | Fraud Wars,https://youtu.be/0cXlqF_djwQ,527676,2025-09-18,13,AARP,https://www.youtube.com/channel/UCmyGH1tjNBs2VFtVSAtmNOg,420000,non,"Les grandes arnaques de l'histoire racontées en documentaire, avec la leçon pour aujourd'hui.",The Con Man Who Fooled America's Grandparents for 20 Years
Arnaques,Faux support technique / piratage,MONEY SCAM STORY - TECH SUPPORT FRAUD,https://youtu.be/vJhMUzZu-6s,527556,2024-01-19,23,Aarush Bhola Fit - Mess,https://www.youtube.com/channel/UC0-K7BZ5u25nH7_91vXsmBA,2510000,non,"La fenêtre qui bloque l'écran, expliquée pas à pas, avec quoi faire et quoi ne jamais faire.","A Pop-Up Says Your Computer Is Locked — Do This, Not That"
Arnaques,Récits et documentaires d'arnaques,History’s Greatest Scams | Lemonade Stand 🍋,https://youtu.be/vmYAMVgrBJs,526704,2026-04-22,109,Lemonade Stand,https://www.youtube.com/channel/UCwVevVbti5Uuxj6Mkl5NHRA,264000,non,"Les grandes arnaques de l'histoire racontées en documentaire, avec la leçon pour aujourd'hui.",The Con Man Who Fooled America's Grandparents for 20 Years
Arnaques,Arnaques sentimentales,Online Boyfriend Demands $10K To Come Home... Or Romance Fraud?,https://youtu.be/Fjoak5KiAOY,526425,2025-09-10,27,Catfished,https://www.youtube.com/channel/UCns8cwhpu92cYJHAlEfWz_w,664000,non,"Les veufs et veuves sont les premières cibles. Le récit d'une victime réelle, puis les signaux d'alerte.","She Was 72, Widowed, and Lost $300,000 to a Man She Never Met"
Vivre chez soi après 60,Désencombrer et réduire,"I tried ""Swedish Death Cleaning"" and it CHANGED EVERYTHING!",https://youtu.be/hCW7pF1V4tQ,525527,2024-09-07,11,That Awkward Mom,https://www.youtube.com/channel/UC3jF6IyNjjovL_aOFwNhrQA,163000,non,"Le « Swedish death cleaning », vendre la maison, et que faire des affaires que personne ne veut.",Nobody Wants Your Stuff: What to Do With Your Things After 70
Arnaques,Faux banquiers / usurpation,EVERYBODY SHOULDN’T BE THIS GOOD AT LYING (Scam Line),https://youtu.be/BirmEeMr0MQ,523610,2026-03-23,68,RDC Live,https://www.youtube.com/channel/UCOnECY8FBKKPVi5ZsSgXPJA,689000,non,"Le faux « service fraude » de la banque, Zelle, la carte de débit : ce qu'une vraie banque ne demande jamais.",Your Bank Will Never Ask You This: The Fake Fraud Department Call
Arnaques,Arnaques sentimentales,W5: The Suckers List | How fraudsters repeatedly con romance scam victims,https://youtu.be/UQqgkFuBNgw,522478,2020-12-13,20,Official W5,https://www.youtube.com/channel/UCPTDmZEOrQKHT-6AM7aTTTA,318000,non,"Les veufs et veuves sont les premières cibles. Le récit d'une victime réelle, puis les signaux d'alerte.","She Was 72, Widowed, and Lost $300,000 to a Man She Never Met"
Arnaques,Arnaques sentimentales,"Nurse Ignores Advice from Real Person, Continues To Get Scammed by Scammer",https://youtu.be/YMzIoPgNkso,518263,2025-01-01,33,Catfished,https://www.youtube.com/channel/UCns8cwhpu92cYJHAlEfWz_w,664000,non,"Les veufs et veuves sont les premières cibles. Le récit d'une victime réelle, puis les signaux d'alerte.","She Was 72, Widowed, and Lost $300,000 to a Man She Never Met"
Arnaques,"Loterie, cadeaux et colis",Karen uses Credit Card SCAM to steal $2000 of Giftcards and gets CAUGHT - Reddit Podcast,https://youtu.be/b5XvPNiJTKA,511972,2022-06-26,25,Am I the Jerk?,https://www.youtube.com/channel/UCZKLuU6t7CaB_RD-bD4qdWw,1210000,non,"Les faux gains, Publishers Clearing House, les SMS de colis, les cartes cadeaux.",'You Won!' — Why a Real Lottery Never Asks You to Pay First
Arnaques,Arnaques sentimentales,Man Dates Jennifer Aniston Or Online Romance Scam?,https://youtu.be/vK0KUVrw5Is,511707,2024-02-28,19,Catfished,https://www.youtube.com/channel/UCns8cwhpu92cYJHAlEfWz_w,664000,non,"Les veufs et veuves sont les premières cibles. Le récit d'une victime réelle, puis les signaux d'alerte.","She Was 72, Widowed, and Lost $300,000 to a Man She Never Met"
Arnaques,Arnaques au téléphone,Let's Watch 1 Hour of Festival & Convention SCAMS,https://youtu.be/FkrSecYm0Rc,511104,2026-04-04,55,The Zac Rios Show,https://www.youtube.com/channel/UCgwKyXL_9ZsRgxQm17A8MVA,73900,non,"Expliquer les techniques des appels (le silence de 3 secondes, « Can you hear me? ») et ce qu'il faut répondre.",Why Scammers Stay Silent When You Answer — What to Say Instead
Arnaques,Faux banquiers / usurpation,SCAM CALLING MY FRIENDS!,https://youtu.be/xtwI8uVVhiM,508742,2026-01-29,55,Bigpuffer,https://www.youtube.com/channel/UCmY6t25uVbXIDTizjfLBI4Q,1240000,non,"Le faux « service fraude » de la banque, Zelle, la carte de débit : ce qu'une vraie banque ne demande jamais.",Your Bank Will Never Ask You This: The Fake Fraud Department Call
Vivre chez soi après 60,Où prendre sa retraite (USA),10 Countries Where YOU Can Retire as a Black Person Without Financial Fear,https://youtu.be/k2ZBurSCukE,506826,2026-01-27,28,Virtual Travel by Brian,https://www.youtube.com/channel/UC8VKqMPCrYzddgiyCDImXYQ,244000,oui,"Classements de villes et d'États selon le coût de la vie, les impôts et la sécurité.",10 Towns Where You Can Retire on Social Security Alone
Vivre chez soi après 60,"Maison de retraite, résidence, aide",55 plus communities: Problems they NEVER tell you about!,https://youtu.be/oZjIjp82cXY,505005,2024-10-09,5,Senior Living In Corona & Beyond,https://www.youtube.com/channel/UC8k0ZdBVdrFDpX8EQss_VPQ,2530,oui,"Comparer les options et les vrais coûts : rester chez soi, résidence, aide à domicile.",Assisted Living vs Staying Home: The Real Cost
Vivre chez soi après 60,Vivre seul après 70 ans,【Living Alone in the Countryside】A Day in the Life of 93 y/o Grandma Kinoe | Japanese home garden,https://youtu.be/DdIsBeMv0SE,504258,2025-08-10,32,Japanese Grandma Kinoe,https://www.youtube.com/channel/UCvU3HU-BpzXSZfrp0uPDL2A,149000,oui,"Ce qui change quand on vit seul, comment rester en sécurité, entouré et autonome.",Living Alone After 75: 9 Things That Keep You Safe and Happy
Vivre chez soi après 60,Désencombrer et réduire,10 Things That Changed From Swedish Death Cleaning,https://youtu.be/U3ZPdzct5os,503985,2023-06-25,12,Shannon Torrens,https://www.youtube.com/channel/UCUqV8_zhkfU7xYvoZG70fUQ,116000,non,"Le « Swedish death cleaning », vendre la maison, et que faire des affaires que personne ne veut.",Nobody Wants Your Stuff: What to Do With Your Things After 70
Arnaques,"Social Security, Medicare, IRS","2,000 dead or missing — Inside a $12 billion Medicaid scam | Jesse Weber Live",https://youtu.be/Jw9kwRNwBN0,502974,2026-07-16,16,NewsNation,https://www.youtube.com/channel/UCCjG8NtOig0USdrT5D1FpxQ,2770000,non,Les scripts des faux agents de l'État et ce que l'administration ne fait jamais.,"5 Things Social Security Will Never Do (If They Do, Hang Up)"
Arnaques,Arnaques au téléphone,Top 5 Scams to Watch Out for When Traveling in China | China Uncensored,https://youtu.be/mPEaQKFKM6s,502518,2013-07-15,5,China Uncensored,https://www.youtube.com/channel/UCgFP46yVT-GG4o1TgXn-04Q,2150000,non,"Expliquer les techniques des appels (le silence de 3 secondes, « Can you hear me? ») et ce qu'il faut répondre.",Why Scammers Stay Silent When You Answer — What to Say Instead
Arnaques,Arnaques au téléphone,3 Scam Schemes: Why They Call and Say Nothing,https://youtu.be/5Vkr03O0v7Y,500830,2026-02-07,4,Useful Things,https://www.youtube.com/channel/UCbCdwOTBbjEwnplE4ftoQqg,548000,non,"Expliquer les techniques des appels (le silence de 3 secondes, « Can you hear me? ») et ce qu'il faut répondre.",Why Scammers Stay Silent When You Answer — What to Say Instead
Arnaques,Arnaques au téléphone,These Scams in 2026 Are Getting Out Of Control,https://youtu.be/dA2jk6aI1x0,498609,2026-06-23,24,Zac Rios,https://www.youtube.com/channel/UCsfasHJphdMDFkcse5sQ9Uw,470000,non,"Expliquer les techniques des appels (le silence de 3 secondes, « Can you hear me? ») et ce qu'il faut répondre.",Why Scammers Stay Silent When You Answer — What to Say Instead
Arnaques,Récits et documentaires d'arnaques,How Credit Card Scammers Do Online Credit Card Fraud | How To Defend Against Credit Card Scammers,https://youtu.be/rbhyfFygagA,498061,2021-12-30,9,Infamous Ghost Money,https://www.youtube.com/channel/UCqUNTEy-podnFNyNRu3MaHQ,43300,non,"Les grandes arnaques de l'histoire racontées en documentaire, avec la leçon pour aujourd'hui.",The Con Man Who Fooled America's Grandparents for 20 Years
Vivre chez soi après 60,Prendre sa retraite à l'étranger,Americans seeking retirement overseas,https://youtu.be/7JEUEwOHOq8,497633,2025-08-03,4,CBS Sunday Morning,https://www.youtube.com/channel/UCVT1tPkR-fUVlO652EcO3ow,1880000,oui,"Le vrai budget mensuel, les visas, la santé et les pièges dans chaque pays.",Retiring in Mexico on Social Security: The Real Monthly Cost
Vivre chez soi après 60,Où prendre sa retraite (USA),Great Rural Towns in Montana to Retire or Buy a Home.,https://youtu.be/p0dWNoLfRRQ,497221,2022-04-08,15,World According To Briggs,https://www.youtube.com/channel/UCecPJBL6E1PVky1-gj6KH5g,1370000,oui,"Classements de villes et d'États selon le coût de la vie, les impôts et la sécurité.",10 Towns Where You Can Retire on Social Security Alone
Vivre chez soi après 60,Désencombrer et réduire,I’m Begging You To DITCH Your Stuff,https://youtu.be/Gh-rjOspK10,496541,2026-06-01,10,Nick Maher,https://www.youtube.com/channel/UCotzZ-TvpoGph4BrbjORmBQ,132000,non,"Le « Swedish death cleaning », vendre la maison, et que faire des affaires que personne ne veut.",Nobody Wants Your Stuff: What to Do With Your Things After 70
Arnaques,Investissement et crypto,New SCAM out of China - The Pig Butchering Scam!,https://youtu.be/-ZMboyepBK4,495080,2021-12-18,9,serpentza,https://www.youtube.com/channel/UCl7mAGnY4jh4Ps8rhhh8XZg,1590000,non,"Les retraités ciblés par de faux placements « sûrs » : Madoff, pig butchering, faux conseillers.",How Retirees Lost Their Life Savings to a 'Safe' Investment
Vivre chez soi après 60,Où prendre sa retraite (USA),Great Rural Towns in West Virginia to Retire or Buy Real Estate.,https://youtu.be/1tWUnTIpufE,494408,2022-05-09,15,World According To Briggs,https://www.youtube.com/channel/UCecPJBL6E1PVky1-gj6KH5g,1370000,oui,"Classements de villes et d'États selon le coût de la vie, les impôts et la sécurité.",10 Towns Where You Can Retire on Social Security Alone
Arnaques,Arnaques sentimentales,"He Scammed Her, So She Decided To Get Even | A Perfect Scam",https://youtu.be/_6ISzGe4Bug,493970,2026-07-31,43,FilmRise True Crime,https://www.youtube.com/channel/UCU4BHh9Dwfd7-I_xTZ5037Q,1600000,non,"Les veufs et veuves sont les premières cibles. Le récit d'une victime réelle, puis les signaux d'alerte.","She Was 72, Widowed, and Lost $300,000 to a Man She Never Met"
Arnaques,Récits et documentaires d'arnaques,Inside A Merciless Scam Empire (short documentary),https://youtu.be/cVu1SC6HebI,492751,2025-03-24,12,Organized Crime and Corruption Reporting Project,https://www.youtube.com/channel/UCAdFen-6WQOxmDHK3saMD8A,180000,non,"Les grandes arnaques de l'histoire racontées en documentaire, avec la leçon pour aujourd'hui.",The Con Man Who Fooled America's Grandparents for 20 Years
Vivre chez soi après 60,Où prendre sa retraite (USA),Best Places To Retire in Arizona,https://youtu.be/wOL4N2Hiufk,491077,2023-04-29,21,Living in Arizona Now,https://www.youtube.com/channel/UCiYiHxBKpcWRkV9To1rHnGA,185000,oui,"Classements de villes et d'États selon le coût de la vie, les impôts et la sécurité.",10 Towns Where You Can Retire on Social Security Alone
Arnaques,Arnaques sentimentales,"She Thought She’d Found Love, Then the Scam Began | Love Rats 101",https://youtu.be/ju0XNuigyTE,490947,2026-09-24,45,CrimeTV,https://www.youtube.com/channel/UCAKhP83DFTK-YxySFRCOenw,4800,non,"Les veufs et veuves sont les premières cibles. Le récit d'une victime réelle, puis les signaux d'alerte.","She Was 72, Widowed, and Lost $300,000 to a Man She Never Met"
Arnaques,Arnaques sentimentales,"Woman Loses £170,000 in Investment Scam After Selling Her House | Real Men Never Ask For Money",https://youtu.be/X9Rjiqux0Jw,489360,2022-12-05,45,"Behavioural Strategist, LL.M. // La Belle Époque",https://www.youtube.com/channel/UCmAYnL1laj9b0Bh2KuXQQ7Q,7600,non,"Les veufs et veuves sont les premières cibles. Le récit d'une victime réelle, puis les signaux d'alerte.","She Was 72, Widowed, and Lost $300,000 to a Man She Never Met"
Arnaques,Faux banquiers / usurpation,Banks Can’t Stop This Scam Once It Starts,https://youtu.be/Zi2uESJLIrU,487163,2026-02-06,10,Scams & Frauds,https://www.youtube.com/channel/UCWJcs8BeWSiHXxjgLKyHwUQ,23500,non,"Le faux « service fraude » de la banque, Zelle, la carte de débit : ce qu'une vraie banque ne demande jamais.",Your Bank Will Never Ask You This: The Fake Fraud Department Call
Vivre chez soi après 60,Désencombrer et réduire,5 EYE-OPENING Stats That Say You Should 100% Retire Early,https://youtu.be/jnO2O_b_JPI,487049,2026-02-23,21,Retirement Transformed,https://www.youtube.com/channel/UCzDjptiqcDXzoeJi4D2Y_7w,160000,oui,"Le « Swedish death cleaning », vendre la maison, et que faire des affaires que personne ne veut.",Nobody Wants Your Stuff: What to Do With Your Things After 70
Arnaques,Arnaques sentimentales,Man Insists His Internet Relationship Isn't A Romance Scam!,https://youtu.be/4q9IfbK828w,485706,2023-09-13,24,Catfished,https://www.youtube.com/channel/UCns8cwhpu92cYJHAlEfWz_w,664000,non,"Les veufs et veuves sont les premières cibles. Le récit d'une victime réelle, puis les signaux d'alerte.","She Was 72, Widowed, and Lost $300,000 to a Man She Never Met"
Vivre chez soi après 60,Désencombrer et réduire,I Decluttered 90% Of My Life | Here's What Happened.,https://youtu.be/hL1DD4HfcSI,485617,2025-09-21,31,Don't Be A Lemon,https://www.youtube.com/channel/UCU4rvGTTj41YPyqD3UoBXdw,128000,non,"Le « Swedish death cleaning », vendre la maison, et que faire des affaires que personne ne veut.",Nobody Wants Your Stuff: What to Do With Your Things After 70
Arnaques,"Social Security, Medicare, IRS",How Social Security Fraud Actually Works,https://youtu.be/GvMz-wtoWrM,482766,2025-03-07,11,vlogbrothers,https://www.youtube.com/channel/UCGaVdbSav8xWuFWTadK6loA,4090000,oui,Les scripts des faux agents de l'État et ce que l'administration ne fait jamais.,"5 Things Social Security Will Never Do (If They Do, Hang Up)"
Arnaques,Arnaques au téléphone,5 Scams that will ruin your trip to VIETNAM,https://youtu.be/etET7VV1NPw,482054,2024-12-05,8,Travis Travels Vietnam,https://www.youtube.com/channel/UC6Qi6JtBg-HUYKheKY4Hugw,79300,non,"Expliquer les techniques des appels (le silence de 3 secondes, « Can you hear me? ») et ce qu'il faut répondre.",Why Scammers Stay Silent When You Answer — What to Say Instead
Arnaques,Arnaques sentimentales,Woman Sends $30K to Instagram Celebrity Boyfriend… Or Romance Scam?,https://youtu.be/xOdj6F-kJXQ,480670,2025-09-17,41,Catfished,https://www.youtube.com/channel/UCns8cwhpu92cYJHAlEfWz_w,664000,non,"Les veufs et veuves sont les premières cibles. Le récit d'une victime réelle, puis les signaux d'alerte.","She Was 72, Widowed, and Lost $300,000 to a Man She Never Met"
Arnaques,Arnaques sentimentales,Looking For Love But Found A Romance Scammer,https://youtu.be/Pgse2V6cHng,476606,2021-09-29,19,Catfished,https://www.youtube.com/channel/UCns8cwhpu92cYJHAlEfWz_w,664000,non,"Les veufs et veuves sont les premières cibles. Le récit d'une victime réelle, puis les signaux d'alerte.","She Was 72, Widowed, and Lost $300,000 to a Man She Never Met"
Vivre chez soi après 60,Argent de la retraite,"I'm 66 And Only Have $30,000 Saved For Retirement!",https://youtu.be/-6jHkGtFdmU,476136,2022-01-30,5,The Ramsey Show Highlights,https://www.youtube.com/channel/UC7eBNeDW1GQf2NJQ6G6gAxw,4600000,oui,"Vivre avec la seule Social Security, quand la demander, les erreurs à éviter.",Retiring With Almost Nothing Saved: 7 Things That Still Work
Vivre chez soi après 60,Prendre sa retraite à l'étranger,"72 year-old retired American lives his best life in Da Nang, Vietnam - Tour His $760 Month Condo",https://youtu.be/YgAvVX3G2Kc,475293,2025-12-01,28,Americans Living Abroad,https://www.youtube.com/channel/UCeguwr86nwMUTwL5G2XYrdQ,93700,oui,"Le vrai budget mensuel, les visas, la santé et les pièges dans chaque pays.",Retiring in Mexico on Social Security: The Real Monthly Cost
Arnaques,Arnaques à domicile,I Exposed A Major H-1B Visa Scam In Texas,https://youtu.be/9sfeESywMUs,474273,2026-01-21,21,Sara Gonzales,https://www.youtube.com/channel/UCUhJ2OkcrSabunLhmI9kkZQ,71100,non,"Le faux couvreur après l'orage, le faux employé du gaz, le garagiste malhonnête.",The Roofer Who Knocks After a Storm: 6 Home Repair Scams Targeting Seniors
Vivre chez soi après 60,Désencombrer et réduire,MASSIVE HOME DECLUTTERING COURSE: BEST DECLUTTERING TIPS FOR EVERY ROOM (+ decluttering worksheet),https://youtu.be/HSTFkFgudFA,472990,2024-02-03,55,Taryn Maria,https://www.youtube.com/channel/UCmyVNOvZAl4bPIl6sLHS4ow,175000,non,"Le « Swedish death cleaning », vendre la maison, et que faire des affaires que personne ne veut.",Nobody Wants Your Stuff: What to Do With Your Things After 70
Arnaques,"Loterie, cadeaux et colis","Chinese Nationals With $300,000 Bentley Caught in Gift Card Fraud Scheme",https://youtu.be/CR3awzwnN2s,470142,2026-08-08,20,The Marlon Report,https://www.youtube.com/channel/UCtIrCH9t4DKt8LEFYYuXzEQ,72300,non,"Les faux gains, Publishers Clearing House, les SMS de colis, les cartes cadeaux.",'You Won!' — Why a Real Lottery Never Asks You to Pay First
Vivre chez soi après 60,Prendre sa retraite à l'étranger,Forget Portugal & Thailand… Here’s Where Retirees Actually Go,https://youtu.be/uqvhn9VtZ5M,470125,2025-10-04,12,It'll Be Fun - Retire & Live Abroad,https://www.youtube.com/channel/UCFywxUw_OgX9zX3AGybh0nQ,31500,oui,"Le vrai budget mensuel, les visas, la santé et les pièges dans chaque pays.",Retiring in Mexico on Social Security: The Real Monthly Cost
Vivre chez soi après 60,"Maison de retraite, résidence, aide",AVOID Living In A 55 Plus Community - Problems In Adult Retirement Communities - Don’t Buy 55+,https://youtu.be/2BX8M08bp08,469600,2025-01-30,21,Michael Bordenaro,https://www.youtube.com/channel/UCdxGqN9_aBisOJHzIRTGLfg,412000,oui,"Comparer les options et les vrais coûts : rester chez soi, résidence, aide à domicile.",Assisted Living vs Staying Home: The Real Cost
Arnaques,Arnaques au téléphone,Paid calls Scam Exposed 🔥 | Banknifty Paid Calls | Share Market calls | Options F&O,https://youtu.be/oOgkg1jcxvw,468683,2021-09-27,9,Neeraj joshi,https://www.youtube.com/channel/UCfYHvYyFICHwHVO9lHwmiig,5280000,non,"Expliquer les techniques des appels (le silence de 3 secondes, « Can you hear me? ») et ce qu'il faut répondre.",Why Scammers Stay Silent When You Answer — What to Say Instead
Arnaques,Faux banquiers / usurpation,Sophisticated scam empties business owner's bank accounts | A Current Affair,https://youtu.be/wx0wy_nywNU,468674,2023-06-05,6,A Current Affair,https://www.youtube.com/channel/UCX15yQQOgUllNFd8wNRV1KQ,836000,non,"Le faux « service fraude » de la banque, Zelle, la carte de débit : ce qu'une vraie banque ne demande jamais.",Your Bank Will Never Ask You This: The Fake Fraud Department Call
Arnaques,Récits et documentaires d'arnaques,"Con Artists  | ""48 Hours"" Full Episodes",https://youtu.be/o26e-L2svMg,468545,2026-05-02,167,48 Hours,https://www.youtube.com/channel/UC7htuVs06oduI3xSfTdcxPA,2550000,non,"Les grandes arnaques de l'histoire racontées en documentaire, avec la leçon pour aujourd'hui.",The Con Man Who Fooled America's Grandparents for 20 Years
Arnaques,Arnaques sentimentales,I Sent My LIFE SAVINGS To A Romance Scammer!,https://youtu.be/ovdAAf14FFc,467026,2022-08-24,16,Catfished,https://www.youtube.com/channel/UCns8cwhpu92cYJHAlEfWz_w,664000,non,"Les veufs et veuves sont les premières cibles. Le récit d'une victime réelle, puis les signaux d'alerte.","She Was 72, Widowed, and Lost $300,000 to a Man She Never Met"
Vivre chez soi après 60,Vivre seul après 70 ans,How to Relieve the Stress of Caring for an Aging Parent: Amy O'Rourke at TEDxOrlando,https://youtu.be/4c2grKhiKEw,466092,2012-10-29,14,TEDx Talks,https://www.youtube.com/channel/UCsT0YIqwnpJCM-mx7-gSA4Q,44700000,oui,"Ce qui change quand on vit seul, comment rester en sécurité, entouré et autonome.",Living Alone After 75: 9 Things That Keep You Safe and Happy
Vivre chez soi après 60,Désencombrer et réduire,How to Declutter Your WHOLE House in a Weekend,https://youtu.be/-34xJTpKLr8,465963,2025-12-11,22,The Minimal Mom,https://www.youtube.com/channel/UCeLICYOqHfIrfSAQq1TT7PA,883000,non,"Le « Swedish death cleaning », vendre la maison, et que faire des affaires que personne ne veut.",Nobody Wants Your Stuff: What to Do With Your Things After 70
Arnaques,"Social Security, Medicare, IRS",BEST IRS SCAM PHONE CALL EVER!,https://youtu.be/uRuyTdJxT_U,463920,2016-04-01,12,Hot Chicken,https://www.youtube.com/channel/UCOqAm7kjtgmaVPAqXRfYZ6Q,5240,non,Les scripts des faux agents de l'État et ce que l'administration ne fait jamais.,"5 Things Social Security Will Never Do (If They Do, Hang Up)"
Arnaques,Arnaques au téléphone,10 Common Internet Scams and How To Avoid Them,https://youtu.be/CDhAOvsyw2s,463604,2024-04-10,13,macmostvideo,https://www.youtube.com/channel/UC5ZoLwtjX_7Zs8LoqpiLztQ,512000,non,"Expliquer les techniques des appels (le silence de 3 secondes, « Can you hear me? ») et ce qu'il faut répondre.",Why Scammers Stay Silent When You Answer — What to Say Instead
Arnaques,Investissement et crypto,The $18 Million Bank Fraud (True Crime Documentary) | Real Stories,https://youtu.be/iwB7MkdA8EA,463342,2021-08-24,45,Real Stories,https://www.youtube.com/channel/UCu4XcDBdnZkV6-5z2f16M0g,6760000,non,"Les retraités ciblés par de faux placements « sûrs » : Madoff, pig butchering, faux conseillers.",How Retirees Lost Their Life Savings to a 'Safe' Investment
Arnaques,Récits et documentaires d'arnaques,The Faking Dead. Ryan Roth. Global con man and scammer. True crime documentary.,https://youtu.be/BHJfWKMVmxc,462299,2024-11-22,55,Sean Flynn,https://www.youtube.com/channel/UCQUNn5MO3DKILjod1OpEF6g,3220,non,"Les grandes arnaques de l'histoire racontées en documentaire, avec la leçon pour aujourd'hui.",The Con Man Who Fooled America's Grandparents for 20 Years
Vivre chez soi après 60,Désencombrer et réduire,"NEVER DOWNSIZE YOUR HOME IN RETIREMENT: The IRS Charges You $24,000 for Moving",https://youtu.be/zIY5VZnwY5Q,461377,2026-05-24,29,Kevin Retires,https://www.youtube.com/channel/UCORGG4gj6UJIo-SjOaAri5Q,107000,oui,"Le « Swedish death cleaning », vendre la maison, et que faire des affaires que personne ne veut.",Nobody Wants Your Stuff: What to Do With Your Things After 70
Vivre chez soi après 60,Où prendre sa retraite (USA),"The Best Places to Retire in Spain NOBODY Told You About | Cost of Living, Pros and Cons",https://youtu.be/CnhYDyAPSU0,459490,2024-09-24,30,The Expat,https://www.youtube.com/channel/UC-qH477Em7cj52t0v432ZRg,51500,oui,"Classements de villes et d'États selon le coût de la vie, les impôts et la sécurité.",10 Towns Where You Can Retire on Social Security Alone
Vivre chez soi après 60,Prendre sa retraite à l'étranger,Living In GUANAJUATO MEXICO on SOCIAL SECURITY,https://youtu.be/IS4fU40RLNI,458635,2024-06-16,26,Mexico Relocation Guide,https://www.youtube.com/channel/UCaTEJTyH4mL6JVQWQEgozmw,98900,oui,"Le vrai budget mensuel, les visas, la santé et les pièges dans chaque pays.",Retiring in Mexico on Social Security: The Real Monthly Cost
Arnaques,Petit-enfant en détresse / clonage de voix IA,Forced to Scam: Cambodia’s Cyber Slaves | 101 East Documentary,https://youtu.be/n-EtdC4zQso,458561,2022-07-15,46,Al Jazeera English,https://www.youtube.com/channel/UCNye-wNBqNL5ZzHSJj3l8Bg,18300000,non,"Raconter un vrai appel « Grandma, I'm in jail », puis donner la parade du mot de passe familial.","The 'Grandma, I'm in Trouble' Call: How AI Copies Your Grandson's Voice"
Vivre chez soi après 60,Désencombrer et réduire,Nobody Wants Your Stuff — The Brutal Truth About Downsizing for Retirement Travel,https://youtu.be/77FN85p_A3U,458520,2026-07-23,12,Escape Velocity Retirement Travel,https://www.youtube.com/channel/UCQFxLQnGFd0kpwOxHnkRgfQ,7080,oui,"Le « Swedish death cleaning », vendre la maison, et que faire des affaires que personne ne veut.",Nobody Wants Your Stuff: What to Do With Your Things After 70
Arnaques,Investissement et crypto,DIG AWARDS WINNER - Myanmar Scam Factory — Inside the Pig-Butchering Scam|Off The Grid Investigation,https://youtu.be/nvXmI93Ht_Q,457920,2025-12-10,39,TRT World,https://www.youtube.com/channel/UC7fWeaHhqgM4Ry-RMpM2YYw,10300000,non,"Les retraités ciblés par de faux placements « sûrs » : Madoff, pig butchering, faux conseillers.",How Retirees Lost Their Life Savings to a 'Safe' Investment
Vivre chez soi après 60,Argent de la retraite,The 4 Column Method: Your Key to Living on Social Security ALONE,https://youtu.be/tqxqwWPi5qI,456249,2025-02-16,20,Holy Schmidt!,https://www.youtube.com/channel/UCl9IwlpNczNQllEfeIrzscQ,477000,oui,"Vivre avec la seule Social Security, quand la demander, les erreurs à éviter.",Retiring With Almost Nothing Saved: 7 Things That Still Work
Arnaques,Arnaques au téléphone,Horrible Scams People Fell For,https://youtu.be/uAC1tbzrIzw,455612,2026-05-18,48,BE AMAZED,https://www.youtube.com/channel/UCkQO3QsgTpNTsOw6ujimT5Q,13500000,non,"Expliquer les techniques des appels (le silence de 3 secondes, « Can you hear me? ») et ce qu'il faut répondre.",Why Scammers Stay Silent When You Answer — What to Say Instead
Arnaques,"Loterie, cadeaux et colis",Chinese National Busted in $300K Bentley Gift Card Fraud,https://youtu.be/q3qXDNwj3YI,453922,2026-08-18,14,The Killer Files,https://www.youtube.com/channel/UCkO-aq1nqRTvZKUnDjfGQbA,738,non,"Les faux gains, Publishers Clearing House, les SMS de colis, les cartes cadeaux.",'You Won!' — Why a Real Lottery Never Asks You to Pay First
Arnaques,Arnaques à domicile,How this mortgage scam is putting seniors at risk of losing their homes (Marketplace),https://youtu.be/CoeN_Ej-FH0,452499,2023-04-01,22,CBC News,https://www.youtube.com/channel/UCuFFtHWoLl5fauMMD5Ww2jA,4770000,oui,"Le faux couvreur après l'orage, le faux employé du gaz, le garagiste malhonnête.",The Roofer Who Knocks After a Storm: 6 Home Repair Scams Targeting Seniors
Vivre chez soi après 60,Où prendre sa retraite (USA),10 Small Towns That Beat Big City Retirement!,https://youtu.be/Q6IXmrMbIPU,452148,2025-04-25,14,World According To Briggs,https://www.youtube.com/channel/UCecPJBL6E1PVky1-gj6KH5g,1370000,oui,"Classements de villes et d'États selon le coût de la vie, les impôts et la sécurité.",10 Towns Where You Can Retire on Social Security Alone
Arnaques,Récits et documentaires d'arnaques,Convicted Con Artist Reveals How He Scammed Others,https://youtu.be/x3ggMKSbhOs,451140,2014-11-21,6,ABC News,https://www.youtube.com/channel/UCBi2mrWuNuyYy4gbM6fU18Q,19900000,non,"Les grandes arnaques de l'histoire racontées en documentaire, avec la leçon pour aujourd'hui.",The Con Man Who Fooled America's Grandparents for 20 Years
Arnaques,"Loterie, cadeaux et colis",The CRAZIEST Million Dollar Scam: The Moment Her Story COLLAPSED,https://youtu.be/goGbZc13uSg,450152,2025-09-04,81,The Behavior Panel,https://www.youtube.com/channel/UCx_8ri2rYergbu_06VNSPlw,1170000,non,"Les faux gains, Publishers Clearing House, les SMS de colis, les cartes cadeaux.",'You Won!' — Why a Real Lottery Never Asks You to Pay First
Arnaques,Récits et documentaires d'arnaques,How Kenya’s Biggest FRAUDSTER Met His End,https://youtu.be/yW9_RcBpThc,448413,2025-05-28,16,Found In Africa,https://www.youtube.com/channel/UCdwrzLH6HnkyWSCcY_d4eXA,61000,non,"Les grandes arnaques de l'histoire racontées en documentaire, avec la leçon pour aujourd'hui.",The Con Man Who Fooled America's Grandparents for 20 Years
Vivre chez soi après 60,Désencombrer et réduire,Declutter Your Home: How to Get Rid of Your Stuff When It Feels Impossible,https://youtu.be/t1_YV3pbc4M,448037,2024-03-22,11,Sell Your Home With Kati - Truth in Real Estate®,https://www.youtube.com/channel/UChYYnJlrKrEZySmGzhzj7-Q,85500,non,"Le « Swedish death cleaning », vendre la maison, et que faire des affaires que personne ne veut.",Nobody Wants Your Stuff: What to Do With Your Things After 70
Vivre chez soi après 60,Où prendre sa retraite (USA),10 Cheap Places To Retire Abroad (on Social Security),https://youtu.be/poCy4FSWP1g,446617,2024-06-09,40,Traveling with Kristin,https://www.youtube.com/channel/UCS2ezhBvebMx6BUL-4qpadQ,310000,oui,"Classements de villes et d'États selon le coût de la vie, les impôts et la sécurité.",10 Towns Where You Can Retire on Social Security Alone
Arnaques,Arnaques sentimentales,Woman Sent SOCIAL SECURITY Checks In Romance Scam!,https://youtu.be/uWKpF3NwUcQ,445038,2024-02-14,20,Catfished,https://www.youtube.com/channel/UCns8cwhpu92cYJHAlEfWz_w,664000,oui,"Les veufs et veuves sont les premières cibles. Le récit d'une victime réelle, puis les signaux d'alerte.","She Was 72, Widowed, and Lost $300,000 to a Man She Never Met"
Arnaques,Arnaques sentimentales,"Woman loses $390,000 of inheritance in crypto romance scam",https://youtu.be/zHrzrBYRwBY,444925,2022-02-22,7,CBS Mornings,https://www.youtube.com/channel/UC-SJ6nODDmufqBzPBwCvYvQ,3320000,non,"Les veufs et veuves sont les premières cibles. Le récit d'une victime réelle, puis les signaux d'alerte.","She Was 72, Widowed, and Lost $300,000 to a Man She Never Met"
Vivre chez soi après 60,Vivre seul après 70 ans,The TRUTH About Being Old and Alone,https://youtu.be/S55zpFbX4hk,441899,2024-05-08,16,elder gal,https://www.youtube.com/channel/UCHqm2786PKcNPm_R0R0s9yw,33600,non,"Ce qui change quand on vit seul, comment rester en sécurité, entouré et autonome.",Living Alone After 75: 9 Things That Keep You Safe and Happy
Arnaques,Arnaques au téléphone,"FBI warns of new phone scam wave tied to human trafficking, targeting bank accounts",https://youtu.be/u9CscMchGCY,441618,2026-05-15,4,News 3 Las Vegas,https://www.youtube.com/channel/UCllyIkZaUy2zg-smrWiahow,109000,non,"Expliquer les techniques des appels (le silence de 3 secondes, « Can you hear me? ») et ce qu'il faut répondre.",Why Scammers Stay Silent When You Answer — What to Say Instead
Arnaques,Arnaques sentimentales,Victim Finds Out Future Husband Is A Romance Scammer!,https://youtu.be/L_b02I3hGHs,440356,2023-11-01,21,Catfished,https://www.youtube.com/channel/UCns8cwhpu92cYJHAlEfWz_w,664000,non,"Les veufs et veuves sont les premières cibles. Le récit d'une victime réelle, puis les signaux d'alerte.","She Was 72, Widowed, and Lost $300,000 to a Man She Never Met"
Arnaques,Investissement et crypto,Inside Southeast Asia's Notorious Scam Hub For China-Linked Syndicates | Insight | Full Episode,https://youtu.be/vGIQCxZJQwY,437505,2025-06-20,44,CNA Insider,https://www.youtube.com/channel/UC_Lnb8ZHqqgLbp-7hltuT9w,2700000,non,"Les retraités ciblés par de faux placements « sûrs » : Madoff, pig butchering, faux conseillers.",How Retirees Lost Their Life Savings to a 'Safe' Investment
Vivre chez soi après 60,Désencombrer et réduire,Aki's Decluttering Guide - step by step towards a lighter and happier life:),https://youtu.be/YGnIfNDThx4,432306,2025-04-05,23,Samurai Matcha,https://www.youtube.com/channel/UCR9ygnRBOt8qfSbkCwOA3pw,625000,non,"Le « Swedish death cleaning », vendre la maison, et que faire des affaires que personne ne veut.",Nobody Wants Your Stuff: What to Do With Your Things After 70
Vivre chez soi après 60,Désencombrer et réduire,Swedish Death Cleaning: Just 2 questions to ask yourself,https://youtu.be/8vmjd3SfTeo,431344,2022-05-10,20,The Minimal Mom,https://www.youtube.com/channel/UCeLICYOqHfIrfSAQq1TT7PA,883000,non,"Le « Swedish death cleaning », vendre la maison, et que faire des affaires que personne ne veut.",Nobody Wants Your Stuff: What to Do With Your Things After 70
Arnaques,Arnaques au téléphone,THESE 5 Scams Are EXPLODING in 2026 — Don't Get Hit,https://youtu.be/dFe2aVmlihA,428980,2026-01-05,48,Rossen Reports,https://www.youtube.com/channel/UC7PYy5Tx1WhbnGKc3KJeRKw,711000,non,"Expliquer les techniques des appels (le silence de 3 secondes, « Can you hear me? ») et ce qu'il faut répondre.",Why Scammers Stay Silent When You Answer — What to Say Instead
Vivre chez soi après 60,Vivre seul après 70 ans,I Moved to a Retirement Community and Now I Regret It!,https://youtu.be/Eqdvs0TPrIA,428297,2025-06-28,6,Solo Second Half,https://www.youtube.com/channel/UCE4tKRYmW1H3HNa3oCMSC3A,104000,oui,"Ce qui change quand on vit seul, comment rester en sécurité, entouré et autonome.",Living Alone After 75: 9 Things That Keep You Safe and Happy
Vivre chez soi après 60,Prendre sa retraite à l'étranger,Best Countries for Retirement in 2025 & 2026,https://youtu.be/p3LWrki5f24,426128,2025-08-08,22,Skerry Harry,https://www.youtube.com/channel/UC0geK8x390Gu_4RUmerxaGg,251000,oui,"Le vrai budget mensuel, les visas, la santé et les pièges dans chaque pays.",Retiring in Mexico on Social Security: The Real Monthly Cost
Arnaques,Petit-enfant en détresse / clonage de voix IA,Busting tech support scammers: Undercover in India (Marketplace),https://youtu.be/NGiznJMGM-0,425475,2019-10-04,20,CBC News,https://www.youtube.com/channel/UCuFFtHWoLl5fauMMD5Ww2jA,4770000,non,"Raconter un vrai appel « Grandma, I'm in jail », puis donner la parade du mot de passe familial.","The 'Grandma, I'm in Trouble' Call: How AI Copies Your Grandson's Voice"
Arnaques,Récits et documentaires d'arnaques,The Most Dangerous Crypto Scam in the World | Vice News,https://youtu.be/sSLnKkk8Ay4,424880,2024-04-25,13,VICE News,https://www.youtube.com/channel/UCZaT_X_mc0BI-djXOlfhqWQ,9300000,non,"Les grandes arnaques de l'histoire racontées en documentaire, avec la leçon pour aujourd'hui.",The Con Man Who Fooled America's Grandparents for 20 Years
Arnaques,Faux banquiers / usurpation,The NEW $20 Distraction Scam — DRAINS Your Account in ONE SECOND,https://youtu.be/Gh1ueu7ovlQ,424390,2026-07-29,40,Rossen Reports,https://www.youtube.com/channel/UC7PYy5Tx1WhbnGKc3KJeRKw,711000,non,"Le faux « service fraude » de la banque, Zelle, la carte de débit : ce qu'une vraie banque ne demande jamais.",Your Bank Will Never Ask You This: The Fake Fraud Department Call
Arnaques,Arnaques au téléphone,THIS Gmail Scam Is DEVASTATING — Google Won't Save You!,https://youtu.be/zzSGtIO5RR0,421670,2026-05-13,45,Rossen Reports,https://www.youtube.com/channel/UC7PYy5Tx1WhbnGKc3KJeRKw,711000,non,"Expliquer les techniques des appels (le silence de 3 secondes, « Can you hear me? ») et ce qu'il faut répondre.",Why Scammers Stay Silent When You Answer — What to Say Instead
Arnaques,Récits et documentaires d'arnaques,True-crime investigations involving con artists | 48 Hours Full Episodes,https://youtu.be/quKQOwW6LJ4,420483,2026-05-01,165,CBS News,https://www.youtube.com/channel/UC8p1vwvWtl6T73JiExfWs1g,7100000,non,"Les grandes arnaques de l'histoire racontées en documentaire, avec la leçon pour aujourd'hui.",The Con Man Who Fooled America's Grandparents for 20 Years
Arnaques,Arnaques sentimentales,I Lost the Majority of my Life Savings in an Online Dating Scam,https://youtu.be/J_XLHewgV8I,420299,2023-05-11,24,Shai Thai Massage,https://www.youtube.com/channel/UC2wrzEe7vRxT_GMU9KcIRAQ,12300,non,"Les veufs et veuves sont les premières cibles. Le récit d'une victime réelle, puis les signaux d'alerte.","She Was 72, Widowed, and Lost $300,000 to a Man She Never Met"
Vivre chez soi après 60,Où prendre sa retraite (USA),Retirement Taxes by State: 5 Best and 5 Worst for 2026,https://youtu.be/GzEZcGwv0bo,419667,2026-05-15,11,See the Forest Through the Trees,https://www.youtube.com/channel/UC13s0hQVkEv-azgzhOe8QXA,85000,oui,"Classements de villes et d'États selon le coût de la vie, les impôts et la sécurité.",10 Towns Where You Can Retire on Social Security Alone
Vivre chez soi après 60,Prendre sa retraite à l'étranger,"Portugal's Best Regions to Live, Retire & Invest In",https://youtu.be/Q-UJajelnzg,417884,2025-07-13,16,Skerry Harry,https://www.youtube.com/channel/UC0geK8x390Gu_4RUmerxaGg,251000,oui,"Le vrai budget mensuel, les visas, la santé et les pièges dans chaque pays.",Retiring in Mexico on Social Security: The Real Monthly Cost
Vivre chez soi après 60,Désencombrer et réduire,9 Ruthless Decluttering Tricks Seniors Use to Clear Years of Clutter in 48 Hours,https://youtu.be/dE-9PaYi078,417725,2025-07-15,20,Senior Rise,https://www.youtube.com/channel/UCLGfMWANniS5h57I5C4Yyjg,10400,oui,"Le « Swedish death cleaning », vendre la maison, et que faire des affaires que personne ne veut.",Nobody Wants Your Stuff: What to Do With Your Things After 70
Arnaques,Investissement et crypto,Victim's Life is Threatened After He Gets in Too Deep With a Crypto Scammer,https://youtu.be/xxQnWe8kVak,409884,2023-08-16,23,Catfished,https://www.youtube.com/channel/UCns8cwhpu92cYJHAlEfWz_w,664000,non,"Les retraités ciblés par de faux placements « sûrs » : Madoff, pig butchering, faux conseillers.",How Retirees Lost Their Life Savings to a 'Safe' Investment
Arnaques,Faux banquiers / usurpation,"Coups, Scams, & Counterfeit Bills | Trafficked with Mariana van Zeller MEGA Episode | Nat Geo",https://youtu.be/Grb5vBtBZD0,409718,2026-04-10,144,National Geographic,https://www.youtube.com/channel/UCpVm7bg6pXKo1Pr6k5kxG9A,26500000,non,"Le faux « service fraude » de la banque, Zelle, la carte de débit : ce qu'une vraie banque ne demande jamais.",Your Bank Will Never Ask You This: The Fake Fraud Department Call
Arnaques,Faux banquiers / usurpation,THIS Zelle Scam Is DEVASTATING — Your Bank Won't Save You!,https://youtu.be/vH0YMCEtpeU,409282,2026-04-15,33,Rossen Reports,https://www.youtube.com/channel/UC7PYy5Tx1WhbnGKc3KJeRKw,711000,non,"Le faux « service fraude » de la banque, Zelle, la carte de débit : ce qu'une vraie banque ne demande jamais.",Your Bank Will Never Ask You This: The Fake Fraud Department Call
Vivre chez soi après 60,Prendre sa retraite à l'étranger,"Top 5 Countries to Retire on Social Security - Cheap, Peaceful, Beautiful",https://youtu.be/usG_B8-HiuA,408933,2024-11-10,10,Holy Schmidt!,https://www.youtube.com/channel/UCl9IwlpNczNQllEfeIrzscQ,477000,oui,"Le vrai budget mensuel, les visas, la santé et les pièges dans chaque pays.",Retiring in Mexico on Social Security: The Real Monthly Cost
Arnaques,Arnaques au téléphone,3 Crypto Scams YOU WILL Fall For & How To Avoid,https://youtu.be/6Y_7Qq3Rehs,407061,2023-02-27,8,Adam Venture Crypto,https://www.youtube.com/channel/UCUKTumkpowqBlKV916K5Pzg,31200,non,"Expliquer les techniques des appels (le silence de 3 secondes, « Can you hear me? ») et ce qu'il faut répondre.",Why Scammers Stay Silent When You Answer — What to Say Instead
Arnaques,"Social Security, Medicare, IRS",My fun with a scam call from Social Security Administration,https://youtu.be/RRCx5O_3Ojw,406172,2021-03-19,22,David Brent,https://www.youtube.com/channel/UCdyJOdF66Du3hMC3Tt6-DGQ,1480,oui,Les scripts des faux agents de l'État et ce que l'administration ne fait jamais.,"5 Things Social Security Will Never Do (If They Do, Hang Up)"
Arnaques,Récits et documentaires d'arnaques,Top 10 Nigerian Scammers That Made the FBI Travel to Nigeria,https://youtu.be/-JRhaAs3v64,405113,2026-01-31,21,DARK TRUTH AFRICA,https://www.youtube.com/channel/UCUHyENNyCrmt_17hN_wySVA,15200,non,"Les grandes arnaques de l'histoire racontées en documentaire, avec la leçon pour aujourd'hui.",The Con Man Who Fooled America's Grandparents for 20 Years
Arnaques,Arnaques sentimentales,"Woman Flies 6,700 Miles, Loses Retirement to Romance Scam!",https://youtu.be/SmCDO8q8Vo0,404274,2025-08-06,26,Catfished,https://www.youtube.com/channel/UCns8cwhpu92cYJHAlEfWz_w,664000,oui,"Les veufs et veuves sont les premières cibles. Le récit d'une victime réelle, puis les signaux d'alerte.","She Was 72, Widowed, and Lost $300,000 to a Man She Never Met"
Arnaques,Arnaques sentimentales,Fake Banker Stole Millions Through Romance Scam | King Con: The Life and Crimes of Hamish McLaren,https://youtu.be/48Lc3uIxiEw,403559,2025-12-17,45,Crime & Justice,https://www.youtube.com/channel/UCAXFey2-9XBz0WZWcURKDcQ,133000,non,"Les veufs et veuves sont les premières cibles. Le récit d'une victime réelle, puis les signaux d'alerte.","She Was 72, Widowed, and Lost $300,000 to a Man She Never Met"
Vivre chez soi après 60,Où prendre sa retraite (USA),Quiet Places in Arizona To Retire On A Budget,https://youtu.be/RI3Ff7__3iY,402900,2024-05-09,14,Living in Arizona Now,https://www.youtube.com/channel/UCiYiHxBKpcWRkV9To1rHnGA,185000,oui,"Classements de villes et d'États selon le coût de la vie, les impôts et la sécurité.",10 Towns Where You Can Retire on Social Security Alone
Arnaques,Investissement et crypto,Their Perfect Life Was Not What It Seemed | A Perfect Scam,https://youtu.be/T9kUBCawqnI,402818,2026-09-04,43,FilmRise True Crime,https://www.youtube.com/channel/UCU4BHh9Dwfd7-I_xTZ5037Q,1600000,non,"Les retraités ciblés par de faux placements « sûrs » : Madoff, pig butchering, faux conseillers.",How Retirees Lost Their Life Savings to a 'Safe' Investment
Vivre chez soi après 60,Communautés 55+,Oxford Enhanced Senior Living: Discover the Charm of Independent Living in Bucks County!,https://youtu.be/gcmunocCoY8,400637,2024-01-17,4,Marquis Health Consulting Services,https://www.youtube.com/channel/UCmmju0pKnueEI-FKWhttq1Q,1010,oui,"Visites, avantages et défauts, et ce que les vendeurs ne disent pas.",Why People Are Leaving 55+ Communities (What Sales Agents Won't Say)
Arnaques,Arnaques sentimentales,Woman LOST Home & Life Savings In Romance Scam!,https://youtu.be/F7TAxpFK1o8,400516,2020-06-24,14,Catfished,https://www.youtube.com/channel/UCns8cwhpu92cYJHAlEfWz_w,664000,non,"Les veufs et veuves sont les premières cibles. Le récit d'une victime réelle, puis les signaux d'alerte.","She Was 72, Widowed, and Lost $300,000 to a Man She Never Met"
Arnaques,Investissement et crypto,How Americans Are Losing Their Life Savings To Crypto Fraud,https://youtu.be/TbscHpEpg6s,400278,2024-08-18,10,CNBC,https://www.youtube.com/channel/UCvJJ_dzjViJCoLf5uKUTwoA,4170000,non,"Les retraités ciblés par de faux placements « sûrs » : Madoff, pig butchering, faux conseillers.",How Retirees Lost Their Life Savings to a 'Safe' Investment
Vivre chez soi après 60,Désencombrer et réduire,"20 SUPER COMMON Things Your House DOESN'T NEED | minimalism, decluttering, & simple living",https://youtu.be/a6ecMg_WOpQ,400097,2024-10-20,26,A to Zen Life,https://www.youtube.com/channel/UC2-pmwZJtKvIGng1prZOANg,431000,non,"Le « Swedish death cleaning », vendre la maison, et que faire des affaires que personne ne veut.",Nobody Wants Your Stuff: What to Do With Your Things After 70
Arnaques,"Loterie, cadeaux et colis",Elisabeth Carson Breaks Silence on Fraud Scheme,https://youtu.be/lSuhjrQRK-E,399459,2026-05-31,68,Matthew Cox | Inside True Crime,https://www.youtube.com/channel/UC3_qYh4foNgVXI7NzcuxlCA,1250000,non,"Les faux gains, Publishers Clearing House, les SMS de colis, les cartes cadeaux.",'You Won!' — Why a Real Lottery Never Asks You to Pay First
Arnaques,Investissement et crypto,‘My Husband Lost Our £120k Life Savings To Scammers’ | This Morning,https://youtu.be/AxRCDLMrZbA,399080,2025-09-02,14,This Morning,https://www.youtube.com/channel/UChFsYLqPUyLiZnfRog6wiZA,2540000,non,"Les retraités ciblés par de faux placements « sûrs » : Madoff, pig butchering, faux conseillers.",How Retirees Lost Their Life Savings to a 'Safe' Investment
Arnaques,Arnaques sentimentales,"I Got MARRIED And Scammed For $200,000 On Match.com!",https://youtu.be/uzf9bmaGeiw,395310,2024-05-04,19,Catfished,https://www.youtube.com/channel/UCns8cwhpu92cYJHAlEfWz_w,664000,non,"Les veufs et veuves sont les premières cibles. Le récit d'une victime réelle, puis les signaux d'alerte.","She Was 72, Widowed, and Lost $300,000 to a Man She Never Met"
Arnaques,Arnaques sentimentales,My Fake Kenyan Bride-To-Be Scammed Me Out of £85k | This Morning,https://youtu.be/xidWbNeo-u8,394308,2025-05-07,12,This Morning,https://www.youtube.com/channel/UChFsYLqPUyLiZnfRog6wiZA,2540000,non,"Les veufs et veuves sont les premières cibles. Le récit d'une victime réelle, puis les signaux d'alerte.","She Was 72, Widowed, and Lost $300,000 to a Man She Never Met"
Arnaques,Arnaques sentimentales,"Romance scam victim speaks out on ""psychological manipulation"" that cost her $2.5 million",https://youtu.be/PtjL555xWqg,391279,2024-04-22,4,CBS Sunday Morning,https://www.youtube.com/channel/UCVT1tPkR-fUVlO652EcO3ow,1880000,non,"Les veufs et veuves sont les premières cibles. Le récit d'une victime réelle, puis les signaux d'alerte.","She Was 72, Widowed, and Lost $300,000 to a Man She Never Met"
Arnaques,Récits et documentaires d'arnaques,"""Dr."" Paul Bint: The Fake Physician | Conmen Case Files | Real Crime",https://youtu.be/U8BeUWWKsNM,388683,2022-04-12,49,Real Crime,https://www.youtube.com/channel/UC1s9576cQFdQq3QTtTxocmA,2180000,non,"Les grandes arnaques de l'histoire racontées en documentaire, avec la leçon pour aujourd'hui.",The Con Man Who Fooled America's Grandparents for 20 Years
Vivre chez soi après 60,Où prendre sa retraite (USA),10 Texas Towns Where Retirees Actually Thrive,https://youtu.be/alQBuh-AFG8,388680,2026-05-18,20,Texas Knows,https://www.youtube.com/channel/UCL5WhMoer457JVaEt9cSTIQ,13400,oui,"Classements de villes et d'États selon le coût de la vie, les impôts et la sécurité.",10 Towns Where You Can Retire on Social Security Alone
Vivre chez soi après 60,Où prendre sa retraite (USA),"12 Cheap U.S Towns You Can Retire For $1,000 A Month",https://youtu.be/-Krf3oKUa20,387970,2026-01-01,34,Loving Houses,https://www.youtube.com/channel/UCvPfEMwo9nXh4SbeWupJRpQ,38900,oui,"Classements de villes et d'États selon le coût de la vie, les impôts et la sécurité.",10 Towns Where You Can Retire on Social Security Alone
Arnaques,Arnaques sentimentales,"$500,000 Romance Scam: Daughter Intervenes to Save Her Mom!",https://youtu.be/lAFR5vLsqHw,384875,2025-10-22,32,Catfished,https://www.youtube.com/channel/UCns8cwhpu92cYJHAlEfWz_w,664000,non,"Les veufs et veuves sont les premières cibles. Le récit d'une victime réelle, puis les signaux d'alerte.","She Was 72, Widowed, and Lost $300,000 to a Man She Never Met"
Vivre chez soi après 60,Désencombrer et réduire,I'm begging you to let go of your stuff (before it's TOO LATE),https://youtu.be/Q1ws7RJo7BM,383234,2026-04-05,14,A to Zen Life,https://www.youtube.com/channel/UC2-pmwZJtKvIGng1prZOANg,431000,non,"Le « Swedish death cleaning », vendre la maison, et que faire des affaires que personne ne veut.",Nobody Wants Your Stuff: What to Do With Your Things After 70
Arnaques,Récits et documentaires d'arnaques,The Femme Fatale Fraudster | Conmen Case Files | Real Crime,https://youtu.be/XJoo2tOyllA,382848,2022-05-10,46,Real Crime,https://www.youtube.com/channel/UC1s9576cQFdQq3QTtTxocmA,2180000,non,"Les grandes arnaques de l'histoire racontées en documentaire, avec la leçon pour aujourd'hui.",The Con Man Who Fooled America's Grandparents for 20 Years
Vivre chez soi après 60,"Maison de retraite, résidence, aide",THE BIG MEDICAID SECRET NURSING HOMES WON'T TELL YOU,https://youtu.be/O0VOq4Zqg9Q,382245,2018-03-09,7,Vouga Elder Law,https://www.youtube.com/channel/UCNRmX2Itg-AsyzpfXeVIajg,4860,non,"Comparer les options et les vrais coûts : rester chez soi, résidence, aide à domicile.",Assisted Living vs Staying Home: The Real Cost
Arnaques,Arnaques au téléphone,"Yes, Everything Really Is A Scam Now.",https://youtu.be/k4rjA7KCpkg,381843,2026-10-04,20,According To Nicole,https://www.youtube.com/channel/UC5G8poc4XLNeS-8PJ19j9jg,249000,non,"Expliquer les techniques des appels (le silence de 3 secondes, « Can you hear me? ») et ce qu'il faut répondre.",Why Scammers Stay Silent When You Answer — What to Say Instead
Arnaques,Arnaques à domicile,'Crime ring' targets homeowners in one of Washington's largest roofing scams,https://youtu.be/H9fOsAPRyQs,378335,2026-07-18,8,KING 5 Seattle,https://www.youtube.com/channel/UCp1KrVaZDZ7BOI_QBuTWWmg,614000,non,"Le faux couvreur après l'orage, le faux employé du gaz, le garagiste malhonnête.",The Roofer Who Knocks After a Storm: 6 Home Repair Scams Targeting Seniors
Vivre chez soi après 60,Désencombrer et réduire,"Dear Baby Boomer, Please Don’t Downsize Until You Read This",https://youtu.be/VRrNTvh1zmE,378261,2025-07-31,7,Rita Wilkins,https://www.youtube.com/channel/UCqUCj6qGiqnvSeBZCdfHUmQ,52300,non,"Le « Swedish death cleaning », vendre la maison, et que faire des affaires que personne ne veut.",Nobody Wants Your Stuff: What to Do With Your Things After 70
Vivre chez soi après 60,Désencombrer et réduire,10 Life Changing Tips for Decluttering Items You Thought You Couldn’t,https://youtu.be/bf4ubYgGoPo,378255,2024-03-15,9,Joshua Becker,https://www.youtube.com/channel/UCBMKymQczkDxCpE1R2vvA4Q,350000,non,"Le « Swedish death cleaning », vendre la maison, et que faire des affaires que personne ne veut.",Nobody Wants Your Stuff: What to Do With Your Things After 70
Arnaques,Arnaques sentimentales,She Sent Her Life Savings in Gift Cards… To a Romance Scammer,https://youtu.be/bpwETMqUp6Y,377501,2021-06-30,18,Catfished,https://www.youtube.com/channel/UCns8cwhpu92cYJHAlEfWz_w,664000,non,"Les veufs et veuves sont les premières cibles. Le récit d'une victime réelle, puis les signaux d'alerte.","She Was 72, Widowed, and Lost $300,000 to a Man She Never Met"
Arnaques,"Social Security, Medicare, IRS",IRS Scam Call from India,https://youtu.be/GUpEfPB6pTI,375777,2014-11-13,7,argyjr,https://www.youtube.com/channel/UCdZlYI8VTikZFWSed4pFVMQ,472,non,Les scripts des faux agents de l'État et ce que l'administration ne fait jamais.,"5 Things Social Security Will Never Do (If They Do, Hang Up)"
Arnaques,Arnaques sentimentales,Widow's tragic story sheds light on romance scam epidemic,https://youtu.be/BQ4XRSO5WVk,374484,2024-04-21,11,CBS Sunday Morning,https://www.youtube.com/channel/UCVT1tPkR-fUVlO652EcO3ow,1880000,oui,"Les veufs et veuves sont les premières cibles. Le récit d'une victime réelle, puis les signaux d'alerte.","She Was 72, Widowed, and Lost $300,000 to a Man She Never Met"
Arnaques,Arnaques au téléphone,Robocalls Just Got MORE DANGEROUS — How to STOP Them!,https://youtu.be/7YDaKHXVtrQ,370114,2026-02-12,33,Rossen Reports,https://www.youtube.com/channel/UC7PYy5Tx1WhbnGKc3KJeRKw,711000,non,"Expliquer les techniques des appels (le silence de 3 secondes, « Can you hear me? ») et ce qu'il faut répondre.",Why Scammers Stay Silent When You Answer — What to Say Instead
Arnaques,Arnaques sentimentales,Woman Sent Her Life Savings To Romance Scammer!,https://youtu.be/Si8syp_j_F0,370094,2022-04-13,16,Catfished,https://www.youtube.com/channel/UCns8cwhpu92cYJHAlEfWz_w,664000,non,"Les veufs et veuves sont les premières cibles. Le récit d'une victime réelle, puis les signaux d'alerte.","She Was 72, Widowed, and Lost $300,000 to a Man She Never Met"
Vivre chez soi après 60,Où prendre sa retraite (USA),Every US State Ranked for Retirement (The Honest Truth),https://youtu.be/jEmrUHvJmJM,369022,2026-01-09,45,World According To Briggs,https://www.youtube.com/channel/UCecPJBL6E1PVky1-gj6KH5g,1370000,oui,"Classements de villes et d'États selon le coût de la vie, les impôts et la sécurité.",10 Towns Where You Can Retire on Social Security Alone
Vivre chez soi après 60,Où prendre sa retraite (USA),12 Cheapest Places to Retire on the Mediterranean,https://youtu.be/IOqC8gPVX20,368989,2023-11-12,20,Skerry Harry,https://www.youtube.com/channel/UC0geK8x390Gu_4RUmerxaGg,251000,oui,"Classements de villes et d'États selon le coût de la vie, les impôts et la sécurité.",10 Towns Where You Can Retire on Social Security Alone
Arnaques,Récits et documentaires d'arnaques,Top 10 Biggest Scams In History,https://youtu.be/5wotlFcWNm0,368537,2019-04-27,11,Alux.com,https://www.youtube.com/channel/UCNjPtOCvMrKY5eLwr_-7eUg,5100000,non,"Les grandes arnaques de l'histoire racontées en documentaire, avec la leçon pour aujourd'hui.",The Con Man Who Fooled America's Grandparents for 20 Years
Vivre chez soi après 60,Prendre sa retraite à l'étranger,Retirement in Portugal or Spain? (I Tested Both),https://youtu.be/0hvwv20Dgu8,367511,2025-08-21,17,The Freedom Files,https://www.youtube.com/channel/UCle_lS_3A9wGeoNinJDzEjg,17800,oui,"Le vrai budget mensuel, les visas, la santé et les pièges dans chaque pays.",Retiring in Mexico on Social Security: The Real Monthly Cost
Arnaques,Récits et documentaires d'arnaques,The Billion-Dollar Gold Mining Scam That Fooled The World,https://youtu.be/KvdLrKQ0Qao,367191,2024-10-23,65,Wonder,https://www.youtube.com/channel/UCRAAdF42hZcTHAorbbDuivw,2320000,non,"Les grandes arnaques de l'histoire racontées en documentaire, avec la leçon pour aujourd'hui.",The Con Man Who Fooled America's Grandparents for 20 Years
Vivre chez soi après 60,Désencombrer et réduire,My Biggest Downsizing Mistakes In Retirement,https://youtu.be/TJSvyPTFqdk,367139,2026-06-03,8,Azul,https://www.youtube.com/channel/UCE-VsPf_vj8E-eXV9vU5GmA,424000,oui,"Le « Swedish death cleaning », vendre la maison, et que faire des affaires que personne ne veut.",Nobody Wants Your Stuff: What to Do With Your Things After 70
Arnaques,Arnaques sentimentales,Anything for Love: Inside the Romance Scam Epidemic | CBS Reports,https://youtu.be/D54aI7skixY,366994,2024-04-29,21,CBS News,https://www.youtube.com/channel/UC8p1vwvWtl6T73JiExfWs1g,7100000,non,"Les veufs et veuves sont les premières cibles. Le récit d'une victime réelle, puis les signaux d'alerte.","She Was 72, Widowed, and Lost $300,000 to a Man She Never Met"
Vivre chez soi après 60,Désencombrer et réduire,What I learned from getting rid of 99% of my stuff | Eagranie Yuh | TEDxHobart,https://youtu.be/TNB0-s6JTug,366844,2024-08-13,14,TEDx Talks,https://www.youtube.com/channel/UCsT0YIqwnpJCM-mx7-gSA4Q,44700000,non,"Le « Swedish death cleaning », vendre la maison, et que faire des affaires que personne ne veut.",Nobody Wants Your Stuff: What to Do With Your Things After 70
Vivre chez soi après 60,Désencombrer et réduire,I Tried KonMari vs Minimalism vs Death Cleaning – SURPRISING Result!,https://youtu.be/Lm9XkIpYZqI,364963,2025-08-19,9,Laura Larson Organizing,https://www.youtube.com/channel/UCZ-HDL26upVBhWV9i8QKrYg,18000,non,"Le « Swedish death cleaning », vendre la maison, et que faire des affaires que personne ne veut.",Nobody Wants Your Stuff: What to Do With Your Things After 70
Arnaques,Arnaques au téléphone,Your Phone has Virus Warning Scam - Explained | How to Remove it?,https://youtu.be/DOrBUA5BJzo,362382,2020-09-03,5,MalwareFox,https://www.youtube.com/channel/UCb32Exu4RsRfqDIRUwE6nxA,63700,non,"Expliquer les techniques des appels (le silence de 3 secondes, « Can you hear me? ») et ce qu'il faut répondre.",Why Scammers Stay Silent When You Answer — What to Say Instead
Arnaques,Faux banquiers / usurpation,DEBIT CARD HOLDERS BEWARE: New GHOST TAP Scam Is Draining Accounts,https://youtu.be/8WDOp2s2V8w,362338,2025-10-06,9,Boyd Clewis,https://www.youtube.com/channel/UCmTS2gGo4gjZLt8LxVnF3XA,337000,oui,"Le faux « service fraude » de la banque, Zelle, la carte de débit : ce qu'une vraie banque ne demande jamais.",Your Bank Will Never Ask You This: The Fake Fraud Department Call
Vivre chez soi après 60,Vivre seul après 70 ans,"Grieving Widow Walked Into This Tiny Home and Said ""Let's Do It""",https://youtu.be/DB8rrcIWKBQ,361233,2026-04-03,12,Tiny Home Tours,https://www.youtube.com/channel/UCidJftClM4kU1196YynvqXg,1920000,oui,"Ce qui change quand on vit seul, comment rester en sécurité, entouré et autonome.",Living Alone After 75: 9 Things That Keep You Safe and Happy
Arnaques,Arnaques à domicile,UK Council Tax SCAM | How To Lawfully NOT Pay,https://youtu.be/rGm6VrLzScM,359903,2022-05-26,39,Sovereign Empowerment,https://www.youtube.com/channel/UCfeNjQDkEtf2snl6pkZSSzg,25500,non,"Le faux couvreur après l'orage, le faux employé du gaz, le garagiste malhonnête.",The Roofer Who Knocks After a Storm: 6 Home Repair Scams Targeting Seniors
Vivre chez soi après 60,Où prendre sa retraite (USA),The 10 Best U.S. States to Retire on Just Social Security,https://youtu.be/AWFKKUWdYjI,357584,2026-01-23,14,World According To Briggs,https://www.youtube.com/channel/UCecPJBL6E1PVky1-gj6KH5g,1370000,oui,"Classements de villes et d'États selon le coût de la vie, les impôts et la sécurité.",10 Towns Where You Can Retire on Social Security Alone
Arnaques,Récits et documentaires d'arnaques,MANCHESTER AIRPORT'S Million-Pound PARKING SCAM Finally EXPOSED | UK True CRIME Documentary,https://youtu.be/jUkzWBrGeCU,356854,2025-10-14,26,Vance Frames,https://www.youtube.com/channel/UCUNL7hTBZvRTnHuMA4u0I2Q,94600,non,"Les grandes arnaques de l'histoire racontées en documentaire, avec la leçon pour aujourd'hui.",The Con Man Who Fooled America's Grandparents for 20 Years
Vivre chez soi après 60,Où prendre sa retraite (USA),Great Rural Texas Towns to Retire or Buy a Home.,https://youtu.be/K_lywbyDJ7o,354431,2022-06-03,13,World According To Briggs,https://www.youtube.com/channel/UCecPJBL6E1PVky1-gj6KH5g,1370000,oui,"Classements de villes et d'États selon le coût de la vie, les impôts et la sécurité.",10 Towns Where You Can Retire on Social Security Alone
Vivre chez soi après 60,Prendre sa retraite à l'étranger,How to Retire Early at 50 With $2M (And Safely Spend $120K/Year),https://youtu.be/y62H0GFWLqM,353969,2026-05-11,20,Erin Talks Money | Erin Moriarity,https://www.youtube.com/channel/UCpXipTyhIY9kprpvVd-lu0A,440000,oui,"Le vrai budget mensuel, les visas, la santé et les pièges dans chaque pays.",Retiring in Mexico on Social Security: The Real Monthly Cost
Arnaques,Arnaques sentimentales,I Fell For A Romance Scammer On My Dream Vacation,https://youtu.be/vwHorUi66HQ,352863,2026-02-14,44,Real Stories,https://www.youtube.com/channel/UCu4XcDBdnZkV6-5z2f16M0g,6760000,non,"Les veufs et veuves sont les premières cibles. Le récit d'une victime réelle, puis les signaux d'alerte.","She Was 72, Widowed, and Lost $300,000 to a Man She Never Met"
Vivre chez soi après 60,Désencombrer et réduire,3 Decluttering Steps That Make Tossing Junk Weirdly Fun and Addictive,https://youtu.be/QnB-7sWItdg,351171,2025-01-14,25,Clutterbug,https://www.youtube.com/channel/UC_ldgDzMaFzAEHEnIjSlWoA,1300000,non,"Le « Swedish death cleaning », vendre la maison, et que faire des affaires que personne ne veut.",Nobody Wants Your Stuff: What to Do With Your Things After 70
Vivre chez soi après 60,Prendre sa retraite à l'étranger,"Low Taxes, Better Cities: The 7 Best Countries to Retire in Europe in 2024 & 2025",https://youtu.be/nEvVINH4-UY,350070,2024-08-09,21,The Expat,https://www.youtube.com/channel/UC-qH477Em7cj52t0v432ZRg,51500,oui,"Le vrai budget mensuel, les visas, la santé et les pièges dans chaque pays.",Retiring in Mexico on Social Security: The Real Monthly Cost
Vivre chez soi après 60,Prendre sa retraite à l'étranger,"I'm 63, Broke, And Living My Best Life In Thailand — 26 YO Women Won't Leave Me Alone In Thailand 🇹🇭",https://youtu.be/0oaiyt7wizU,348287,2026-06-24,43,Big Money Regrets,https://www.youtube.com/channel/UCjEb6IO3UIPzim7eRSOQyag,4090,non,"Le vrai budget mensuel, les visas, la santé et les pièges dans chaque pays.",Retiring in Mexico on Social Security: The Real Monthly Cost
Arnaques,Récits et documentaires d'arnaques,The 10 Biggest Scams ever Broadcast on TV,https://youtu.be/MPppkL6c8Bk,347929,2023-12-22,32,PhantomStrider,https://www.youtube.com/channel/UCp5p6e83X5blZ93BaW_dvpg,734000,non,"Les grandes arnaques de l'histoire racontées en documentaire, avec la leçon pour aujourd'hui.",The Con Man Who Fooled America's Grandparents for 20 Years
Arnaques,Arnaques sentimentales,"I Lost $1,000,000 in an Online Love Scam",https://youtu.be/g0Uar7glYi8,347558,2019-11-22,11,DoctorOz,https://www.youtube.com/channel/UCc8cHxAZ3jwWkrrDyaLwDUw,2000000,non,"Les veufs et veuves sont les premières cibles. Le récit d'une victime réelle, puis les signaux d'alerte.","She Was 72, Widowed, and Lost $300,000 to a Man She Never Met"
Arnaques,Arnaques sentimentales,I Fell In Love... and He Stole My Life Savings | Fraud Wars,https://youtu.be/xSly30_s-Ao,347398,2025-08-22,11,AARP,https://www.youtube.com/channel/UCmyGH1tjNBs2VFtVSAtmNOg,420000,non,"Les veufs et veuves sont les premières cibles. Le récit d'une victime réelle, puis les signaux d'alerte.","She Was 72, Widowed, and Lost $300,000 to a Man She Never Met"
Vivre chez soi après 60,Prendre sa retraite à l'étranger,"10 Cheapest English Speaking Countries To Retire, Visit or Live",https://youtu.be/csG92-541JU,345845,2024-05-10,15,World According To Briggs,https://www.youtube.com/channel/UCecPJBL6E1PVky1-gj6KH5g,1370000,oui,"Le vrai budget mensuel, les visas, la santé et les pièges dans chaque pays.",Retiring in Mexico on Social Security: The Real Monthly Cost
Arnaques,Récits et documentaires d'arnaques,The Most Successful Scam In Christian History,https://youtu.be/pHJSNYGQYcU,345078,2026-04-08,30,Will Sexton,https://www.youtube.com/channel/UCrhXTeL41OArudcaqa9X2KA,190000,non,"Les grandes arnaques de l'histoire racontées en documentaire, avec la leçon pour aujourd'hui.",The Con Man Who Fooled America's Grandparents for 20 Years
Arnaques,Récits et documentaires d'arnaques,"Scammers, fraudsters and the tax office’s missing $50 billion | Four Corners Documentary",https://youtu.be/lCNsluZrbvU,345047,2025-07-28,45,ABC News In-depth,https://www.youtube.com/channel/UCxcrzzhQDj5zKJbXfIscCtg,2450000,non,"Les grandes arnaques de l'histoire racontées en documentaire, avec la leçon pour aujourd'hui.",The Con Man Who Fooled America's Grandparents for 20 Years
Vivre chez soi après 60,Désencombrer et réduire,5 Valuable Lessons In Swedish Death Cleaning: Clearing Out Mom's House,https://youtu.be/XZZ4jgev_CU,341679,2024-08-15,22,Joyful Living with Jen Lefforge,https://www.youtube.com/channel/UC-ZEQgA6jc9SPIg7wq4QxTA,84700,non,"Le « Swedish death cleaning », vendre la maison, et que faire des affaires que personne ne veut.",Nobody Wants Your Stuff: What to Do With Your Things After 70
Arnaques,Récits et documentaires d'arnaques,Every Major FINANCIAL SCAM Of The 21st Century Explained in 13 minutes,https://youtu.be/qFYhW0WyRIk,341171,2025-05-24,13,Unhinged Explainer,https://www.youtube.com/channel/UCDH34RV8lf0KBHtXFdECn9A,10400,non,"Les grandes arnaques de l'histoire racontées en documentaire, avec la leçon pour aujourd'hui.",The Con Man Who Fooled America's Grandparents for 20 Years
Vivre chez soi après 60,Désencombrer et réduire,Decluttering? Stop Donating All Your Stuff. Here's Why,https://youtu.be/PaQuL75UVmQ,340835,2026-10-03,22,The Japanese Method,https://www.youtube.com/channel/UCG1FhX9QEcUEqNQEnP1EaiQ,138000,non,"Le « Swedish death cleaning », vendre la maison, et que faire des affaires que personne ne veut.",Nobody Wants Your Stuff: What to Do With Your Things After 70
Vivre chez soi après 60,Prendre sa retraite à l'étranger,"10 Best Countries to Retire in 2026 (Affordable, Safe & Great for Families)",https://youtu.be/vZHWTVBdahw,339910,2026-07-07,26,Ticket,https://www.youtube.com/channel/UCTHH1P9t9V_lyYrHQ9ayKsA,23900,oui,"Le vrai budget mensuel, les visas, la santé et les pièges dans chaque pays.",Retiring in Mexico on Social Security: The Real Monthly Cost
Arnaques,Faux banquiers / usurpation,How Bank Fraud Actually Works | How Crime Works | Insider,https://youtu.be/_OBlkB9JXME,338882,2025-12-11,48,Insider,https://www.youtube.com/channel/UCHJuQZuzapBh-CuhRYxIZrg,9610000,non,"Le faux « service fraude » de la banque, Zelle, la carte de débit : ce qu'une vraie banque ne demande jamais.",Your Bank Will Never Ask You This: The Fake Fraud Department Call
Arnaques,Récits et documentaires d'arnaques,"Just Hang Up - Scams Against Seniors, Part 3",https://youtu.be/ID0z3l2j5x0,337706,2013-04-04,13,Reveal,https://www.youtube.com/channel/UCdmqkUIfXt2cMBOLQsijMFg,92300,oui,"Les grandes arnaques de l'histoire racontées en documentaire, avec la leçon pour aujourd'hui.",The Con Man Who Fooled America's Grandparents for 20 Years
Vivre chez soi après 60,"Maison de retraite, résidence, aide",Assisted Living Warning,https://youtu.be/f3z5AK9tCMs,335200,2024-01-13,6,"Clark Howard: Save More, Spend Less",https://www.youtube.com/channel/UCRcNI4bLa8Njwuo3OTmxZjA,207000,non,"Comparer les options et les vrais coûts : rester chez soi, résidence, aide à domicile.",Assisted Living vs Staying Home: The Real Cost
Arnaques,Récits et documentaires d'arnaques,Biggest Scams In Software Engineering,https://youtu.be/-_o4YFFD6is,334676,2024-03-28,4,bigboxSWE,https://www.youtube.com/channel/UC5--wS0Ljbin1TjWQX6eafA,275000,non,"Les grandes arnaques de l'histoire racontées en documentaire, avec la leçon pour aujourd'hui.",The Con Man Who Fooled America's Grandparents for 20 Years
Vivre chez soi après 60,Où prendre sa retraite (USA),The Top 10 Best Places To Retire in the World ⛱,https://youtu.be/N7GJfd4JLvo,334543,2021-08-20,16,Traveling with Kristin,https://www.youtube.com/channel/UCS2ezhBvebMx6BUL-4qpadQ,310000,oui,"Classements de villes et d'États selon le coût de la vie, les impôts et la sécurité.",10 Towns Where You Can Retire on Social Security Alone
Vivre chez soi après 60,Où prendre sa retraite (USA),Great Rural Towns in Washington to Retire or Buy Real Estate.,https://youtu.be/QuDjHBNsGoE,333836,2022-05-16,14,World According To Briggs,https://www.youtube.com/channel/UCecPJBL6E1PVky1-gj6KH5g,1370000,oui,"Classements de villes et d'États selon le coût de la vie, les impôts et la sécurité.",10 Towns Where You Can Retire on Social Security Alone
Arnaques,Arnaques sentimentales,The Pig Butchering Romance Scam - BBC World Service Documentaries,https://youtu.be/bW4wYV0V-5s,331789,2023-03-08,47,BBC World Service,https://www.youtube.com/channel/UCQXHTFnQYFTqN0MqmNh9EIA,2220000,non,"Les veufs et veuves sont les premières cibles. Le récit d'une victime réelle, puis les signaux d'alerte.","She Was 72, Widowed, and Lost $300,000 to a Man She Never Met"
Arnaques,Investissement et crypto,Bernie Madoff: Mastermind of the Largest Fraud in U.S. History | FD Crime,https://youtu.be/n3QJXv4usTo,330480,2023-04-09,50,FD Crime,https://www.youtube.com/channel/UCQ-UEhur3z7Jn2lS25d5zzw,225000,non,"Les retraités ciblés par de faux placements « sûrs » : Madoff, pig butchering, faux conseillers.",How Retirees Lost Their Life Savings to a 'Safe' Investment
Arnaques,Faux banquiers / usurpation,Bank Teller Steals $20M | Queen Of Credit Card Fraud,https://youtu.be/vJc-Oa-L6OM,329734,2026-01-04,94,Matthew Cox | Inside True Crime,https://www.youtube.com/channel/UC3_qYh4foNgVXI7NzcuxlCA,1250000,non,"Le faux « service fraude » de la banque, Zelle, la carte de débit : ce qu'une vraie banque ne demande jamais.",Your Bank Will Never Ask You This: The Fake Fraud Department Call
Arnaques,Récits et documentaires d'arnaques,10 Most Skilled Recent Con Artists!,https://youtu.be/WXa2nbNrXXI,329628,2021-04-25,13,World List,https://www.youtube.com/channel/UC4dD7XXdwPIrTLStHwfsJOQ,2060000,non,"Les grandes arnaques de l'histoire racontées en documentaire, avec la leçon pour aujourd'hui.",The Con Man Who Fooled America's Grandparents for 20 Years
Arnaques,Arnaques sentimentales,Old Racist Grandma Ends Up Dating Nigerian Scammer For 10 Years...,https://youtu.be/UrabKfoP8vM,329345,2025-12-28,66,sixteenleo,https://www.youtube.com/channel/UClgVmK6jZTZKAIlEhK1KRVQ,670000,oui,"Les veufs et veuves sont les premières cibles. Le récit d'une victime réelle, puis les signaux d'alerte.","She Was 72, Widowed, and Lost $300,000 to a Man She Never Met"
Arnaques,Faux banquiers / usurpation,"Identity Theft is not a joke Jody! | True Story of Jody Harris, Master Identity Thief | TCC",https://youtu.be/EEsSvMM7fWE,328920,2023-03-09,44,True Crime Central,https://www.youtube.com/channel/UCFkFUrV28yy4kpg9b6LNhuQ,1450000,non,"Le faux « service fraude » de la banque, Zelle, la carte de débit : ce qu'une vraie banque ne demande jamais.",Your Bank Will Never Ask You This: The Fake Fraud Department Call
Vivre chez soi après 60,Communautés 55+,How the Rich and Famous Actually Retire | World's Most Luxurious Retirement Homes,https://youtu.be/8pOHmI0lua4,328238,2025-10-24,44,Luxury Living,https://www.youtube.com/channel/UC8J-rsJ_xhIIIsrBH6BOV0g,146000,oui,"Visites, avantages et défauts, et ce que les vendeurs ne disent pas.",Why People Are Leaving 55+ Communities (What Sales Agents Won't Say)
Arnaques,Arnaques sentimentales,Did I Fall In Love With A Romance Scammer Or An NSA Agent?,https://youtu.be/HVYw43wwiTA,326101,2021-10-20,19,Catfished,https://www.youtube.com/channel/UCns8cwhpu92cYJHAlEfWz_w,664000,non,"Les veufs et veuves sont les premières cibles. Le récit d'une victime réelle, puis les signaux d'alerte.","She Was 72, Widowed, and Lost $300,000 to a Man She Never Met"
Vivre chez soi après 60,Vivre seul après 70 ans,15 Tips For Living Alone | Things I Wish I Knew Before Living On My Own For the First Time,https://youtu.be/VbmVyTwQga4,325922,2023-03-26,19,Lauren Juarez,https://www.youtube.com/channel/UCvX-i4vwe5yfEepdtWbtUbg,27900,non,"Ce qui change quand on vit seul, comment rester en sécurité, entouré et autonome.",Living Alone After 75: 9 Things That Keep You Safe and Happy
Vivre chez soi après 60,Où prendre sa retraite (USA),Where Retirees Are Moving in 2025 That Will SHOCK You!,https://youtu.be/eZ2UQ5xDW7g,325669,2025-02-07,16,World According To Briggs,https://www.youtube.com/channel/UCecPJBL6E1PVky1-gj6KH5g,1370000,oui,"Classements de villes et d'États selon le coût de la vie, les impôts et la sécurité.",10 Towns Where You Can Retire on Social Security Alone
Vivre chez soi après 60,"Maison de retraite, résidence, aide",Van Tour: Senior Solo Female Shows Off Her Cozy Minivan Home of 8 Years,https://youtu.be/NnVgpHktM_U,322934,2024-12-17,22,The Minivan Lee Show,https://www.youtube.com/channel/UCMqEuHPN2MW9IJwLzatAfDA,47300,oui,"Comparer les options et les vrais coûts : rester chez soi, résidence, aide à domicile.",Assisted Living vs Staying Home: The Real Cost
Vivre chez soi après 60,Prendre sa retraite à l'étranger,Reasons You Should NOT Retire Abroad. The Harsh Truth!!,https://youtu.be/CskPI0a_9kw,322693,2026-01-21,30,Evan Eh! 🇨🇦,https://www.youtube.com/channel/UC224bB24ee43tWYpaD6QWkQ,115000,oui,"Le vrai budget mensuel, les visas, la santé et les pièges dans chaque pays.",Retiring in Mexico on Social Security: The Real Monthly Cost
Vivre chez soi après 60,Où prendre sa retraite (USA),10 Best States for Black People to Retire on a Small Pension or Social Security – AFFORDABLE & SAFE!,https://youtu.be/umGam2BGDv8,322569,2025-03-06,18,Virtual Travel by Brian,https://www.youtube.com/channel/UC8VKqMPCrYzddgiyCDImXYQ,244000,oui,"Classements de villes et d'États selon le coût de la vie, les impôts et la sécurité.",10 Towns Where You Can Retire on Social Security Alone
Arnaques,"Loterie, cadeaux et colis",How a Hotdog Exposed The Biggest Lottery Hack,https://youtu.be/ZyzDnRsb1A4,320989,2025-07-10,16,Blackfiles,https://www.youtube.com/channel/UCVVTthHLGBuNeKf5z6jGV2A,455000,non,"Les faux gains, Publishers Clearing House, les SMS de colis, les cartes cadeaux.",'You Won!' — Why a Real Lottery Never Asks You to Pay First
Vivre chez soi après 60,"Maison de retraite, résidence, aide","If You Can't Live Alone, Don't Go to Nursing Homes—Do This Instead :Dr. Daniel Hayes",https://youtu.be/1ewmeeJUCio,320972,2026-05-30,28,Dr. Daniel Hayes,https://www.youtube.com/channel/UCfCRt8l127SR0WE4bVQDYxw,110000,non,"Comparer les options et les vrais coûts : rester chez soi, résidence, aide à domicile.",Assisted Living vs Staying Home: The Real Cost
Vivre chez soi après 60,Communautés 55+,The Villages Florida | Tour the #1 Retirement community in the world.,https://youtu.be/GOSh0B9tphI,320884,2022-09-24,12,Real Coast to Coast ,https://www.youtube.com/channel/UCgflihZFv7vg2WXgJfPhSXA,60900,oui,"Visites, avantages et défauts, et ce que les vendeurs ne disent pas.",Why People Are Leaving 55+ Communities (What Sales Agents Won't Say)
Vivre chez soi après 60,Désencombrer et réduire,Decluttering After 60: Avoid These 7 Useless Tasks!,https://youtu.be/KEYtebjejvk,320596,2025-09-08,26,Golden Elders,https://www.youtube.com/channel/UC0ARlze4VGhW6pYbUKc9nHQ,25200,oui,"Le « Swedish death cleaning », vendre la maison, et que faire des affaires que personne ne veut.",Nobody Wants Your Stuff: What to Do With Your Things After 70
Arnaques,Récits et documentaires d'arnaques,A Lie Millions Wanted to Believe: The Biggest Crypto Scam Ever Created | ENDEVR Documentary,https://youtu.be/ovU2wwOaSbQ,319503,2026-07-08,94,ENDEVR,https://www.youtube.com/channel/UCuw0GgMlZlAsWvpI8PgCN8g,1500000,non,"Les grandes arnaques de l'histoire racontées en documentaire, avec la leçon pour aujourd'hui.",The Con Man Who Fooled America's Grandparents for 20 Years
Arnaques,Faux banquiers / usurpation,Credit Card Fraudster Reveals All ... ( FULL PODCAST),https://youtu.be/g08_D4nQJ4s,317878,2021-10-26,198,Matthew Cox | Inside True Crime,https://www.youtube.com/channel/UC3_qYh4foNgVXI7NzcuxlCA,1250000,non,"Le faux « service fraude » de la banque, Zelle, la carte de débit : ce qu'une vraie banque ne demande jamais.",Your Bank Will Never Ask You This: The Fake Fraud Department Call
Vivre chez soi après 60,Désencombrer et réduire,"8 Buddhist Truths to Let Go of After 70 – For a Lighter, Happier Life",https://youtu.be/OwAJBFzdq_Q,316854,2025-07-08,37,Quiet Wisdom,https://www.youtube.com/channel/UC5fatdgYfmavAl1WC37aQEw,97900,oui,"Le « Swedish death cleaning », vendre la maison, et que faire des affaires que personne ne veut.",Nobody Wants Your Stuff: What to Do With Your Things After 70
Arnaques,Arnaques sentimentales,"Victim LOST $20,000 To An Online Love Scammer!",https://youtu.be/u9EpSuHC-_o,316830,2021-11-24,19,Catfished,https://www.youtube.com/channel/UCns8cwhpu92cYJHAlEfWz_w,664000,non,"Les veufs et veuves sont les premières cibles. Le récit d'une victime réelle, puis les signaux d'alerte.","She Was 72, Widowed, and Lost $300,000 to a Man She Never Met"
Arnaques,Arnaques au téléphone,Scamming Innocent People With My Friends! (Scam With Your Friends),https://youtu.be/R92koVQGxK4,316486,2026-09-28,59,ShadesOfNate,https://www.youtube.com/channel/UCVqGnX0UMGnCWpmcTA_7s1A,277000,non,"Expliquer les techniques des appels (le silence de 3 secondes, « Can you hear me? ») et ce qu'il faut répondre.",Why Scammers Stay Silent When You Answer — What to Say Instead
Arnaques,Récits et documentaires d'arnaques,VICE Investigates The World's Wildest Scammers,https://youtu.be/xcl1M7T-b-0,314782,2026-04-04,63,VICE Forever,https://www.youtube.com/channel/UCG2bhoFKZJqFNTKpt_qzHuA,195000,non,"Les grandes arnaques de l'histoire racontées en documentaire, avec la leçon pour aujourd'hui.",The Con Man Who Fooled America's Grandparents for 20 Years
Arnaques,Investissement et crypto,"Husband Lost $270,000 Of Our 401(k) In A Scam",https://youtu.be/YwLNqhEA1yU,314402,2025-05-18,10,The Ramsey Show Highlights,https://www.youtube.com/channel/UC7eBNeDW1GQf2NJQ6G6gAxw,4600000,non,"Les retraités ciblés par de faux placements « sûrs » : Madoff, pig butchering, faux conseillers.",How Retirees Lost Their Life Savings to a 'Safe' Investment
Vivre chez soi après 60,Prendre sa retraite à l'étranger,Top Best Caribbean Islands for Retirement,https://youtu.be/Qpqd9MYSpl0,314252,2026-03-06,19,Skerry Harry,https://www.youtube.com/channel/UC0geK8x390Gu_4RUmerxaGg,251000,oui,"Le vrai budget mensuel, les visas, la santé et les pièges dans chaque pays.",Retiring in Mexico on Social Security: The Real Monthly Cost
Arnaques,Arnaques au téléphone,Turning Robocalls Into Cash,https://youtu.be/SURPzO59soo,314075,2019-03-13,4,FOX 35 Orlando,https://www.youtube.com/channel/UCuXT13wiqK56NR7QSfDWpvg,474000,non,"Expliquer les techniques des appels (le silence de 3 secondes, « Can you hear me? ») et ce qu'il faut répondre.",Why Scammers Stay Silent When You Answer — What to Say Instead
Arnaques,Arnaques sentimentales,Woman loses family over romance scam,https://youtu.be/4_tt_n7jqOE,313603,2026-07-09,36,Catfished,https://www.youtube.com/channel/UCns8cwhpu92cYJHAlEfWz_w,664000,non,"Les veufs et veuves sont les premières cibles. Le récit d'une victime réelle, puis les signaux d'alerte.","She Was 72, Widowed, and Lost $300,000 to a Man She Never Met"
Arnaques,Arnaques sentimentales,Help! I Fell In Love With A Romance Scammer!,https://youtu.be/y7IrKuNaMng,311555,2021-09-15,16,Catfished,https://www.youtube.com/channel/UCns8cwhpu92cYJHAlEfWz_w,664000,non,"Les veufs et veuves sont les premières cibles. Le récit d'une victime réelle, puis les signaux d'alerte.","She Was 72, Widowed, and Lost $300,000 to a Man She Never Met"
Vivre chez soi après 60,Vivre seul après 70 ans,Things To Avoid When Living Alone as an Older Person,https://youtu.be/gB0eP9oqO-E,311212,2024-09-14,16,Golden Years,https://www.youtube.com/channel/UCmt9IHErrFbiUQ77dThKpmw,112000,oui,"Ce qui change quand on vit seul, comment rester en sécurité, entouré et autonome.",Living Alone After 75: 9 Things That Keep You Safe and Happy
Arnaques,"Loterie, cadeaux et colis",14.3Millions💲 😱Lottery scam exposed,https://youtu.be/6VsG_oTb-3o,310357,2025-03-16,23,The unique,https://www.youtube.com/channel/UC5gX9P90RVRGIkC4FDvfyjA,8030,non,"Les faux gains, Publishers Clearing House, les SMS de colis, les cartes cadeaux.",'You Won!' — Why a Real Lottery Never Asks You to Pay First
Vivre chez soi après 60,Vivre seul après 70 ans,10 Things To Avoid When Living Alone as an Older Person (That No One Talks About),https://youtu.be/WHKQTdea1eY,308614,2025-07-15,20,Golden Years,https://www.youtube.com/channel/UCmt9IHErrFbiUQ77dThKpmw,112000,oui,"Ce qui change quand on vit seul, comment rester en sécurité, entouré et autonome.",Living Alone After 75: 9 Things That Keep You Safe and Happy
Vivre chez soi après 60,Où prendre sa retraite (USA),The 10 Best Places To Retire In The United States | Affordable & Cheapest,https://youtu.be/I5Zd3YAQhTU,308201,2018-11-17,9,Around The World,https://www.youtube.com/channel/UCMwJnG1Le4ixS1NRrsIc89w,441000,oui,"Classements de villes et d'États selon le coût de la vie, les impôts et la sécurité.",10 Towns Where You Can Retire on Social Security Alone
Vivre chez soi après 60,Où prendre sa retraite (USA),"If You Retired in One of These 3 States You Are Losing $5,000 Every Year",https://youtu.be/L7rR_3Yr0y4,307335,2026-04-06,15,Kevin Retires,https://www.youtube.com/channel/UCORGG4gj6UJIo-SjOaAri5Q,107000,oui,"Classements de villes et d'États selon le coût de la vie, les impôts et la sécurité.",10 Towns Where You Can Retire on Social Security Alone
Arnaques,Arnaques au téléphone,How Are Scam Calls Appearing As Local Numbers? | Talking Point,https://youtu.be/NrSws7KzjY0,306942,2026-01-12,22,CNA Insider,https://www.youtube.com/channel/UC_Lnb8ZHqqgLbp-7hltuT9w,2700000,non,"Expliquer les techniques des appels (le silence de 3 secondes, « Can you hear me? ») et ce qu'il faut répondre.",Why Scammers Stay Silent When You Answer — What to Say Instead
Vivre chez soi après 60,Où prendre sa retraite (USA),12 Best Places to Live or Retire in Greece Comfortably,https://youtu.be/EhGBd80l3F0,305856,2023-01-10,11,Skerry Harry,https://www.youtube.com/channel/UC0geK8x390Gu_4RUmerxaGg,251000,oui,"Classements de villes et d'États selon le coût de la vie, les impôts et la sécurité.",10 Towns Where You Can Retire on Social Security Alone
Vivre chez soi après 60,Où prendre sa retraite (USA),Best States for Retirement in 2026 — When You Compare All Taxes,https://youtu.be/LhIHTx9L_Bo,304308,2025-12-28,12,Mike's Financial Edge,https://www.youtube.com/channel/UCmSjk6fP05aRC3L4v1r8pcg,35400,oui,"Classements de villes et d'États selon le coût de la vie, les impôts et la sécurité.",10 Towns Where You Can Retire on Social Security Alone
Arnaques,Arnaques au téléphone,How to END Robocalls— And Get PAID When They Call!,https://youtu.be/qt56qso1BnU,303229,2025-11-10,47,Rossen Reports,https://www.youtube.com/channel/UC7PYy5Tx1WhbnGKc3KJeRKw,711000,non,"Expliquer les techniques des appels (le silence de 3 secondes, « Can you hear me? ») et ce qu'il faut répondre.",Why Scammers Stay Silent When You Answer — What to Say Instead
Vivre chez soi après 60,Désencombrer et réduire,I’m Changing How My Patients Do Anti-Aging Skincare (5 Key Upgrades)  | Dr. Sam Ellis,https://youtu.be/dqD4It8hJFg,302879,2026-01-02,20,Dr. Sam Ellis,https://www.youtube.com/channel/UCRi13TUqA_SawPlPOG6jz1Q,892000,oui,"Le « Swedish death cleaning », vendre la maison, et que faire des affaires que personne ne veut.",Nobody Wants Your Stuff: What to Do With Your Things After 70
Vivre chez soi après 60,Prendre sa retraite à l'étranger,The Bill That Saves Social Security,https://youtu.be/Hm8N_4-bVxA,302288,2026-07-23,21,"Dr. Ed Weir, PhD, Former Social Security Manager",https://www.youtube.com/channel/UCou-9ixmPuPQ0uMYjL7aOdA,787000,oui,"Le vrai budget mensuel, les visas, la santé et les pièges dans chaque pays.",Retiring in Mexico on Social Security: The Real Monthly Cost
Vivre chez soi après 60,Vivre seul après 70 ans,The Story of Two Elderly Women Living Alone in a Snowy Village,https://youtu.be/rN8qg67SQI0,301163,2026-03-03,72,Days in the Village,https://www.youtube.com/channel/UC9eaoaW-SnEhxC8wuoGEVFg,2830,oui,"Ce qui change quand on vit seul, comment rester en sécurité, entouré et autonome.",Living Alone After 75: 9 Things That Keep You Safe and Happy
Arnaques,Récits et documentaires d'arnaques,"Scammers, spies and triads: inside cyber-crime’s $15tn global empire | FT Film",https://youtu.be/a9cugMoM89w,299876,2025-12-18,29,Financial Times,https://www.youtube.com/channel/UCoUxsWakJucWg46KW5RsvPw,1460000,non,"Les grandes arnaques de l'histoire racontées en documentaire, avec la leçon pour aujourd'hui.",The Con Man Who Fooled America's Grandparents for 20 Years
Arnaques,Investissement et crypto,Actor rips crypto as 'largest Ponzi scheme in history',https://youtu.be/ZpqreZlmHGU,299571,2022-12-15,7,CNN,https://www.youtube.com/channel/UCupvZG-5ko_eiXAupbDfxWw,19900000,non,"Les retraités ciblés par de faux placements « sûrs » : Madoff, pig butchering, faux conseillers.",How Retirees Lost Their Life Savings to a 'Safe' Investment
Arnaques,Récits et documentaires d'arnaques,Despicable Man Pretends To Have Cancer To Scam Friends And Family | Conmen Case Files | Real Crime,https://youtu.be/ZINlveZs1PM,298209,2022-03-29,51,Real Crime,https://www.youtube.com/channel/UC1s9576cQFdQq3QTtTxocmA,2180000,non,"Les grandes arnaques de l'histoire racontées en documentaire, avec la leçon pour aujourd'hui.",The Con Man Who Fooled America's Grandparents for 20 Years
Arnaques,Petit-enfant en détresse / clonage de voix IA,Grandparent Scams are on the rise. What seniors need to defend themselves,https://youtu.be/KPjEkMkylxY,296451,2026-06-08,5,TMS | Global Entertainment,https://www.youtube.com/channel/UCKY5PiEq8Tl9r7f3qittXng,1180000,oui,"Raconter un vrai appel « Grandma, I'm in jail », puis donner la parade du mot de passe familial.","The 'Grandma, I'm in Trouble' Call: How AI Copies Your Grandson's Voice"
Arnaques,"Loterie, cadeaux et colis",The Sneaky New Gift Card Scam That’s Draining Bank Accounts (And How to Protect Yourself),https://youtu.be/gBpKUf_kBec,295131,2024-12-31,8,Boyd Clewis,https://www.youtube.com/channel/UCmTS2gGo4gjZLt8LxVnF3XA,337000,non,"Les faux gains, Publishers Clearing House, les SMS de colis, les cartes cadeaux.",'You Won!' — Why a Real Lottery Never Asks You to Pay First
Vivre chez soi après 60,Où prendre sa retraite (USA),"Top 10 Affordable, Fun, and Safe Places to Retire in Texas!",https://youtu.be/lJMq6aQ7o5Y,292863,2023-01-27,18,Oak Harvest Financial Group,https://www.youtube.com/channel/UCkLvOm9F5iC01-hHxRmUXpQ,59700,oui,"Classements de villes et d'États selon le coût de la vie, les impôts et la sécurité.",10 Towns Where You Can Retire on Social Security Alone
Vivre chez soi après 60,Prendre sa retraite à l'étranger,"Kathy Retired in Ensenada, Mexico- How She Lives on $1400 USD/Month in 2023",https://youtu.be/CaR3YNAaiJ8,292563,2023-03-05,20,Mexico Relocation Guide,https://www.youtube.com/channel/UCaTEJTyH4mL6JVQWQEgozmw,98900,oui,"Le vrai budget mensuel, les visas, la santé et les pièges dans chaque pays.",Retiring in Mexico on Social Security: The Real Monthly Cost
Vivre chez soi après 60,Prendre sa retraite à l'étranger,The Five BEST Places to Retire in Europe,https://youtu.be/i3835jSk8xw,291062,2024-08-20,18,Nomad Capitalist,https://www.youtube.com/channel/UC3k3floOm_HtKOv0l6JU-xQ,1140000,oui,"Le vrai budget mensuel, les visas, la santé et les pièges dans chaque pays.",Retiring in Mexico on Social Security: The Real Monthly Cost
Arnaques,Récits et documentaires d'arnaques,Jody Harris: Con Artist | Australian Crime Stories | S4E09,https://youtu.be/pBmVexkM9EU,289572,2022-10-28,44,True Crime Fix,https://www.youtube.com/channel/UCmgpjm53OGZd8a2z859a9vw,273000,non,"Les grandes arnaques de l'histoire racontées en documentaire, avec la leçon pour aujourd'hui.",The Con Man Who Fooled America's Grandparents for 20 Years
Arnaques,Arnaques sentimentales,Gold Romance Scam EXPOSED: Woman's $150K LOST Retirement Savings!,https://youtu.be/reZCcex5Oxg,288275,2024-05-29,22,Catfished,https://www.youtube.com/channel/UCns8cwhpu92cYJHAlEfWz_w,664000,oui,"Les veufs et veuves sont les premières cibles. Le récit d'une victime réelle, puis les signaux d'alerte.","She Was 72, Widowed, and Lost $300,000 to a Man She Never Met"
Arnaques,Arnaques sentimentales,Woman Plans A Family With Romance Scammer!,https://youtu.be/6jTDiOKm9cQ,288105,2022-01-12,17,Catfished,https://www.youtube.com/channel/UCns8cwhpu92cYJHAlEfWz_w,664000,non,"Les veufs et veuves sont les premières cibles. Le récit d'une victime réelle, puis les signaux d'alerte.","She Was 72, Widowed, and Lost $300,000 to a Man She Never Met"
Arnaques,"Social Security, Medicare, IRS","Crimewatch 2022 EP2 | China INTERPOL Officials Impersonation Scam to swindle a woman of S$200,000",https://youtu.be/xGhkmU_Leo0,287955,2022-07-05,21,Entertainment - Mediacorp,https://www.youtube.com/channel/UCQrvzGHFkNkVBlqqe46kuYQ,610000,non,Les scripts des faux agents de l'État et ce que l'administration ne fait jamais.,"5 Things Social Security Will Never Do (If They Do, Hang Up)"
Vivre chez soi après 60,Où prendre sa retraite (USA),Great Rural Towns in Idaho to Retire or Buy a Home.,https://youtu.be/mCJw-NiX3zQ,287755,2022-05-04,12,World According To Briggs,https://www.youtube.com/channel/UCecPJBL6E1PVky1-gj6KH5g,1370000,oui,"Classements de villes et d'États selon le coût de la vie, les impôts et la sécurité.",10 Towns Where You Can Retire on Social Security Alone
Vivre chez soi après 60,Prendre sa retraite à l'étranger,American Explains Why He Moved to Portugal and Then Left,https://youtu.be/onmtuvARaF0,286356,2025-05-10,28,ExpatsEverywhere,https://www.youtube.com/channel/UCulfYfis1maQDayjUmf-_bw,100000,non,"Le vrai budget mensuel, les visas, la santé et les pièges dans chaque pays.",Retiring in Mexico on Social Security: The Real Monthly Cost
Vivre chez soi après 60,Prendre sa retraite à l'étranger,He Retired to Ecuador on Social Security - And Lives Better Than in the U.S.,https://youtu.be/BZoB9ONAYG0,284804,2026-05-24,21,Living Abroad with ERIC,https://www.youtube.com/channel/UCfOPste0AoLJJJ33gn5NVvg,34700,oui,"Le vrai budget mensuel, les visas, la santé et les pièges dans chaque pays.",Retiring in Mexico on Social Security: The Real Monthly Cost
Arnaques,Investissement et crypto,Pensioner loses life savings in cruel scam | A Current Affair,https://youtu.be/bLNp_Y5FBC8,283635,2022-11-05,6,A Current Affair,https://www.youtube.com/channel/UCX15yQQOgUllNFd8wNRV1KQ,836000,oui,"Les retraités ciblés par de faux placements « sûrs » : Madoff, pig butchering, faux conseillers.",How Retirees Lost Their Life Savings to a 'Safe' Investment
Arnaques,Arnaques sentimentales,How To Catch A Romance Scammer!,https://youtu.be/4JVTxPO0CR0,281355,2022-05-25,19,Catfished,https://www.youtube.com/channel/UCns8cwhpu92cYJHAlEfWz_w,664000,non,"Les veufs et veuves sont les premières cibles. Le récit d'une victime réelle, puis les signaux d'alerte.","She Was 72, Widowed, and Lost $300,000 to a Man She Never Met"
Arnaques,Investissement et crypto,76-year-old loses $1.6 million savings to AI investment scam,https://youtu.be/STYNYRvWkks,280555,2026-04-15,5,NBC News,https://www.youtube.com/channel/UCeY0bbntWzzVIaj2z3QigXg,12100000,non,"Les retraités ciblés par de faux placements « sûrs » : Madoff, pig butchering, faux conseillers.",How Retirees Lost Their Life Savings to a 'Safe' Investment
Vivre chez soi après 60,Où prendre sa retraite (USA),3 Near Perfect Countries for Retirees!,https://youtu.be/qUSua8yDrnA,280122,2026-06-25,17,Adventure Freaksss ,https://www.youtube.com/channel/UC0dRjLpXi4C8oti0Y9riUmg,212000,oui,"Classements de villes et d'États selon le coût de la vie, les impôts et la sécurité.",10 Towns Where You Can Retire on Social Security Alone
Arnaques,Récits et documentaires d'arnaques,Top 7 DUMBEST Scams That Actually Worked,https://youtu.be/taqAlU-kBos,280054,2025-07-31,20,The Infographics Show,https://www.youtube.com/channel/UCfdNM3NAhaBOXCafH7krzrA,15500000,non,"Les grandes arnaques de l'histoire racontées en documentaire, avec la leçon pour aujourd'hui.",The Con Man Who Fooled America's Grandparents for 20 Years
Vivre chez soi après 60,"Maison de retraite, résidence, aide","20 Nursing Home Secrets Revealed: Save Thousands on Skilled Care Costs & LTC Insurance Truths""",https://youtu.be/zf3bLp41Sno,279949,2025-04-20,24,Joe Kuhn,https://www.youtube.com/channel/UCY0hd1Iff79JnPNkPHmOXAg,126000,non,"Comparer les options et les vrais coûts : rester chez soi, résidence, aide à domicile.",Assisted Living vs Staying Home: The Real Cost
Vivre chez soi après 60,"Maison de retraite, résidence, aide",Aging in Place in 399 Sq Ft. Here Is How They Did It.,https://youtu.be/IDV2bbAlYKE,279608,2026-07-31,29,Tiny Home Tours,https://www.youtube.com/channel/UCidJftClM4kU1196YynvqXg,1920000,oui,"Comparer les options et les vrais coûts : rester chez soi, résidence, aide à domicile.",Assisted Living vs Staying Home: The Real Cost
Arnaques,Récits et documentaires d'arnaques,The QuadrigaCX Fraud: The Ultimate Crypto Exit Scam? | FD Finance,https://youtu.be/4jbXVzppF-s,278643,2025-03-09,77,FD Finance,https://www.youtube.com/channel/UCA1zVt6y6hidCOBUrn1si8Q,212000,non,"Les grandes arnaques de l'histoire racontées en documentaire, avec la leçon pour aujourd'hui.",The Con Man Who Fooled America's Grandparents for 20 Years
Arnaques,Faux banquiers / usurpation,This Identity Theft Story is INSANE - Weekly Weird News,https://youtu.be/w3kcSmTQkWo,278420,2024-04-06,52,Internet Today,https://www.youtube.com/channel/UCyZVCV9xhrCyz4hPehvb4Wg,325000,non,"Le faux « service fraude » de la banque, Zelle, la carte de débit : ce qu'une vraie banque ne demande jamais.",Your Bank Will Never Ask You This: The Fake Fraud Department Call
Arnaques,Faux banquiers / usurpation,"Widow loses $760,000 after scammer impersonates bank staff | A Current Affair",https://youtu.be/OgvGKR38BmI,277442,2022-04-28,5,A Current Affair,https://www.youtube.com/channel/UCX15yQQOgUllNFd8wNRV1KQ,836000,oui,"Le faux « service fraude » de la banque, Zelle, la carte de débit : ce qu'une vraie banque ne demande jamais.",Your Bank Will Never Ask You This: The Fake Fraud Department Call
Vivre chez soi après 60,Vivre seul après 70 ans,9 Benefits of Living Alone as an Older Man,https://youtu.be/L1dqJO-OIPo,276769,2024-09-02,14,Golden Years,https://www.youtube.com/channel/UCmt9IHErrFbiUQ77dThKpmw,112000,oui,"Ce qui change quand on vit seul, comment rester en sécurité, entouré et autonome.",Living Alone After 75: 9 Things That Keep You Safe and Happy
Arnaques,Récits et documentaires d'arnaques,The Treacherous Life of a Con Artist (Documentary),https://youtu.be/NQFuAoYDN1k,276663,2020-12-16,18,Jake Tran,https://www.youtube.com/channel/UCoOjH8D2XAgjzQlneM2W0EQ,1840000,non,"Les grandes arnaques de l'histoire racontées en documentaire, avec la leçon pour aujourd'hui.",The Con Man Who Fooled America's Grandparents for 20 Years
Vivre chez soi après 60,"Maison de retraite, résidence, aide",Hua Hin Thailand Care Homes From $550 Month Assisted Living Nursing Home Retirement Cost Vs US UK EU,https://youtu.be/jAA6Ho64lf8,276450,2025-10-29,41,SideTripLife,https://www.youtube.com/channel/UCc4DrL_tokmkvr6B2HsBnaw,132000,oui,"Comparer les options et les vrais coûts : rester chez soi, résidence, aide à domicile.",Assisted Living vs Staying Home: The Real Cost
Vivre chez soi après 60,Vivre seul après 70 ans,Loneliness & Isolation | Aging Matters | NPT Reports,https://youtu.be/uDFUqnkm6Ak,275839,2018-06-01,29,NPT Reports,https://www.youtube.com/channel/UCq41BKaoeS-go7a8PykdFng,12000,oui,"Ce qui change quand on vit seul, comment rester en sécurité, entouré et autonome.",Living Alone After 75: 9 Things That Keep You Safe and Happy
Vivre chez soi après 60,Prendre sa retraite à l'étranger,BREAKING! Republicans May Have a Plan to Save Your Social Security Check,https://youtu.be/_LrA3ARsrGE,275755,2026-09-09,57,"Dr. Ed Weir, PhD, Former Social Security Manager",https://www.youtube.com/channel/UCou-9ixmPuPQ0uMYjL7aOdA,787000,oui,"Le vrai budget mensuel, les visas, la santé et les pièges dans chaque pays.",Retiring in Mexico on Social Security: The Real Monthly Cost
Arnaques,Arnaques sentimentales,Nigerian Romance Scammer REVEALS SECRETS!,https://youtu.be/hkG4u6ECtAQ,274619,2019-04-13,7,Catfished,https://www.youtube.com/channel/UCns8cwhpu92cYJHAlEfWz_w,664000,non,"Les veufs et veuves sont les premières cibles. Le récit d'une victime réelle, puis les signaux d'alerte.","She Was 72, Widowed, and Lost $300,000 to a Man She Never Met"
Arnaques,Arnaques sentimentales,Woman Sends Thousands to Soldier Boyfriend — Or Romance Scam?,https://youtu.be/txdvzUGew74,274448,2026-01-08,28,Catfished,https://www.youtube.com/channel/UCns8cwhpu92cYJHAlEfWz_w,664000,non,"Les veufs et veuves sont les premières cibles. Le récit d'une victime réelle, puis les signaux d'alerte.","She Was 72, Widowed, and Lost $300,000 to a Man She Never Met"
Arnaques,Investissement et crypto,Singapore’s Biggest Financial Scam - The Rise and Fall of Ng Yu Zhi,https://youtu.be/Ulca25rSCyQ,274309,2025-06-04,12,Red Dot Roast,https://www.youtube.com/channel/UCYKp5EfW6JxkPxxhfbT8KQg,15000,non,"Les retraités ciblés par de faux placements « sûrs » : Madoff, pig butchering, faux conseillers.",How Retirees Lost Their Life Savings to a 'Safe' Investment
Arnaques,Investissement et crypto,How This Fake Genius Ran The GREATEST Crypto Fraud. (Documentary),https://youtu.be/5RcabFvDOGg,273850,2023-10-08,45,MARTIN LEE,https://www.youtube.com/channel/UCW1biw61aNT6wXIredGCX1Q,15500,non,"Les retraités ciblés par de faux placements « sûrs » : Madoff, pig butchering, faux conseillers.",How Retirees Lost Their Life Savings to a 'Safe' Investment
Arnaques,Faux banquiers / usurpation,EXPOSED: Scammers Are Using STOLEN CARDS to Pay YOUR Bills — And People Are FALLING For It!,https://youtu.be/xCyDiaaZ8pY,273675,2025-09-09,29,Lindey Glenn,https://www.youtube.com/channel/UCkU_KcVKHrxgE4uhbIWaQtg,539000,non,"Le faux « service fraude » de la banque, Zelle, la carte de débit : ce qu'une vraie banque ne demande jamais.",Your Bank Will Never Ask You This: The Fake Fraud Department Call
Arnaques,Petit-enfant en détresse / clonage de voix IA,"Cyber scammers target parents, grandparents for digital theft | 60 Minutes",https://youtu.be/U2r1MJk85Zo,271678,2023-05-22,13,60 Minutes,https://www.youtube.com/channel/UCsN32BtMd0IoByjJRNF12cw,4210000,oui,"Raconter un vrai appel « Grandma, I'm in jail », puis donner la parade du mot de passe familial.","The 'Grandma, I'm in Trouble' Call: How AI Copies Your Grandson's Voice"
Vivre chez soi après 60,Communautés 55+,"Moving OUT of My 55+ Community? Here's 12,000 Reasons Why",https://youtu.be/bHvG03CuCCU,271136,2026-06-24,14,Solo Second Act,https://www.youtube.com/channel/UC-2KBl-NWPdggO4ffD7HHkQ,38000,oui,"Visites, avantages et défauts, et ce que les vendeurs ne disent pas.",Why People Are Leaving 55+ Communities (What Sales Agents Won't Say)
Vivre chez soi après 60,Désencombrer et réduire,I tried decluttering my life in one day,https://youtu.be/VKLbgXQuXpM,270392,2025-11-14,21,DIY Tiff,https://www.youtube.com/channel/UCdvbGYMqXJy8OrRXyeHk1Hw,136000,non,"Le « Swedish death cleaning », vendre la maison, et que faire des affaires que personne ne veut.",Nobody Wants Your Stuff: What to Do With Your Things After 70
Vivre chez soi après 60,Où prendre sa retraite (USA),3 cheap places to retire (on a budget) |  Best countries to retire on social security,https://youtu.be/voIlrMkXeFE,269734,2024-10-03,8,Adventure Freaksss ,https://www.youtube.com/channel/UC0dRjLpXi4C8oti0Y9riUmg,212000,oui,"Classements de villes et d'États selon le coût de la vie, les impôts et la sécurité.",10 Towns Where You Can Retire on Social Security Alone
Vivre chez soi après 60,Désencombrer et réduire,How I Brainwashed Myself to Stop Wanting to Buy Stuff | minimalism + saving money,https://youtu.be/LXKCmnBWMDI,269675,2025-11-30,21,A to Zen Life,https://www.youtube.com/channel/UC2-pmwZJtKvIGng1prZOANg,431000,non,"Le « Swedish death cleaning », vendre la maison, et que faire des affaires que personne ne veut.",Nobody Wants Your Stuff: What to Do With Your Things After 70
Arnaques,Petit-enfant en détresse / clonage de voix IA,The Verification Step That Stops 99% of Voice Impersonation Scams,https://youtu.be/XITQ5aVFhL8,268988,2026-07-15,13,Holy Schmidt!,https://www.youtube.com/channel/UCl9IwlpNczNQllEfeIrzscQ,477000,non,"Raconter un vrai appel « Grandma, I'm in jail », puis donner la parade du mot de passe familial.","The 'Grandma, I'm in Trouble' Call: How AI Copies Your Grandson's Voice"
Arnaques,Récits et documentaires d'arnaques,Malone Lam’s $230M Scam Was EASIER Than You Think...,https://youtu.be/S9yFhyE2BpM,268752,2025-05-26,10,InVoyce,https://www.youtube.com/channel/UCYPaJMdIC-VlPhP0Y31nXAg,1960,non,"Les grandes arnaques de l'histoire racontées en documentaire, avec la leçon pour aujourd'hui.",The Con Man Who Fooled America's Grandparents for 20 Years
Arnaques,Arnaques sentimentales,Victim Lost LIFE SAVINGS In Love Scam!,https://youtu.be/slHtXc206B0,268548,2021-04-21,18,Catfished,https://www.youtube.com/channel/UCns8cwhpu92cYJHAlEfWz_w,664000,non,"Les veufs et veuves sont les premières cibles. Le récit d'une victime réelle, puis les signaux d'alerte.","She Was 72, Widowed, and Lost $300,000 to a Man She Never Met"
Vivre chez soi après 60,Désencombrer et réduire,OVER 60? Stop Decluttering!! Do THIS First.,https://youtu.be/6NPC9jTJuEc,267867,2025-12-06,19,Sell Your Home With Kati - Truth in Real Estate®,https://www.youtube.com/channel/UChYYnJlrKrEZySmGzhzj7-Q,85500,oui,"Le « Swedish death cleaning », vendre la maison, et que faire des affaires que personne ne veut.",Nobody Wants Your Stuff: What to Do With Your Things After 70
Arnaques,Récits et documentaires d'arnaques,Timeshare Scam | A Perfect Scam,https://youtu.be/M9ry_R4JfmM,267798,2026-07-24,43,FilmRise True Crime,https://www.youtube.com/channel/UCU4BHh9Dwfd7-I_xTZ5037Q,1600000,non,"Les grandes arnaques de l'histoire racontées en documentaire, avec la leçon pour aujourd'hui.",The Con Man Who Fooled America's Grandparents for 20 Years
Arnaques,Récits et documentaires d'arnaques,Top Biggest Scams Ever,https://youtu.be/g2Q1AXpH8NY,266100,2021-02-14,9,MR SLAV,https://www.youtube.com/channel/UCR2-G8Gpl-5QN3I9Y8cgoWw,904000,non,"Les grandes arnaques de l'histoire racontées en documentaire, avec la leçon pour aujourd'hui.",The Con Man Who Fooled America's Grandparents for 20 Years
Arnaques,Investissement et crypto,Tai Lopez: The collapse of an empire built on fraud,https://youtu.be/PQJ5NYsu4L4,265367,2025-10-18,44,It's Blanko,https://www.youtube.com/channel/UCzcdAP6kqRBSqnWSwHvtijA,1690000,non,"Les retraités ciblés par de faux placements « sûrs » : Madoff, pig butchering, faux conseillers.",How Retirees Lost Their Life Savings to a 'Safe' Investment
Vivre chez soi après 60,Vivre seul après 70 ans,10 Things You Can’t Live Alone Without After 70 - Golden Years,https://youtu.be/dpej84f3j64,264934,2025-08-09,21,Golden Years,https://www.youtube.com/channel/UCmt9IHErrFbiUQ77dThKpmw,112000,oui,"Ce qui change quand on vit seul, comment rester en sécurité, entouré et autonome.",Living Alone After 75: 9 Things That Keep You Safe and Happy
Vivre chez soi après 60,Désencombrer et réduire,"Decluttering after 50: What no one tells you, but you need to know",https://youtu.be/O4LcaAh6WZc,264928,2024-12-29,11,Dana Findwell,https://www.youtube.com/channel/UC6EdV_ETrtltdiYp0MUJt7g,45700,non,"Le « Swedish death cleaning », vendre la maison, et que faire des affaires que personne ne veut.",Nobody Wants Your Stuff: What to Do With Your Things After 70
Arnaques,Arnaques au téléphone,15 Common Airport Scams Targeting Senior Travelers (THEY’RE WATCHING YOU),https://youtu.be/th6jMp3kTyY,264848,2025-10-13,26,Avoid Flight Bans,https://www.youtube.com/channel/UCiaQXTGzrFfBCppui4rPDIg,68800,oui,"Expliquer les techniques des appels (le silence de 3 secondes, « Can you hear me? ») et ce qu'il faut répondre.",Why Scammers Stay Silent When You Answer — What to Say Instead
Vivre chez soi après 60,Désencombrer et réduire,9 Simple Steps to Declutter All Your Piles of Crap When You're Super Overwhelmed as a Senior,https://youtu.be/DmhucDWjZ6I,262975,2025-02-28,19,The Senior Reset,https://www.youtube.com/channel/UCWkIemJP6-8s-j5RExvKkmg,57600,oui,"Le « Swedish death cleaning », vendre la maison, et que faire des affaires que personne ne veut.",Nobody Wants Your Stuff: What to Do With Your Things After 70
Vivre chez soi après 60,Prendre sa retraite à l'étranger,Why YOU should NEVER RETIRE in Vietnam 9 Reasons,https://youtu.be/tvcWuqKhsGg,262344,2025-10-22,22,Evan Eh! 🇨🇦,https://www.youtube.com/channel/UC224bB24ee43tWYpaD6QWkQ,115000,oui,"Le vrai budget mensuel, les visas, la santé et les pièges dans chaque pays.",Retiring in Mexico on Social Security: The Real Monthly Cost
Arnaques,"Social Security, Medicare, IRS",I told this Scammer I stole Taco Bell 😂 IRS Scammers vs Irma Gersh 😍|  livestream #irlrosie,https://youtu.be/KkJ5pc5ewZs,262236,2020-07-23,27,IRLrosie,https://www.youtube.com/channel/UC_0osV_nf2b0sIbm4Wiw4RQ,1610000,non,Les scripts des faux agents de l'État et ce que l'administration ne fait jamais.,"5 Things Social Security Will Never Do (If They Do, Hang Up)"
Vivre chez soi après 60,Désencombrer et réduire,I Tried Swedish Death Cleaning at 35 (and it changed how I live),https://youtu.be/voLKsZBal8A,262119,2026-05-26,10,Malama Life,https://www.youtube.com/channel/UCDn5zbDIhRG97O2rqia9Gag,852000,non,"Le « Swedish death cleaning », vendre la maison, et que faire des affaires que personne ne veut.",Nobody Wants Your Stuff: What to Do With Your Things After 70
Arnaques,Arnaques sentimentales,Victim Left HOMELESS After Military Romance Scam!,https://youtu.be/CL_cMeY-sZs,261605,2021-05-12,8,Catfished,https://www.youtube.com/channel/UCns8cwhpu92cYJHAlEfWz_w,664000,non,"Les veufs et veuves sont les premières cibles. Le récit d'une victime réelle, puis les signaux d'alerte.","She Was 72, Widowed, and Lost $300,000 to a Man She Never Met"
Vivre chez soi après 60,Désencombrer et réduire,Decluttering? Stop Donating All Your Stuff. Here's Why. | Break the Twitch,https://youtu.be/EA_iJDtd7M8,261483,2019-07-03,5,Anthony Ongaro,https://www.youtube.com/channel/UCyicqwQM9aIZ9mAw5xP4Q2g,62100,non,"Le « Swedish death cleaning », vendre la maison, et que faire des affaires que personne ne veut.",Nobody Wants Your Stuff: What to Do With Your Things After 70
Vivre chez soi après 60,Où prendre sa retraite (USA),THE 5 BEST and WORST States For Retirement Taxes In 2026,https://youtu.be/Ce6Kwoa17Qs,260789,2026-06-23,26,Toby Mathis Esq | Tax Planning & Asset Protection ,https://www.youtube.com/channel/UCX5nh607M8hSBLiMB9MgbIQ,667000,oui,"Classements de villes et d'États selon le coût de la vie, les impôts et la sécurité.",10 Towns Where You Can Retire on Social Security Alone
Arnaques,Arnaques sentimentales,Daughter Forces Mom to Face the Reality of Her Romance Scam,https://youtu.be/tirfs6GHpBA,260717,2026-07-02,45,Catfished,https://www.youtube.com/channel/UCns8cwhpu92cYJHAlEfWz_w,664000,non,"Les veufs et veuves sont les premières cibles. Le récit d'une victime réelle, puis les signaux d'alerte.","She Was 72, Widowed, and Lost $300,000 to a Man She Never Met"
Vivre chez soi après 60,"Maison de retraite, résidence, aide",Are You Getting Sued for Debt? Seniors Don't Have to go to Court,https://youtu.be/1iWDeAyjKuA,260113,2021-07-20,24,SeniorLiving.Org,https://www.youtube.com/channel/UCIYQwu7wEpLyijISnF5Z6eA,86900,oui,"Comparer les options et les vrais coûts : rester chez soi, résidence, aide à domicile.",Assisted Living vs Staying Home: The Real Cost
Arnaques,"Loterie, cadeaux et colis",Inside the largest lottery scam in United States history,https://youtu.be/tBZhspDcTrw,259931,2018-05-05,4,Fox News,https://www.youtube.com/channel/UCXIJgqnII2ZOINSWNOGFThA,15500000,non,"Les faux gains, Publishers Clearing House, les SMS de colis, les cartes cadeaux.",'You Won!' — Why a Real Lottery Never Asks You to Pay First
Arnaques,Récits et documentaires d'arnaques,Being A Scammer In Jamaica,https://youtu.be/QQ1WgSQeSyU,259315,2021-10-21,11,PREEFLIX,https://www.youtube.com/channel/UCJr7J9BnfJEMc90r7rJm2zg,18000,non,"Les grandes arnaques de l'histoire racontées en documentaire, avec la leçon pour aujourd'hui.",The Con Man Who Fooled America's Grandparents for 20 Years
Arnaques,Faux support technique / piratage,How to remove Microsoft Official Support Scare Ware (Scam Virus) in 10 seconds (08008021396),https://youtu.be/tc2DFQdE1v8,257419,2015-10-14,4,Jason Smart (The IT Folk),https://www.youtube.com/channel/UC4XkQAtNUFr1ZsUvSHRhkdw,5670,non,"La fenêtre qui bloque l'écran, expliquée pas à pas, avec quoi faire et quoi ne jamais faire.","A Pop-Up Says Your Computer Is Locked — Do This, Not That"
Arnaques,Faux banquiers / usurpation,New SCAM That's Draining Bank Accounts,https://youtu.be/VYESiNXB1Wg,257166,2026-06-27,18,"Kevin Lum, CFP®",https://www.youtube.com/channel/UCq6DI13VeRVnJu-a6wjhgvQ,226000,non,"Le faux « service fraude » de la banque, Zelle, la carte de débit : ce qu'une vraie banque ne demande jamais.",Your Bank Will Never Ask You This: The Fake Fraud Department Call
Vivre chez soi après 60,Désencombrer et réduire,9 Brutal Decluttering Tricks Seniors Use to Clear Any House in 48 Hours,https://youtu.be/1WpBe1QxfTo,257096,2026-05-07,16,Life & Real Estate After 50™ | Weldon Hobbs,https://www.youtube.com/channel/UCaKia1tuWtggKUXEWhNp00w,10100,oui,"Le « Swedish death cleaning », vendre la maison, et que faire des affaires que personne ne veut.",Nobody Wants Your Stuff: What to Do With Your Things After 70
Vivre chez soi après 60,Vivre seul après 70 ans,Is Van Life After 70 Realistic? Listen to What These Ladies Say,https://youtu.be/2IN8-5YCkQI,256389,2023-01-23,15,Glorious Life On Wheels,https://www.youtube.com/channel/UCcc7AiRxajuj4FihW_uCRoA,114000,oui,"Ce qui change quand on vit seul, comment rester en sécurité, entouré et autonome.",Living Alone After 75: 9 Things That Keep You Safe and Happy
Arnaques,Investissement et crypto,Hollywood's Biggest Ponzi Scheme,https://youtu.be/Zy6bSzh0Nh8,256016,2022-12-19,20,amglimpse,https://www.youtube.com/channel/UCv766eFS-V6auawYiqXyU1w,90700,non,"Les retraités ciblés par de faux placements « sûrs » : Madoff, pig butchering, faux conseillers.",How Retirees Lost Their Life Savings to a 'Safe' Investment
Vivre chez soi après 60,Où prendre sa retraite (USA),"Total Cost: The 5 Best and 5 Worst States to Retire | ""The Map"" Is Wrong",https://youtu.be/1wRMq-fyZ2o,255768,2026-08-12,16,Holy Schmidt!,https://www.youtube.com/channel/UCl9IwlpNczNQllEfeIrzscQ,477000,oui,"Classements de villes et d'États selon le coût de la vie, les impôts et la sécurité.",10 Towns Where You Can Retire on Social Security Alone
Arnaques,Investissement et crypto,Lauren Baumann's Ponzi Scheme - Addicted To The Life - True Crime,https://youtu.be/xF6kJfUbntU,255699,2024-06-16,20,Banijay Crime - Crime Documentary,https://www.youtube.com/channel/UC_0r3EheCnp-wVvndYDGviQ,1020000,non,"Les retraités ciblés par de faux placements « sûrs » : Madoff, pig butchering, faux conseillers.",How Retirees Lost Their Life Savings to a 'Safe' Investment
Arnaques,Récits et documentaires d'arnaques,Scam Victim Story: Why do People Fall for SCAMS Anyway?,https://youtu.be/ntrGrfvvkII,255403,2021-06-18,13,Atomic Shrimp,https://www.youtube.com/channel/UCSl5Uxu2LyaoAoMMGp6oTJA,1110000,non,"Les grandes arnaques de l'histoire racontées en documentaire, avec la leçon pour aujourd'hui.",The Con Man Who Fooled America's Grandparents for 20 Years
Vivre chez soi après 60,Désencombrer et réduire,"Swedish Death Cleaning, Downsizing, Decluttering, & Retirement Planning",https://youtu.be/HUziCEX2LUQ,254742,2023-09-16,15,Retirement Travelers,https://www.youtube.com/channel/UCG_bzbQMfRabBhy5cx2sQQg,208000,oui,"Le « Swedish death cleaning », vendre la maison, et que faire des affaires que personne ne veut.",Nobody Wants Your Stuff: What to Do With Your Things After 70
Vivre chez soi après 60,Désencombrer et réduire,7 Brutal Decluttering Hacks Seniors Use to Transform Their Homes in 48 Hours,https://youtu.be/_NcBbbhq-iU,252511,2025-06-17,21,Elder's Soul Journal,https://www.youtube.com/channel/UCG1w1_2Ar3H-R5eXr3BwMFQ,11100,oui,"Le « Swedish death cleaning », vendre la maison, et que faire des affaires que personne ne veut.",Nobody Wants Your Stuff: What to Do With Your Things After 70
Arnaques,Faux banquiers / usurpation,'All my accounts were wiped out': Woman warns of text scam posing as bank,https://youtu.be/2zAQ0fJh_zs,251919,2025-12-19,6,ABC 33/40,https://www.youtube.com/channel/UCIul30v9pU1JxKx6jlI7wBA,205000,non,"Le faux « service fraude » de la banque, Zelle, la carte de débit : ce qu'une vraie banque ne demande jamais.",Your Bank Will Never Ask You This: The Fake Fraud Department Call
Vivre chez soi après 60,Désencombrer et réduire,The Dark Side of Decluttering That No One Talks About,https://youtu.be/GVMAVnSKHXA,250781,2026-08-16,24,Don't Be A Lemon,https://www.youtube.com/channel/UCU4rvGTTj41YPyqD3UoBXdw,128000,non,"Le « Swedish death cleaning », vendre la maison, et que faire des affaires que personne ne veut.",Nobody Wants Your Stuff: What to Do With Your Things After 70
Arnaques,Arnaques sentimentales,My Mother Sent Her Catfish 300k Plus 3 Cars - Dr.Phil Documentary,https://youtu.be/mlZVxffBPYM,250053,2015-04-22,43,Dr Phil,https://www.youtube.com/channel/UCjhGfLLYItEZtMf05OyYzXw,8570,non,"Les veufs et veuves sont les premières cibles. Le récit d'une victime réelle, puis les signaux d'alerte.","She Was 72, Widowed, and Lost $300,000 to a Man She Never Met"
Arnaques,Récits et documentaires d'arnaques,Exclusive: Infiltrating Myanmar’s scam syndicates | 101 East Documentary,https://youtu.be/68NuPpjzA70,248785,2026-06-27,25,Al Jazeera English,https://www.youtube.com/channel/UCNye-wNBqNL5ZzHSJj3l8Bg,18300000,non,"Les grandes arnaques de l'histoire racontées en documentaire, avec la leçon pour aujourd'hui.",The Con Man Who Fooled America's Grandparents for 20 Years
Arnaques,Arnaques sentimentales,Romance Scammer STEALS $210k From Widow's Life Insurance Policy!,https://youtu.be/CHeB_bjzDx4,246935,2020-11-04,10,Catfished,https://www.youtube.com/channel/UCns8cwhpu92cYJHAlEfWz_w,664000,oui,"Les veufs et veuves sont les premières cibles. Le récit d'une victime réelle, puis les signaux d'alerte.","She Was 72, Widowed, and Lost $300,000 to a Man She Never Met"
Arnaques,Arnaques sentimentales,"I Lost $45,000 In A Romance Scam",https://youtu.be/IzhaEUewLhY,245746,2024-10-09,8,The Ramsey Show Highlights,https://www.youtube.com/channel/UC7eBNeDW1GQf2NJQ6G6gAxw,4600000,non,"Les veufs et veuves sont les premières cibles. Le récit d'une victime réelle, puis les signaux d'alerte.","She Was 72, Widowed, and Lost $300,000 to a Man She Never Met"
Arnaques,Faux banquiers / usurpation,That Very Moment When You Get Caught Committing Bank Fraud,https://youtu.be/rKXGPKofzmA,244950,2024-11-14,46,Blue Line Lens,https://www.youtube.com/channel/UC0TsTMbUgqyexcCCNMLqKjw,58400,non,"Le faux « service fraude » de la banque, Zelle, la carte de débit : ce qu'une vraie banque ne demande jamais.",Your Bank Will Never Ask You This: The Fake Fraud Department Call
Arnaques,Faux banquiers / usurpation,THIS New Scam Is Genius  — And DRAINING Bank Accounts,https://youtu.be/CKkk8zek3q8,244690,2026-03-23,39,Rossen Reports,https://www.youtube.com/channel/UC7PYy5Tx1WhbnGKc3KJeRKw,711000,non,"Le faux « service fraude » de la banque, Zelle, la carte de débit : ce qu'une vraie banque ne demande jamais.",Your Bank Will Never Ask You This: The Fake Fraud Department Call
Vivre chez soi après 60,Prendre sa retraite à l'étranger,10 Countries That Don't Tax Your Retirement Income,https://youtu.be/1MiM1SAMEIk,243243,2026-02-22,24,Traveling with Kristin,https://www.youtube.com/channel/UCS2ezhBvebMx6BUL-4qpadQ,310000,oui,"Le vrai budget mensuel, les visas, la santé et les pièges dans chaque pays.",Retiring in Mexico on Social Security: The Real Monthly Cost
Arnaques,Arnaques au téléphone,[Real scammer texts] Signs of a romance scammer,https://youtu.be/nLy3Ok9mS7o,242697,2022-02-24,11,Ruby Love,https://www.youtube.com/channel/UCwqD7g5P3_ZlEgo8Gzj1x-A,6270,non,"Expliquer les techniques des appels (le silence de 3 secondes, « Can you hear me? ») et ce qu'il faut répondre.",Why Scammers Stay Silent When You Answer — What to Say Instead
Arnaques,Arnaques sentimentales,"Romance scammer promised her a better life, then stole $600k",https://youtu.be/WyxXGWcqV1I,241958,2026-09-24,41,Catfished,https://www.youtube.com/channel/UCns8cwhpu92cYJHAlEfWz_w,664000,non,"Les veufs et veuves sont les premières cibles. Le récit d'une victime réelle, puis les signaux d'alerte.","She Was 72, Widowed, and Lost $300,000 to a Man She Never Met"
Vivre chez soi après 60,Communautés 55+,9 Things They Wish They Knew Before Moving to a 55 Plus Community,https://youtu.be/G6JABJy3aB0,241435,2023-01-04,17,Southwest 55 Plus,https://www.youtube.com/channel/UC_MYowXH0mjuH8-09yER0Vg,8250,oui,"Visites, avantages et défauts, et ce que les vendeurs ne disent pas.",Why People Are Leaving 55+ Communities (What Sales Agents Won't Say)
Arnaques,Investissement et crypto,"Seniors struggle with retirement uncertainty, costs of care and scams",https://youtu.be/jODTQyrLL7I,240756,2025-03-26,35,CBS Evening News,https://www.youtube.com/channel/UCAeWdyKJXGWmVAXFpgLNNTg,2420000,oui,"Les retraités ciblés par de faux placements « sûrs » : Madoff, pig butchering, faux conseillers.",How Retirees Lost Their Life Savings to a 'Safe' Investment
Arnaques,Récits et documentaires d'arnaques,Elizabeth Teckenbrock: The Dark Truth Behind TikTok’s Worst Scammer,https://youtu.be/TQw7w-cFln4,237286,2025-09-21,86,Chaz Kirschmann,https://www.youtube.com/channel/UCONHzLW2MoSgwwDcfU6ac5A,124000,non,"Les grandes arnaques de l'histoire racontées en documentaire, avec la leçon pour aujourd'hui.",The Con Man Who Fooled America's Grandparents for 20 Years
Vivre chez soi après 60,Vivre seul après 70 ans,You Should Spend Your Final Years Living in a House Like This|3 Best Places to Live Alone in Old Age,https://youtu.be/XYac3XVSRlk,237147,2025-10-28,24,Wise Elders,https://www.youtube.com/channel/UCG1h-DNtmkDSVQ-R7lW-mHw,353000,oui,"Ce qui change quand on vit seul, comment rester en sécurité, entouré et autonome.",Living Alone After 75: 9 Things That Keep You Safe and Happy
Vivre chez soi après 60,Vivre seul après 70 ans,"If You're Over 70, Staying Home Is the BEST Thing You Can Do for Yourself",https://youtu.be/T4TUhJyvX4g,236711,2026-04-04,24,Candle of Wisdom,https://www.youtube.com/channel/UC-B2eB1_-4reYEyi8Hw0lOw,109000,oui,"Ce qui change quand on vit seul, comment rester en sécurité, entouré et autonome.",Living Alone After 75: 9 Things That Keep You Safe and Happy
Arnaques,"Social Security, Medicare, IRS",Exposing Social Security Scammers | CHS #9,https://youtu.be/hMuU-w8S1LE,236435,2026-07-14,34,The Caleb Hammer Show,https://www.youtube.com/channel/UCBmLJuZbbPA_sRmIl6I6RNA,349000,oui,Les scripts des faux agents de l'État et ce que l'administration ne fait jamais.,"5 Things Social Security Will Never Do (If They Do, Hang Up)"
Arnaques,Récits et documentaires d'arnaques,Why Con Artists See Right Through You,https://youtu.be/Pd9BkLskJBw,235477,2024-09-16,14,Artificially Aware,https://www.youtube.com/channel/UCh6gJYYFDueIzAk_Jn6SmZw,199000,non,"Les grandes arnaques de l'histoire racontées en documentaire, avec la leçon pour aujourd'hui.",The Con Man Who Fooled America's Grandparents for 20 Years
Vivre chez soi après 60,Désencombrer et réduire,The Shocking Truth About DOWNSIZING (No One Talks About),https://youtu.be/mCg4TOcV-fw,235055,2025-04-13,5,Lorenzo Centioni,https://www.youtube.com/channel/UC5IoA7I8JHfpK1bHCPx1AjQ,25400,non,"Le « Swedish death cleaning », vendre la maison, et que faire des affaires que personne ne veut.",Nobody Wants Your Stuff: What to Do With Your Things After 70
Arnaques,Récits et documentaires d'arnaques,Three of the Worst Infomercial Scammers Ever | History in the Dark,https://youtu.be/4NKH9RJgmDY,233992,2025-10-31,45,History in the Dark,https://www.youtube.com/channel/UCsmGCJdCZeKxrbqs_l4YCQA,123000,non,"Les grandes arnaques de l'histoire racontées en documentaire, avec la leçon pour aujourd'hui.",The Con Man Who Fooled America's Grandparents for 20 Years
Arnaques,Arnaques au téléphone,New Scams That Look Completely Real Now,https://youtu.be/KVQbPLZEt4o,233378,2026-08-31,11,Chill Dude Explains,https://www.youtube.com/channel/UCYwOOHF1BZ_hqPVnLnrT_fw,741000,non,"Expliquer les techniques des appels (le silence de 3 secondes, « Can you hear me? ») et ce qu'il faut répondre.",Why Scammers Stay Silent When You Answer — What to Say Instead
Vivre chez soi après 60,Prendre sa retraite à l'étranger,"RETIRED ABROAD ON SOCIAL SECURITY, WHY I RETIRED AGE 62",https://youtu.be/uY-flIzRRn8,232739,2025-05-19,21,Paul in the Philippines Old Dog New Tricks,https://www.youtube.com/channel/UCL8IPpUd7kIfEoPgTl2LzPA,133000,oui,"Le vrai budget mensuel, les visas, la santé et les pièges dans chaque pays.",Retiring in Mexico on Social Security: The Real Monthly Cost
Arnaques,Arnaques sentimentales,We EXPOSED Everything About a Womans Romance Scam!,https://youtu.be/jnuihZsIbpY,230914,2022-03-30,19,Catfished,https://www.youtube.com/channel/UCns8cwhpu92cYJHAlEfWz_w,664000,non,"Les veufs et veuves sont les premières cibles. Le récit d'une victime réelle, puis les signaux d'alerte.","She Was 72, Widowed, and Lost $300,000 to a Man She Never Met"
Arnaques,Arnaques sentimentales,We Scam A Romance Scam Ring Pretending To Be Us!,https://youtu.be/BPsdYK_yljA,230453,2024-10-30,18,Catfished,https://www.youtube.com/channel/UCns8cwhpu92cYJHAlEfWz_w,664000,non,"Les veufs et veuves sont les premières cibles. Le récit d'une victime réelle, puis les signaux d'alerte.","She Was 72, Widowed, and Lost $300,000 to a Man She Never Met"
Vivre chez soi après 60,Désencombrer et réduire,4 Decluttering Secrets Professional Organizers Never Share with Seniors | Transform Your Space,https://youtu.be/RUvw5T3nWDU,228581,2025-05-13,16,The Senior Reset,https://www.youtube.com/channel/UCWkIemJP6-8s-j5RExvKkmg,57600,oui,"Le « Swedish death cleaning », vendre la maison, et que faire des affaires que personne ne veut.",Nobody Wants Your Stuff: What to Do With Your Things After 70
Vivre chez soi après 60,Prendre sa retraite à l'étranger,EP483 US Social Security Administration Suspending Accounts for Retirees Abroad!,https://youtu.be/3R6s_45DJcI,227823,2025-02-13,29,Uncle Craig - Life on a Thai Farm,https://www.youtube.com/channel/UCqx6bsu74bNpDoByUZ3laHg,5720,oui,"Le vrai budget mensuel, les visas, la santé et les pièges dans chaque pays.",Retiring in Mexico on Social Security: The Real Monthly Cost
Arnaques,Récits et documentaires d'arnaques,University Students Who Stole KSh449M From Fuliza,https://youtu.be/l6JGpsRYDbI,227681,2026-03-10,13,Dark Hour Docs,https://www.youtube.com/channel/UCijnHe_-7Z_TFzWPi9pJbIQ,16500,non,"Les grandes arnaques de l'histoire racontées en documentaire, avec la leçon pour aujourd'hui.",The Con Man Who Fooled America's Grandparents for 20 Years
Vivre chez soi après 60,Désencombrer et réduire,The Ideal Diet for Seniors,https://youtu.be/uDvN2nPkq2Q,226394,2022-01-27,8,SilverSneakers,https://www.youtube.com/channel/UCRp-32Yi0KC2YMgHIg6mTag,552000,oui,"Le « Swedish death cleaning », vendre la maison, et que faire des affaires que personne ne veut.",Nobody Wants Your Stuff: What to Do With Your Things After 70
Arnaques,Arnaques au téléphone,The ONE Word That Shuts Down Any Phone Scammer Instantly,https://youtu.be/cMgLksV_M1A,226013,2026-02-22,7,Safety Senior,https://www.youtube.com/channel/UCdmpQpTrjhg-9BqGWLs44jg,37000,non,"Expliquer les techniques des appels (le silence de 3 secondes, « Can you hear me? ») et ce qu'il faut répondre.",Why Scammers Stay Silent When You Answer — What to Say Instead
Arnaques,Récits et documentaires d'arnaques,"The 8,000 Year History Of Scams",https://youtu.be/eevMiwZT8XE,225947,2023-12-23,18,How Business Worked,https://www.youtube.com/channel/UCb9mpGh9PQjFXOG_irzrFoA,296000,non,"Les grandes arnaques de l'histoire racontées en documentaire, avec la leçon pour aujourd'hui.",The Con Man Who Fooled America's Grandparents for 20 Years
Arnaques,Arnaques sentimentales,Top 5 Catfish Scams | Compilation | Dr. Phil,https://youtu.be/OtShFUAnbi0,224863,2026-07-05,81,Dr. Phil,https://www.youtube.com/channel/UCYLR1ghzYNyvfjw78raCuxA,6480000,non,"Les veufs et veuves sont les premières cibles. Le récit d'une victime réelle, puis les signaux d'alerte.","She Was 72, Widowed, and Lost $300,000 to a Man She Never Met"
Arnaques,Petit-enfant en détresse / clonage de voix IA,EXPOSING the WORST Welfare Fraud in America | Food Stamp Scam,https://youtu.be/u3CarEunZbM,224362,2025-04-02,21,Edwards Economics,https://www.youtube.com/channel/UCMhfTJxvzp70aOMUMORgsBw,364000,non,"Raconter un vrai appel « Grandma, I'm in jail », puis donner la parade du mot de passe familial.","The 'Grandma, I'm in Trouble' Call: How AI Copies Your Grandson's Voice"
Vivre chez soi après 60,"Maison de retraite, résidence, aide",Inside Look at Section 8 for Our Senior Living Apartment Tour,https://youtu.be/Edyzv8EiR40,222650,2023-01-14,29,Big Super Living In Arizona,https://www.youtube.com/channel/UCtqnZVO7vaOYefWCL07jY5g,205000,oui,"Comparer les options et les vrais coûts : rester chez soi, résidence, aide à domicile.",Assisted Living vs Staying Home: The Real Cost
Vivre chez soi après 60,Sécurité de la maison,How to keep your elderly parents safe and in their home longer | Roger Wong | TEDxStanleyPark,https://youtu.be/0CVl3pfDBNo,221972,2018-03-29,19,TEDx Talks,https://www.youtube.com/channel/UCsT0YIqwnpJCM-mx7-gSA4Q,44700000,oui,"Très peu de vidéos sur ce sujet, donc de la place. Cambriolages, portes, voisins, appareils simples.",What Burglars Look for in the Homes of People Over 70
Vivre chez soi après 60,Où prendre sa retraite (USA),10 Worst States to Retire in 2021,https://youtu.be/VmKw1kh516c,220631,2021-03-08,10,World According To Briggs,https://www.youtube.com/channel/UCecPJBL6E1PVky1-gj6KH5g,1370000,oui,"Classements de villes et d'États selon le coût de la vie, les impôts et la sécurité.",10 Towns Where You Can Retire on Social Security Alone
Arnaques,Investissement et crypto,How One Man Pulled Off a $65 Billion Scam,https://youtu.be/xhbukTTkwJY,219425,2025-05-08,11,Crayon Capital,https://www.youtube.com/channel/UCP9RPj_BG0vit2TNM7LuRxA,270000,non,"Les retraités ciblés par de faux placements « sûrs » : Madoff, pig butchering, faux conseillers.",How Retirees Lost Their Life Savings to a 'Safe' Investment
Arnaques,Récits et documentaires d'arnaques,WorldCom: The Biggest Corporate Fraud in History.,https://youtu.be/UwooGE9uaKU,218361,2024-06-26,65,Jason Hassett,https://www.youtube.com/channel/UCGiLUPwaoHYoc5YdhcNKJrQ,28100,non,"Les grandes arnaques de l'histoire racontées en documentaire, avec la leçon pour aujourd'hui.",The Con Man Who Fooled America's Grandparents for 20 Years
Arnaques,Arnaques au téléphone,New Scams to Watch Out For in 2026,https://youtu.be/Aje4_XaSR24,218259,2026-01-07,23,ThioJoe,https://www.youtube.com/channel/UCQSpnDG3YsFNf5-qHocF-WQ,3140000,non,"Expliquer les techniques des appels (le silence de 3 secondes, « Can you hear me? ») et ce qu'il faut répondre.",Why Scammers Stay Silent When You Answer — What to Say Instead
Arnaques,Faux support technique / piratage,Refunding OVER 1.2 Million $ To SCAM VICTIMS!,https://youtu.be/m2E_3ZYpNwk,218257,2018-04-09,6,Deeveeaar,https://www.youtube.com/channel/UCxzXRl9vxhPhyYITOlPW9dg,268000,non,"La fenêtre qui bloque l'écran, expliquée pas à pas, avec quoi faire et quoi ne jamais faire.","A Pop-Up Says Your Computer Is Locked — Do This, Not That"
Arnaques,Faux banquiers / usurpation,Zelle Scams to Know Before It's Too Late,https://youtu.be/VzEAJNnSdWw,218057,2023-02-28,11,BeatTheBush,https://www.youtube.com/channel/UCcnyjTK4IheQN2ycsE7NZTQ,389000,non,"Le faux « service fraude » de la banque, Zelle, la carte de débit : ce qu'une vraie banque ne demande jamais.",Your Bank Will Never Ask You This: The Fake Fraud Department Call
Arnaques,Récits et documentaires d'arnaques,How to Commit Scientific Fraud (Documentary),https://youtu.be/yg39neEeybw,217414,2023-10-18,18,Jake Tran,https://www.youtube.com/channel/UCoOjH8D2XAgjzQlneM2W0EQ,1840000,non,"Les grandes arnaques de l'histoire racontées en documentaire, avec la leçon pour aujourd'hui.",The Con Man Who Fooled America's Grandparents for 20 Years
Arnaques,Petit-enfant en détresse / clonage de voix IA,Did This Woman Actually Fake Her Kidnapping?,https://youtu.be/OQK0gC1ovZg,216365,2023-07-21,20,Matt Walsh,https://www.youtube.com/channel/UCO01ytfzgXYy4glnPJm4PPQ,3470000,non,"Raconter un vrai appel « Grandma, I'm in jail », puis donner la parade du mot de passe familial.","The 'Grandma, I'm in Trouble' Call: How AI Copies Your Grandson's Voice"
Arnaques,Arnaques au téléphone,Breaking AI Scam Callers,https://youtu.be/T5Lrs8CF_B4,215555,2026-10-02,23,Husk IRL,https://www.youtube.com/channel/UC4DaqJUbVn5JHTekLwZPNuA,235000,non,"Expliquer les techniques des appels (le silence de 3 secondes, « Can you hear me? ») et ce qu'il faut répondre.",Why Scammers Stay Silent When You Answer — What to Say Instead
Vivre chez soi après 60,Communautés 55+,Top 10 Most Inspiring Tiny Homes Designed for Seniors Who Love Minimalist Living,https://youtu.be/Qe1BLYUhZKU,215030,2025-08-16,24,Dream Big - Live Tiny,https://www.youtube.com/channel/UCLC1rdUknS91L1VlTmkNW2A,3240,oui,"Visites, avantages et défauts, et ce que les vendeurs ne disent pas.",Why People Are Leaving 55+ Communities (What Sales Agents Won't Say)
Vivre chez soi après 60,Désencombrer et réduire,Stop organizing your stuff and start facing it: Clutter is not the problem. It’s the symptom.,https://youtu.be/Kc4GVys0pxc,215025,2025-09-11,10,Rita Wilkins,https://www.youtube.com/channel/UCqUCj6qGiqnvSeBZCdfHUmQ,52300,non,"Le « Swedish death cleaning », vendre la maison, et que faire des affaires que personne ne veut.",Nobody Wants Your Stuff: What to Do With Your Things After 70
Arnaques,Récits et documentaires d'arnaques,American Greed: The First 10 Minutes - Confessions Of A Scam Artist | CNBC Prime,https://youtu.be/uOSsx0X9a-o,214194,2021-06-18,10,CNBC Ambition,https://www.youtube.com/channel/UCFUWcce_D9zTeRx6L0rasvw,620000,non,"Les grandes arnaques de l'histoire racontées en documentaire, avec la leçon pour aujourd'hui.",The Con Man Who Fooled America's Grandparents for 20 Years
Arnaques,Petit-enfant en détresse / clonage de voix IA,Man Fakes Kidnapping But FAILS In Record Time! (ft. KevOnStage),https://youtu.be/fM-wePUeqUk,213618,2019-03-20,13,JustKiddingNews,https://www.youtube.com/channel/UCfPhyExfcaqJBKc3HO3cNBw,2050000,non,"Raconter un vrai appel « Grandma, I'm in jail », puis donner la parade du mot de passe familial.","The 'Grandma, I'm in Trouble' Call: How AI Copies Your Grandson's Voice"
Vivre chez soi après 60,Où prendre sa retraite (USA),10 INSANELY Cheap Places to Retire in 2026 ($20 per day),https://youtu.be/Tal3Q5rpPu0,213510,2026-03-29,17,Traveling with Kristin,https://www.youtube.com/channel/UCS2ezhBvebMx6BUL-4qpadQ,310000,oui,"Classements de villes et d'États selon le coût de la vie, les impôts et la sécurité.",10 Towns Where You Can Retire on Social Security Alone
Arnaques,Petit-enfant en détresse / clonage de voix IA,"Con artists using AI, apps to target parents, grandparents for theft | 60 Minutes",https://youtu.be/z9zaMw6VLJg,212779,2023-08-28,13,60 Minutes,https://www.youtube.com/channel/UCsN32BtMd0IoByjJRNF12cw,4210000,oui,"Raconter un vrai appel « Grandma, I'm in jail », puis donner la parade du mot de passe familial.","The 'Grandma, I'm in Trouble' Call: How AI Copies Your Grandson's Voice"
Vivre chez soi après 60,Désencombrer et réduire,Here's Why Downsizing After Retirement Doesn't Makes Sense,https://youtu.be/SCMrQNfi78A,211861,2026-01-23,14,Holy Schmidt!,https://www.youtube.com/channel/UCl9IwlpNczNQllEfeIrzscQ,477000,oui,"Le « Swedish death cleaning », vendre la maison, et que faire des affaires que personne ne veut.",Nobody Wants Your Stuff: What to Do With Your Things After 70
Vivre chez soi après 60,Prendre sa retraite à l'étranger,Retire at 50? 5 Ways to Fund Early Retirement — Without Penalties or Tax Surprises,https://youtu.be/0Oc1uz5XcGc,211497,2025-06-30,23,Erin Talks Money | Erin Moriarity,https://www.youtube.com/channel/UCpXipTyhIY9kprpvVd-lu0A,440000,oui,"Le vrai budget mensuel, les visas, la santé et les pièges dans chaque pays.",Retiring in Mexico on Social Security: The Real Monthly Cost
Arnaques,Arnaques sentimentales,Britain's Biggest Conmen: Inside Criminal Minds - The female serial love scammer who faked cancer!,https://youtu.be/DrPqZBN4pag,210289,2025-07-11,45,Glistening Stories,https://www.youtube.com/channel/UCgdRdtMEzwjBW8ZE3uc8FBQ,15400,non,"Les veufs et veuves sont les premières cibles. Le récit d'une victime réelle, puis les signaux d'alerte.","She Was 72, Widowed, and Lost $300,000 to a Man She Never Met"
Vivre chez soi après 60,Où prendre sa retraite (USA),10 US Towns That Are Secretly Great for Retirement,https://youtu.be/fFDh83Pg-GQ,210044,2025-06-18,16,World According To Briggs,https://www.youtube.com/channel/UCecPJBL6E1PVky1-gj6KH5g,1370000,oui,"Classements de villes et d'États selon le coût de la vie, les impôts et la sécurité.",10 Towns Where You Can Retire on Social Security Alone
Vivre chez soi après 60,Argent de la retraite,I’m 72 With ONLY Social Security and $77K in Debt,https://youtu.be/Ug2A0ej6OG0,210004,2025-07-21,19,Michael Bordenaro,https://www.youtube.com/channel/UCdxGqN9_aBisOJHzIRTGLfg,412000,oui,"Vivre avec la seule Social Security, quand la demander, les erreurs à éviter.",Retiring With Almost Nothing Saved: 7 Things That Still Work
Vivre chez soi après 60,Vivre seul après 70 ans,I'm Recently Widowed And I'm Terrified!,https://youtu.be/bYaFQgY4fOM,209845,2022-07-02,7,The Ramsey Show Highlights,https://www.youtube.com/channel/UC7eBNeDW1GQf2NJQ6G6gAxw,4600000,oui,"Ce qui change quand on vit seul, comment rester en sécurité, entouré et autonome.",Living Alone After 75: 9 Things That Keep You Safe and Happy
Arnaques,Arnaques sentimentales,Older singles lose millions in online dating scams,https://youtu.be/0wl1bmjktn0,208643,2015-07-22,4,CBS Mornings,https://www.youtube.com/channel/UC-SJ6nODDmufqBzPBwCvYvQ,3320000,oui,"Les veufs et veuves sont les premières cibles. Le récit d'une victime réelle, puis les signaux d'alerte.","She Was 72, Widowed, and Lost $300,000 to a Man She Never Met"
Vivre chez soi après 60,Où prendre sa retraite (USA),Great Rural Towns in New Hampshire to Retire or Buy a Home.,https://youtu.be/v3nDm7ZrGVY,208339,2022-04-06,13,World According To Briggs,https://www.youtube.com/channel/UCecPJBL6E1PVky1-gj6KH5g,1370000,oui,"Classements de villes et d'États selon le coût de la vie, les impôts et la sécurité.",10 Towns Where You Can Retire on Social Security Alone
Arnaques,"Social Security, Medicare, IRS",MAGA Scammed By Trump Imposter,https://youtu.be/lN5C3yYTsWs,208333,2021-06-13,5,The Young Turks,https://www.youtube.com/channel/UC1yBKRuGpC1tSM73A0ZjYjQ,6730000,non,Les scripts des faux agents de l'État et ce que l'administration ne fait jamais.,"5 Things Social Security Will Never Do (If They Do, Hang Up)"
Arnaques,Faux banquiers / usurpation,The SCARIEST SCAM of 2026 — This HIJACKS All Your Accounts,https://youtu.be/Ei7yL_vaJQk,208202,2026-04-22,38,Rossen Reports,https://www.youtube.com/channel/UC7PYy5Tx1WhbnGKc3KJeRKw,711000,non,"Le faux « service fraude » de la banque, Zelle, la carte de débit : ce qu'une vraie banque ne demande jamais.",Your Bank Will Never Ask You This: The Fake Fraud Department Call
Vivre chez soi après 60,Prendre sa retraite à l'étranger,10 Countries Where Black Retirees Can Live Well on a Small Pension,https://youtu.be/CQMlM2Z0HmQ,208092,2026-04-30,42,Virtual Travel by Brian,https://www.youtube.com/channel/UC8VKqMPCrYzddgiyCDImXYQ,244000,oui,"Le vrai budget mensuel, les visas, la santé et les pièges dans chaque pays.",Retiring in Mexico on Social Security: The Real Monthly Cost
Vivre chez soi après 60,Désencombrer et réduire,How to Declutter Your Closet - Day 6 - 30 Day Declutter Challenge,https://youtu.be/6xJr7nOAEtY,206530,2024-09-06,8,Clutterbug,https://www.youtube.com/channel/UC_ldgDzMaFzAEHEnIjSlWoA,1300000,non,"Le « Swedish death cleaning », vendre la maison, et que faire des affaires que personne ne veut.",Nobody Wants Your Stuff: What to Do With Your Things After 70
Vivre chez soi après 60,Communautés 55+,"America’s most notorious retirement community (48 hours in The Villages, Florida)",https://youtu.be/83KdOmLHEqw,206322,2026-08-15,33,Explorcation,https://www.youtube.com/channel/UC5WSENwO7aWA5goA-rzBi2w,94400,oui,"Visites, avantages et défauts, et ce que les vendeurs ne disent pas.",Why People Are Leaving 55+ Communities (What Sales Agents Won't Say)
Arnaques,Récits et documentaires d'arnaques,The Evolution of Scams,https://youtu.be/G3K5hjfgumk,206290,2026-06-12,11,Lost in Time,https://www.youtube.com/channel/UCac6m8K3OGHUT4itHwpCAmw,2300000,non,"Les grandes arnaques de l'histoire racontées en documentaire, avec la leçon pour aujourd'hui.",The Con Man Who Fooled America's Grandparents for 20 Years
Arnaques,Récits et documentaires d'arnaques,25 Of The Most Unforgettable Scams of All Time,https://youtu.be/5MxYQVgsPfI,206067,2024-01-11,25,List 25,https://www.youtube.com/channel/UCWqJpFqlX59OML324QIByZA,2840000,non,"Les grandes arnaques de l'histoire racontées en documentaire, avec la leçon pour aujourd'hui.",The Con Man Who Fooled America's Grandparents for 20 Years
Arnaques,Faux banquiers / usurpation,Wait… YOUR MOM Committed FRAUD In YOUR Name?!,https://youtu.be/msQCFvUJ1fo,204640,2025-09-05,20,Social Symone ♡,https://www.youtube.com/channel/UCqBkdAuMACt37Ek6p4BemVA,355000,non,"Le faux « service fraude » de la banque, Zelle, la carte de débit : ce qu'une vraie banque ne demande jamais.",Your Bank Will Never Ask You This: The Fake Fraud Department Call
Vivre chez soi après 60,Où prendre sa retraite (USA),Top 10 Retirement Hotspots in the U.S.,https://youtu.be/X1wCMw-2FGs,204634,2025-07-20,24,World According To Briggs,https://www.youtube.com/channel/UCecPJBL6E1PVky1-gj6KH5g,1370000,oui,"Classements de villes et d'États selon le coût de la vie, les impôts et la sécurité.",10 Towns Where You Can Retire on Social Security Alone
Vivre chez soi après 60,Où prendre sa retraite (USA),#1 State to Retire In - 2026,https://youtu.be/vAjXeNxXWdQ,203796,2025-07-20,15,Keith Lucas,https://www.youtube.com/channel/UCppKNQLWeYSPeKxf3PeoBgw,52000,oui,"Classements de villes et d'États selon le coût de la vie, les impôts et la sécurité.",10 Towns Where You Can Retire on Social Security Alone
Arnaques,Investissement et crypto,Infiltrating a Pyramid Scheme: Primerica by AlwaysMarco,https://youtu.be/AmzeketmpLM,203422,2023-07-28,42,Family First Life Lawsuits,https://www.youtube.com/channel/UCsj_eJalRjpAKjs2j39Tukg,4580,non,"Les retraités ciblés par de faux placements « sûrs » : Madoff, pig butchering, faux conseillers.",How Retirees Lost Their Life Savings to a 'Safe' Investment
Arnaques,Arnaques au téléphone,5 Scams You Need to Look Out For! | This Morning,https://youtu.be/44K8SrwuDjI,203383,2024-10-16,8,This Morning,https://www.youtube.com/channel/UChFsYLqPUyLiZnfRog6wiZA,2540000,non,"Expliquer les techniques des appels (le silence de 3 secondes, « Can you hear me? ») et ce qu'il faut répondre.",Why Scammers Stay Silent When You Answer — What to Say Instead
Vivre chez soi après 60,Vivre seul après 70 ans,The Truth About Older Men Living Alone  5 Surprising Facts Every Senior Must Know,https://youtu.be/XEeLhp1b3lM,203069,2026-07-21,24,Dr.Richard Ben ,https://www.youtube.com/channel/UCe2uE_LRb80HMKQb_d5ezXw,9040,oui,"Ce qui change quand on vit seul, comment rester en sécurité, entouré et autonome.",Living Alone After 75: 9 Things That Keep You Safe and Happy
Arnaques,Investissement et crypto,SerpentZA EXPOSES China's Pig Butchering Scam | JHS Ep. 737,https://youtu.be/GvNKuytthzM,202462,2022-11-02,60,The Jordan Harbinger Show,https://www.youtube.com/channel/UCGLcx_fFZ3GlLXO5anHSm9w,302000,non,"Les retraités ciblés par de faux placements « sûrs » : Madoff, pig butchering, faux conseillers.",How Retirees Lost Their Life Savings to a 'Safe' Investment
Arnaques,Arnaques au téléphone,How to Stop 99% of Spam Robocalls Right Now,https://youtu.be/Sduj2aRTdSw,202230,2019-06-26,11,ThioJoe,https://www.youtube.com/channel/UCQSpnDG3YsFNf5-qHocF-WQ,3140000,non,"Expliquer les techniques des appels (le silence de 3 secondes, « Can you hear me? ») et ce qu'il faut répondre.",Why Scammers Stay Silent When You Answer — What to Say Instead
Arnaques,Faux banquiers / usurpation,The Phone Number Takeover Scam Banks Can’t Stop,https://youtu.be/gsWnqY0NCXo,201338,2025-11-30,16,850 Club Credit,https://www.youtube.com/channel/UCat0LyGytYMwfZEPbO_rOrA,255000,non,"Le faux « service fraude » de la banque, Zelle, la carte de débit : ce qu'une vraie banque ne demande jamais.",Your Bank Will Never Ask You This: The Fake Fraud Department Call
Arnaques,"Loterie, cadeaux et colis",Why Do Scammers Want Gift Cards?,https://youtu.be/SchtELEgol8,201230,2020-05-02,4,Scam Takedown Task Force,https://www.youtube.com/channel/UCa_flzcYuAfGSC9Oj9DQIPA,2500,non,"Les faux gains, Publishers Clearing House, les SMS de colis, les cartes cadeaux.",'You Won!' — Why a Real Lottery Never Asks You to Pay First
Arnaques,Récits et documentaires d'arnaques,The Bitcoin Scam of the Century,https://youtu.be/jRiChgNecy4,200648,2025-03-11,78,Best Documentary,https://www.youtube.com/channel/UCmOCpBKeoBPp-HwarhIBA2g,8410000,non,"Les grandes arnaques de l'histoire racontées en documentaire, avec la leçon pour aujourd'hui.",The Con Man Who Fooled America's Grandparents for 20 Years
Arnaques,"Social Security, Medicare, IRS",IRS PHONE SCAM CAUGHT LIVE - PLAYING ALONG WITH SCAMMERS,https://youtu.be/Jb9ilimPWyw,200214,2014-09-19,8,Coral Springs-Talk,https://www.youtube.com/channel/UClENAbO-3xnp8HweB-otMvw,780,non,Les scripts des faux agents de l'État et ce que l'administration ne fait jamais.,"5 Things Social Security Will Never Do (If They Do, Hang Up)"
Arnaques,Arnaques sentimentales,84-year-old woman loses $98K in online romance scam,https://youtu.be/qWmcIkrW3Cc,199636,2023-01-31,5,WRTV Indianapolis,https://www.youtube.com/channel/UCfLYcp8eh4VAC8_BBRsHhFg,220000,non,"Les veufs et veuves sont les premières cibles. Le récit d'une victime réelle, puis les signaux d'alerte.","She Was 72, Widowed, and Lost $300,000 to a Man She Never Met"
Vivre chez soi après 60,"Maison de retraite, résidence, aide",Avoid Living In A 55 Plus Community - Problems In Adult Retirement Communities - Don’t Buy 55+,https://youtu.be/bcfzbzLPeRU,199001,2024-04-30,12,Retire With Zero,https://www.youtube.com/channel/UC0Ig1pIrQ5gfitU4pGmIEhg,25000,oui,"Comparer les options et les vrais coûts : rester chez soi, résidence, aide à domicile.",Assisted Living vs Staying Home: The Real Cost
Vivre chez soi après 60,Communautés 55+,The Villages Designer Home Tour with Bob and Liz. Custom Mossy Oak with a Pool and Hot Tub.,https://youtu.be/gcA8VDre50s,198817,2022-05-22,35,"The Villages, Florida with Rusty Nelson",https://www.youtube.com/channel/UC8l9ODdIpMQNFU5c97dOrPg,28800,non,"Visites, avantages et défauts, et ce que les vendeurs ne disent pas.",Why People Are Leaving 55+ Communities (What Sales Agents Won't Say)
Vivre chez soi après 60,Désencombrer et réduire,48 HOUR SWEDISH DEATH CLEANING MARATHON with my BOOMER PARENT lol (IT WORKS!!),https://youtu.be/RUqDyNnHh8c,198220,2025-09-24,21,Mai Zimmy,https://www.youtube.com/channel/UC_NjT5Ub4021JuNoL4PW_dg,355000,non,"Le « Swedish death cleaning », vendre la maison, et que faire des affaires que personne ne veut.",Nobody Wants Your Stuff: What to Do With Your Things After 70
Arnaques,Récits et documentaires d'arnaques,Scammer Explains 20 Scams in 20 Minutes,https://youtu.be/-PT6lWFi6PM,197927,2025-04-15,77,Matthew Cox | Inside True Crime,https://www.youtube.com/channel/UC3_qYh4foNgVXI7NzcuxlCA,1250000,non,"Les grandes arnaques de l'histoire racontées en documentaire, avec la leçon pour aujourd'hui.",The Con Man Who Fooled America's Grandparents for 20 Years
Arnaques,Investissement et crypto,Businessman accused of running Ponzi scheme charged with fraud | 60 Minutes Australia,https://youtu.be/Fhc2f9cW_FY,197500,2022-07-31,4,60 Minutes Australia,https://www.youtube.com/channel/UC0L1suV8pVgO4pCAIBNGx5w,6740000,non,"Les retraités ciblés par de faux placements « sûrs » : Madoff, pig butchering, faux conseillers.",How Retirees Lost Their Life Savings to a 'Safe' Investment
Vivre chez soi après 60,"Maison de retraite, résidence, aide",Stay at Home vs. Assisted Living: A Wife’s Impossible Choice | Aging in America (Chapter 1),https://youtu.be/TiVrqkrYhEc,196836,2025-04-20,6,Olera,https://www.youtube.com/channel/UCJ9EfqNHK47OAycLr0NuhtQ,788,oui,"Comparer les options et les vrais coûts : rester chez soi, résidence, aide à domicile.",Assisted Living vs Staying Home: The Real Cost
Arnaques,Faux banquiers / usurpation,"Duo Crimes, Identity Theft & Contract Killings | TRIPLE EPISODE | The New Detectives",https://youtu.be/omz1QEUjtd0,196768,2024-06-23,153,The New Detectives,https://www.youtube.com/channel/UCwLtUyoh8cm3eXfM3FXRR_g,360000,non,"Le faux « service fraude » de la banque, Zelle, la carte de débit : ce qu'une vraie banque ne demande jamais.",Your Bank Will Never Ask You This: The Fake Fraud Department Call
Arnaques,"Loterie, cadeaux et colis",The NEW Amazon Scam STEALING Accounts — DON'T CLICK THIS!,https://youtu.be/3XY_-tvNMs4,196419,2026-06-05,40,Rossen Reports,https://www.youtube.com/channel/UC7PYy5Tx1WhbnGKc3KJeRKw,711000,non,"Les faux gains, Publishers Clearing House, les SMS de colis, les cartes cadeaux.",'You Won!' — Why a Real Lottery Never Asks You to Pay First
Arnaques,Faux support technique / piratage,Spying on Scammers,https://youtu.be/n-31cfEZPu8,195557,2024-12-31,22,John Hammond,https://www.youtube.com/channel/UCVeW9qkBjo3zosnqUbG7CFw,2170000,non,"La fenêtre qui bloque l'écran, expliquée pas à pas, avec quoi faire et quoi ne jamais faire.","A Pop-Up Says Your Computer Is Locked — Do This, Not That"
Arnaques,Récits et documentaires d'arnaques,The $45M Con Artist Who Scammed A-List Celebrities,https://youtu.be/JdvEFyZkVPc,195495,2025-08-12,18,BC Productions,https://www.youtube.com/channel/UCJ0kahbGTnqv1qUFi8jGumw,219000,non,"Les grandes arnaques de l'histoire racontées en documentaire, avec la leçon pour aujourd'hui.",The Con Man Who Fooled America's Grandparents for 20 Years
Vivre chez soi après 60,Désencombrer et réduire,S1-1. Moving to Wales After 30 Years in England: Day One,https://youtu.be/pbDPWp5j7Zs,194969,2024-01-09,8,Sean James Cameron,https://www.youtube.com/channel/UCPqCByYpHD66ebkhDfDvHcw,68400,non,"Le « Swedish death cleaning », vendre la maison, et que faire des affaires que personne ne veut.",Nobody Wants Your Stuff: What to Do With Your Things After 70
Vivre chez soi après 60,Argent de la retraite,"How Social Security Turns $1,200 Into a $2,500 Retirement",https://youtu.be/lV9TjsFX_jg,194745,2026-02-25,28,BrainFlash,https://www.youtube.com/channel/UCpa4ysqY9D4gzaMiZDHwHxg,15800,oui,"Vivre avec la seule Social Security, quand la demander, les erreurs à éviter.",Retiring With Almost Nothing Saved: 7 Things That Still Work
Vivre chez soi après 60,Prendre sa retraite à l'étranger,BEST PLACES to Live in PORTUGAL | Retire to the Algarve,https://youtu.be/CgljfAtydiM,194731,2022-07-02,29,Brian and Carrie,https://www.youtube.com/channel/UCnGnMmPuHG31D2vyneTu45A,96800,oui,"Le vrai budget mensuel, les visas, la santé et les pièges dans chaque pays.",Retiring in Mexico on Social Security: The Real Monthly Cost
Vivre chez soi après 60,Où prendre sa retraite (USA),The Harsh Reality: Every State Ranked for Weather & Retirement (Updated),https://youtu.be/UGHr3N4zDeQ,194487,2026-04-07,39,World According To Briggs,https://www.youtube.com/channel/UCecPJBL6E1PVky1-gj6KH5g,1370000,oui,"Classements de villes et d'États selon le coût de la vie, les impôts et la sécurité.",10 Towns Where You Can Retire on Social Security Alone
Arnaques,Arnaques sentimentales,Woman Travels Across The World To Meet Romance Scammer!,https://youtu.be/ASxkQnb2Xw0,193830,2021-02-03,13,Catfished,https://www.youtube.com/channel/UCns8cwhpu92cYJHAlEfWz_w,664000,non,"Les veufs et veuves sont les premières cibles. Le récit d'une victime réelle, puis les signaux d'alerte.","She Was 72, Widowed, and Lost $300,000 to a Man She Never Met"
Vivre chez soi après 60,Vivre seul après 70 ans,I'm 73. Living Alone but NEVER Lonely. My Best 4 Tips,https://youtu.be/oBFmkzC1SvE,193444,2026-01-21,20,WISECAST,https://www.youtube.com/channel/UCwZTp-rZ2Aaf-ciQX2Gk5Sw,97400,non,"Ce qui change quand on vit seul, comment rester en sécurité, entouré et autonome.",Living Alone After 75: 9 Things That Keep You Safe and Happy
Vivre chez soi après 60,Communautés 55+,Inside the WORLD'S LARGEST Retirement Community (The Villages),https://youtu.be/G5bd-DzfpHc,193121,2026-02-14,38,Vancaskeys ,https://www.youtube.com/channel/UCFOX0mnv61u4bXl7NZawAfA,82100,oui,"Visites, avantages et défauts, et ce que les vendeurs ne disent pas.",Why People Are Leaving 55+ Communities (What Sales Agents Won't Say)
Vivre chez soi après 60,Désencombrer et réduire,My EXPERIENCE with SWEDISH DEATH CLEANING  I My MOM'S ESTATE,https://youtu.be/UawcXU0l0q4,192753,2023-12-12,15,Benita Larsson,https://www.youtube.com/channel/UCHs596idK1P0-wJZQSlk-Uw,232000,non,"Le « Swedish death cleaning », vendre la maison, et que faire des affaires que personne ne veut.",Nobody Wants Your Stuff: What to Do With Your Things After 70
Vivre chez soi après 60,Désencombrer et réduire,55-62: Your Last Chance to Declutter & Downsize on Your Own Terms,https://youtu.be/9gqBTU1YJmo,192616,2026-05-23,13,Jerry Pinkas,https://www.youtube.com/channel/UCnxSLgaWw6w7ocPiPHqB3Qg,218000,oui,"Le « Swedish death cleaning », vendre la maison, et que faire des affaires que personne ne veut.",Nobody Wants Your Stuff: What to Do With Your Things After 70
Arnaques,Récits et documentaires d'arnaques,How Dating Scams Work | Trafficked with Mariana van Zeller,https://youtu.be/PJispDZcB8w,192575,2021-12-18,4,National Geographic,https://www.youtube.com/channel/UCpVm7bg6pXKo1Pr6k5kxG9A,26500000,non,"Les grandes arnaques de l'histoire racontées en documentaire, avec la leçon pour aujourd'hui.",The Con Man Who Fooled America's Grandparents for 20 Years
Arnaques,Petit-enfant en détresse / clonage de voix IA,Sponsored | How to Spot AI Voice Clones & Scams: Expert Advice for Seniors,https://youtu.be/rz94z9056Us,192200,2025-11-20,35,The Advocate,https://www.youtube.com/channel/UCHQxPuqfDEllp7Q01ZfdXMQ,11500,oui,"Raconter un vrai appel « Grandma, I'm in jail », puis donner la parade du mot de passe familial.","The 'Grandma, I'm in Trouble' Call: How AI Copies Your Grandson's Voice"
Vivre chez soi après 60,Désencombrer et réduire,Swedish Death Cleaning vs. Decluttering With MOM,https://youtu.be/S7JIpnK7cKk,191630,2021-12-01,11,Shannon Torrens,https://www.youtube.com/channel/UCUqV8_zhkfU7xYvoZG70fUQ,116000,non,"Le « Swedish death cleaning », vendre la maison, et que faire des affaires que personne ne veut.",Nobody Wants Your Stuff: What to Do With Your Things After 70
Arnaques,Faux banquiers / usurpation,Woman sounds alarm on sophisticated wire transfer fraud l GMA,https://youtu.be/dgZaxsLjdQE,191069,2023-07-21,4,ABC News,https://www.youtube.com/channel/UCBi2mrWuNuyYy4gbM6fU18Q,19900000,non,"Le faux « service fraude » de la banque, Zelle, la carte de débit : ce qu'une vraie banque ne demande jamais.",Your Bank Will Never Ask You This: The Fake Fraud Department Call
Arnaques,Arnaques sentimentales,I Fell For A Love Scam: How They Made It Seem So Real,https://youtu.be/bzWprvJyzZs,190797,2022-10-21,7,CNA Insider,https://www.youtube.com/channel/UC_Lnb8ZHqqgLbp-7hltuT9w,2700000,non,"Les veufs et veuves sont les premières cibles. Le récit d'une victime réelle, puis les signaux d'alerte.","She Was 72, Widowed, and Lost $300,000 to a Man She Never Met"
Arnaques,Récits et documentaires d'arnaques,Thousands of pounds at stake in fake Amazon account scam - BBC,https://youtu.be/npYEmQW_GSk,189777,2024-11-25,6,BBC,https://www.youtube.com/channel/UCCj956IF62FbT7Gouszaj9w,15700000,non,"Les grandes arnaques de l'histoire racontées en documentaire, avec la leçon pour aujourd'hui.",The Con Man Who Fooled America's Grandparents for 20 Years
Arnaques,Investissement et crypto,Retiree loses life savings to deep-fake Facebook scam | A Current Affair,https://youtu.be/MoaX4xBnDYc,189189,2024-05-08,6,A Current Affair,https://www.youtube.com/channel/UCX15yQQOgUllNFd8wNRV1KQ,836000,oui,"Les retraités ciblés par de faux placements « sûrs » : Madoff, pig butchering, faux conseillers.",How Retirees Lost Their Life Savings to a 'Safe' Investment
Arnaques,"Loterie, cadeaux et colis","This Lottery Scammer tried to steal from me, so i stole his time for weeks LOL",https://youtu.be/99_TY2TJPRI,189115,2026-05-24,9,IRLrosie,https://www.youtube.com/channel/UC_0osV_nf2b0sIbm4Wiw4RQ,1610000,non,"Les faux gains, Publishers Clearing House, les SMS de colis, les cartes cadeaux.",'You Won!' — Why a Real Lottery Never Asks You to Pay First
Vivre chez soi après 60,Où prendre sa retraite (USA),10 Best Texas Retirement Towns Nobody Talks About (2026),https://youtu.be/ukmt6vBkE5M,189054,2026-04-15,21,Texan Insider,https://www.youtube.com/channel/UCdsOa-7nANad6YkBXWN31pQ,8190,oui,"Classements de villes et d'États selon le coût de la vie, les impôts et la sécurité.",10 Towns Where You Can Retire on Social Security Alone
Arnaques,Arnaques sentimentales,Woman Scammed Out Of $40K By Oil Rig Worker!,https://youtu.be/cReDogmcNOA,188821,2024-05-18,15,Catfished,https://www.youtube.com/channel/UCns8cwhpu92cYJHAlEfWz_w,664000,non,"Les veufs et veuves sont les premières cibles. Le récit d'une victime réelle, puis les signaux d'alerte.","She Was 72, Widowed, and Lost $300,000 to a Man She Never Met"
Arnaques,Arnaques sentimentales,Victim Lost LIFE SAVINGS To An Online Romance Scammer!,https://youtu.be/r9dvCgPkwcA,187895,2021-10-27,19,Catfished,https://www.youtube.com/channel/UCns8cwhpu92cYJHAlEfWz_w,664000,non,"Les veufs et veuves sont les premières cibles. Le récit d'une victime réelle, puis les signaux d'alerte.","She Was 72, Widowed, and Lost $300,000 to a Man She Never Met"
Arnaques,Récits et documentaires d'arnaques,The Biggest Scam in Malaysia’s History (You Could Be Next),https://youtu.be/2iOU5Ci9vF0,187872,2026-09-28,22,Ziet Invests,https://www.youtube.com/channel/UC-h5sZ-O_4KbdzPy6hxYd9g,277000,non,"Les grandes arnaques de l'histoire racontées en documentaire, avec la leçon pour aujourd'hui.",The Con Man Who Fooled America's Grandparents for 20 Years
Arnaques,Investissement et crypto,'Largest Ponzi scheme in history': Ben McKenzie on his crusade against crypto,https://youtu.be/z4K7cduV5u8,187128,2026-08-26,8,MS NOW,https://www.youtube.com/channel/UCaXkIU1QidjPwiAYu6GcHjg,10000000,non,"Les retraités ciblés par de faux placements « sûrs » : Madoff, pig butchering, faux conseillers.",How Retirees Lost Their Life Savings to a 'Safe' Investment
Arnaques,Arnaques sentimentales,"‘My Love Rat Ex Scammed Me Out of £30,000’ | This Morning",https://youtu.be/DCZoBgU8Fzg,186804,2025-01-22,10,This Morning,https://www.youtube.com/channel/UChFsYLqPUyLiZnfRog6wiZA,2540000,non,"Les veufs et veuves sont les premières cibles. Le récit d'une victime réelle, puis les signaux d'alerte.","She Was 72, Widowed, and Lost $300,000 to a Man She Never Met"
Vivre chez soi après 60,Désencombrer et réduire,"DECLUTTER BACKWARDS? YES, PLEASE! | The Smartest, Fastest Way to Finally Get Organized",https://youtu.be/pzhwMPIBdMQ,186354,2025-04-24,8,Rita Wilkins,https://www.youtube.com/channel/UCqUCj6qGiqnvSeBZCdfHUmQ,52300,non,"Le « Swedish death cleaning », vendre la maison, et que faire des affaires que personne ne veut.",Nobody Wants Your Stuff: What to Do With Your Things After 70
Vivre chez soi après 60,"Maison de retraite, résidence, aide",What Senior Citizen's Get for $300 per month | Senior Living Apartment Tour,https://youtu.be/VnpZjFs8TFk,186064,2022-10-08,16,Big Super Living In Arizona,https://www.youtube.com/channel/UCtqnZVO7vaOYefWCL07jY5g,205000,oui,"Comparer les options et les vrais coûts : rester chez soi, résidence, aide à domicile.",Assisted Living vs Staying Home: The Real Cost
Arnaques,Récits et documentaires d'arnaques,Credit Card Fraud is So Interesting,https://youtu.be/GYbwmEDDr2k,184993,2026-02-22,34,iamLucid,https://www.youtube.com/channel/UC31GyoVAjRLLK9Nh4298PzA,1010000,non,"Les grandes arnaques de l'histoire racontées en documentaire, avec la leçon pour aujourd'hui.",The Con Man Who Fooled America's Grandparents for 20 Years
Arnaques,Arnaques au téléphone,Wait... You Gave a Scammer Your ENTIRE Life Savings?!,https://youtu.be/BSldudamLEg,184871,2026-07-07,27,Social Symone ♡,https://www.youtube.com/channel/UCqBkdAuMACt37Ek6p4BemVA,355000,non,"Expliquer les techniques des appels (le silence de 3 secondes, « Can you hear me? ») et ce qu'il faut répondre.",Why Scammers Stay Silent When You Answer — What to Say Instead
Arnaques,"Loterie, cadeaux et colis",Don't fall for these 5 Amazon Scams!,https://youtu.be/JC5yjegnf5Q,184591,2025-03-15,10,Liron Segev,https://www.youtube.com/channel/UCjoNsHD6hXxCNiisSZjdlLA,1180000,non,"Les faux gains, Publishers Clearing House, les SMS de colis, les cartes cadeaux.",'You Won!' — Why a Real Lottery Never Asks You to Pay First
Vivre chez soi après 60,Désencombrer et réduire,I'm begging you to get rid of perfectly good stuff (seriously).,https://youtu.be/jLghf70FM6g,184385,2026-09-20,23,A to Zen Life,https://www.youtube.com/channel/UC2-pmwZJtKvIGng1prZOANg,431000,non,"Le « Swedish death cleaning », vendre la maison, et que faire des affaires que personne ne veut.",Nobody Wants Your Stuff: What to Do With Your Things After 70
Vivre chez soi après 60,Où prendre sa retraite (USA),Great Rural Towns in Utah to Retire or Buy Real Estate.,https://youtu.be/9lapYE2wsUA,184268,2022-05-23,14,World According To Briggs,https://www.youtube.com/channel/UCecPJBL6E1PVky1-gj6KH5g,1370000,oui,"Classements de villes et d'États selon le coût de la vie, les impôts et la sécurité.",10 Towns Where You Can Retire on Social Security Alone
Arnaques,Récits et documentaires d'arnaques,Elderly couple loses nearly $700K online scam,https://youtu.be/ltI7DXrNQCA,183603,2022-08-26,4,ABC 10 News,https://www.youtube.com/channel/UCQv44qD9R5Ae6Z3iUeZm7iQ,429000,oui,"Les grandes arnaques de l'histoire racontées en documentaire, avec la leçon pour aujourd'hui.",The Con Man Who Fooled America's Grandparents for 20 Years
Vivre chez soi après 60,Vivre seul après 70 ans,The Hardest Part of Fishing Alone After 70 Isn’t What You Think,https://youtu.be/tu-J2bRDeno,183236,2026-08-23,12,Gone Bass Fishin,https://www.youtube.com/channel/UCYfSr8O3boLW3K7jZa89H2Q,3560,oui,"Ce qui change quand on vit seul, comment rester en sécurité, entouré et autonome.",Living Alone After 75: 9 Things That Keep You Safe and Happy
Vivre chez soi après 60,Désencombrer et réduire,Early Retirement: What I Expected vs. The Brutal 6-Month Reality,https://youtu.be/Pdehopyfjuk,182816,2025-09-27,27,LEVEL 50 Lifestyle,https://www.youtube.com/channel/UCoNcyo3wKrM3HmrI1Iem6_g,97300,oui,"Le « Swedish death cleaning », vendre la maison, et que faire des affaires que personne ne veut.",Nobody Wants Your Stuff: What to Do With Your Things After 70
Arnaques,Arnaques sentimentales,"Romance Scammer Promised $1,000,000 & A MANSION!",https://youtu.be/uhmXaso4Z7c,182114,2020-12-09,12,Catfished,https://www.youtube.com/channel/UCns8cwhpu92cYJHAlEfWz_w,664000,non,"Les veufs et veuves sont les premières cibles. Le récit d'une victime réelle, puis les signaux d'alerte.","She Was 72, Widowed, and Lost $300,000 to a Man She Never Met"
Vivre chez soi après 60,Vivre seul après 70 ans,Social Security Survivor Benefits Explained: What Widows & Widowers Must Know,https://youtu.be/Tp7kVNdOuDw,181468,2024-11-13,11,Erin Talks Money | Erin Moriarity,https://www.youtube.com/channel/UCpXipTyhIY9kprpvVd-lu0A,440000,oui,"Ce qui change quand on vit seul, comment rester en sécurité, entouré et autonome.",Living Alone After 75: 9 Things That Keep You Safe and Happy
Arnaques,Arnaques sentimentales,"Fake ""Matt Rife"" Turned Dangerous When She Said No...",https://youtu.be/xQojN1FqNq8,180221,2026-07-23,35,Catfished,https://www.youtube.com/channel/UCns8cwhpu92cYJHAlEfWz_w,664000,non,"Les veufs et veuves sont les premières cibles. Le récit d'une victime réelle, puis les signaux d'alerte.","She Was 72, Widowed, and Lost $300,000 to a Man She Never Met"
Vivre chez soi après 60,"Maison de retraite, résidence, aide",Aging in America: Crisis in long-term care,https://youtu.be/oLKTThGrAxw,177537,2014-10-19,8,CBS Sunday Morning,https://www.youtube.com/channel/UCVT1tPkR-fUVlO652EcO3ow,1880000,oui,"Comparer les options et les vrais coûts : rester chez soi, résidence, aide à domicile.",Assisted Living vs Staying Home: The Real Cost
Arnaques,Arnaques sentimentales,Dr. Phil S11E107 (Angie) Scammed and Duped?,https://youtu.be/jDFfsCjA5Ak,176725,2021-05-09,41,Pepper Roni,https://www.youtube.com/channel/UC8P6KpHy9dtcCAxwCFPbm8g,4120,non,"Les veufs et veuves sont les premières cibles. Le récit d'une victime réelle, puis les signaux d'alerte.","She Was 72, Widowed, and Lost $300,000 to a Man She Never Met"
Arnaques,Arnaques sentimentales,"His First Girlfriend Stole $287,000",https://youtu.be/1a6Cq1AbTGs,176571,2026-08-27,37,Catfished,https://www.youtube.com/channel/UCns8cwhpu92cYJHAlEfWz_w,664000,non,"Les veufs et veuves sont les premières cibles. Le récit d'une victime réelle, puis les signaux d'alerte.","She Was 72, Widowed, and Lost $300,000 to a Man She Never Met"
Vivre chez soi après 60,Argent de la retraite,10 You Can Retire Retire On Social Security Alone in the PNW,https://youtu.be/iIQVgPLhV_o,176120,2025-10-28,24,World According To Briggs,https://www.youtube.com/channel/UCecPJBL6E1PVky1-gj6KH5g,1370000,oui,"Vivre avec la seule Social Security, quand la demander, les erreurs à éviter.",Retiring With Almost Nothing Saved: 7 Things That Still Work
Vivre chez soi après 60,Désencombrer et réduire,Entire House Declutter | Swedish Death Clean | Becoming A Minimalist Ep 8,https://youtu.be/UoHLdXHuF9M,175684,2022-11-06,27,The After Work Channel,https://www.youtube.com/channel/UCoxOC0yPH9jwocfeOgDNF3g,42900,non,"Le « Swedish death cleaning », vendre la maison, et que faire des affaires que personne ne veut.",Nobody Wants Your Stuff: What to Do With Your Things After 70
Arnaques,Investissement et crypto,The Ponzi Plot | Fatal Fraud,https://youtu.be/7ULDmm_UtWU,174995,2026-02-18,47,FilmRise True Crime,https://www.youtube.com/channel/UCU4BHh9Dwfd7-I_xTZ5037Q,1600000,non,"Les retraités ciblés par de faux placements « sûrs » : Madoff, pig butchering, faux conseillers.",How Retirees Lost Their Life Savings to a 'Safe' Investment
Arnaques,Arnaques sentimentales,"‘I Was Scammed Out of £67,000 in a Year by My Online Lover’ | This Morning",https://youtu.be/BAOBtMnz3O0,174032,2024-02-16,8,This Morning,https://www.youtube.com/channel/UChFsYLqPUyLiZnfRog6wiZA,2540000,non,"Les veufs et veuves sont les premières cibles. Le récit d'une victime réelle, puis les signaux d'alerte.","She Was 72, Widowed, and Lost $300,000 to a Man She Never Met"
Arnaques,"Social Security, Medicare, IRS",Crimewatch 2024 EP8 - Government Official Impersonation Scam and Investment Scam!,https://youtu.be/U2k0ZkFwFSU,173941,2024-10-29,24,Entertainment - Mediacorp,https://www.youtube.com/channel/UCQrvzGHFkNkVBlqqe46kuYQ,610000,non,Les scripts des faux agents de l'État et ce que l'administration ne fait jamais.,"5 Things Social Security Will Never Do (If They Do, Hang Up)"
Vivre chez soi après 60,Prendre sa retraite à l'étranger,10 Best Countries to Retire on a Small Pension or Social Security (2025),https://youtu.be/D0l49LTQMfw,173692,2025-06-03,20,Travel Planner,https://www.youtube.com/channel/UCSOmYe2OiWEtRSbXpw0tm4w,23700,oui,"Le vrai budget mensuel, les visas, la santé et les pièges dans chaque pays.",Retiring in Mexico on Social Security: The Real Monthly Cost
Arnaques,Arnaques au téléphone,Consumer reporter Steve Noviello says turn illegal robocalls into cash,https://youtu.be/PQbQn93emFI,173508,2019-03-13,5,FOX 4 Dallas-Fort Worth,https://www.youtube.com/channel/UCruQg25yVBppUWjza8AlyZA,1020000,non,"Expliquer les techniques des appels (le silence de 3 secondes, « Can you hear me? ») et ce qu'il faut répondre.",Why Scammers Stay Silent When You Answer — What to Say Instead
Vivre chez soi après 60,Désencombrer et réduire,Decluttering Room by Room Is Backwards - In Japan We DO THIS!,https://youtu.be/WzxvBmDLcA0,173340,2026-10-04,23,The Japanese Method,https://www.youtube.com/channel/UCG1FhX9QEcUEqNQEnP1EaiQ,138000,non,"Le « Swedish death cleaning », vendre la maison, et que faire des affaires que personne ne veut.",Nobody Wants Your Stuff: What to Do With Your Things After 70
Arnaques,Investissement et crypto,Portland man says cryptocurrency scam destroyed his life,https://youtu.be/hs0aUmcbKaU,173314,2023-02-20,5,KPTV FOX 12 Oregon,https://www.youtube.com/channel/UCyWF77WR3CfkZ52cc9XK5wQ,151000,non,"Les retraités ciblés par de faux placements « sûrs » : Madoff, pig butchering, faux conseillers.",How Retirees Lost Their Life Savings to a 'Safe' Investment
Arnaques,Arnaques sentimentales,The Romance Scam That Destroyed Her Life | Jennifer's Story,https://youtu.be/sOrlMvfjBNQ,172246,2026-05-17,58,DatingtoWin,https://www.youtube.com/channel/UCWfnMYXFqLjJdu8wEsKL2OQ,9780,non,"Les veufs et veuves sont les premières cibles. Le récit d'une victime réelle, puis les signaux d'alerte.","She Was 72, Widowed, and Lost $300,000 to a Man She Never Met"
Arnaques,"Loterie, cadeaux et colis",The Big Lottery Scam | Scammed | Real Crime,https://youtu.be/esRmijZ8Haw,172043,2019-08-01,22,Real Crime,https://www.youtube.com/channel/UC1s9576cQFdQq3QTtTxocmA,2180000,non,"Les faux gains, Publishers Clearing House, les SMS de colis, les cartes cadeaux.",'You Won!' — Why a Real Lottery Never Asks You to Pay First
Vivre chez soi après 60,Communautés 55+,Would I Ever Live in a 55+ Community AGAIN? Here's What Over TWO YEARs Taught Me | Over 50 Over 60,https://youtu.be/A6OZSCVSqM4,171987,2026-08-09,36,Pretty Over Fifty,https://www.youtube.com/channel/UCH9m-hQ86lby7pU6ausvAJQ,325000,oui,"Visites, avantages et défauts, et ce que les vendeurs ne disent pas.",Why People Are Leaving 55+ Communities (What Sales Agents Won't Say)
Arnaques,Récits et documentaires d'arnaques,Meet The Real Life Victim Of The 'Dirty John' Con Artist,https://youtu.be/fkb06G-UHtQ,171298,2020-03-09,7,The Kelly Clarkson Show,https://www.youtube.com/channel/UCmSQ47G2NHhcjRAm9Px6R3g,3160000,non,"Les grandes arnaques de l'histoire racontées en documentaire, avec la leçon pour aujourd'hui.",The Con Man Who Fooled America's Grandparents for 20 Years
Vivre chez soi après 60,Vivre seul après 70 ans,I'm Preparing to Age Alone. Here's My Plan,https://youtu.be/D9sCb1KFhKM,170627,2024-03-13,12,Silver and Solo,https://www.youtube.com/channel/UCI6cnQSTzRc3MInral3a2fw,123000,non,"Ce qui change quand on vit seul, comment rester en sécurité, entouré et autonome.",Living Alone After 75: 9 Things That Keep You Safe and Happy
Vivre chez soi après 60,Désencombrer et réduire,Decluttering Your Home FASTER! How to Get Rid Of Your Stuff,https://youtu.be/tZBBuMU0Q9A,169625,2026-04-02,8,Daniel Hale,https://www.youtube.com/channel/UCs2PLQ5Wok8-4e0X0Z0Ab9A,16400,non,"Le « Swedish death cleaning », vendre la maison, et que faire des affaires que personne ne veut.",Nobody Wants Your Stuff: What to Do With Your Things After 70
Arnaques,Arnaques sentimentales,My Online Girlfriend Sent Me $250K... Is This Romance Fraud?,https://youtu.be/kzejGZxY6EE,169119,2021-09-22,15,Catfished,https://www.youtube.com/channel/UCns8cwhpu92cYJHAlEfWz_w,664000,non,"Les veufs et veuves sont les premières cibles. Le récit d'une victime réelle, puis les signaux d'alerte.","She Was 72, Widowed, and Lost $300,000 to a Man She Never Met"
Arnaques,Arnaques au téléphone,How to Block ALL Spam and Robocalls on iPhone,https://youtu.be/paXOEf1oZNs,168995,2022-12-28,4,Daniel About Tech,https://www.youtube.com/channel/UCSlUGRuenUT-aNjKRt9d5oA,568000,non,"Expliquer les techniques des appels (le silence de 3 secondes, « Can you hear me? ») et ce qu'il faut répondre.",Why Scammers Stay Silent When You Answer — What to Say Instead
Vivre chez soi après 60,Prendre sa retraite à l'étranger,We Left Florida At 60 To Retire In Vietnam | Tour Our $575 Condo in Da Nang,https://youtu.be/k8n8RTfWQ5A,168587,2025-12-29,21,Evan Eh Expat Interviews & Tours,https://www.youtube.com/channel/UCOFdiEM9621V_nF2S1lzeDQ,30000,oui,"Le vrai budget mensuel, les visas, la santé et les pièges dans chaque pays.",Retiring in Mexico on Social Security: The Real Monthly Cost
Vivre chez soi après 60,Désencombrer et réduire,DECLUTTERING MY LIFE | Why I’m Getting Rid of Even More & Changing My Spending Habits,https://youtu.be/ZAK03H6RXqg,168185,2026-08-17,29,Jennifer Madison,https://www.youtube.com/channel/UCn6PGJVnFjntrCpVt_knahw,68200,non,"Le « Swedish death cleaning », vendre la maison, et que faire des affaires que personne ne veut.",Nobody Wants Your Stuff: What to Do With Your Things After 70
Vivre chez soi après 60,"Maison de retraite, résidence, aide",The Myth Surrounding Nursing Homes,https://youtu.be/l3OjQ-poQSo,167361,2018-06-24,6,The Ramsey Show Highlights,https://www.youtube.com/channel/UC7eBNeDW1GQf2NJQ6G6gAxw,4600000,non,"Comparer les options et les vrais coûts : rester chez soi, résidence, aide à domicile.",Assisted Living vs Staying Home: The Real Cost
Vivre chez soi après 60,Prendre sa retraite à l'étranger,5 Countries That Make Retirement Feel Like A Vacation!,https://youtu.be/ijPL0fP9Oks,166910,2026-08-20,20,Adventure Freaksss ,https://www.youtube.com/channel/UC0dRjLpXi4C8oti0Y9riUmg,212000,oui,"Le vrai budget mensuel, les visas, la santé et les pièges dans chaque pays.",Retiring in Mexico on Social Security: The Real Monthly Cost
Vivre chez soi après 60,Argent de la retraite,I Retired with Zero in My 401(K) - Here's How I Made it Work,https://youtu.be/ECGiTmADULc,166629,2025-11-17,11,Vicki Retired,https://www.youtube.com/channel/UC37miW2zOTs5hOBbrTrqbUw,26400,oui,"Vivre avec la seule Social Security, quand la demander, les erreurs à éviter.",Retiring With Almost Nothing Saved: 7 Things That Still Work
Vivre chez soi après 60,Prendre sa retraite à l'étranger,"Top 10 Best Places To Live in Mexico (Expats, Retirees, Digital Nomads)",https://youtu.be/LqeZlLy8IcE,166319,2025-03-09,18,Traveling with Kristin,https://www.youtube.com/channel/UCS2ezhBvebMx6BUL-4qpadQ,310000,oui,"Le vrai budget mensuel, les visas, la santé et les pièges dans chaque pays.",Retiring in Mexico on Social Security: The Real Monthly Cost
Vivre chez soi après 60,Prendre sa retraite à l'étranger,SHOCKING Truth About Living on Social Security Overseas,https://youtu.be/6tq3H-Jcljg,165891,2025-05-15,20,Paul in the Philippines Old Dog New Tricks,https://www.youtube.com/channel/UCL8IPpUd7kIfEoPgTl2LzPA,133000,oui,"Le vrai budget mensuel, les visas, la santé et les pièges dans chaque pays.",Retiring in Mexico on Social Security: The Real Monthly Cost
Arnaques,Arnaques sentimentales,The Romance Scam That Fooled 88 Women | A Perfect Scam,https://youtu.be/sMqzvFQoXi4,165815,2026-08-14,43,FilmRise True Crime,https://www.youtube.com/channel/UCU4BHh9Dwfd7-I_xTZ5037Q,1600000,non,"Les veufs et veuves sont les premières cibles. Le récit d'une victime réelle, puis les signaux d'alerte.","She Was 72, Widowed, and Lost $300,000 to a Man She Never Met"
Arnaques,Investissement et crypto,Pig Butchering: The AI-Driven Money/Romance Scam to Watch Out For!,https://youtu.be/x_EMFmEY3wA,165684,2025-12-19,35,RomConned,https://www.youtube.com/channel/UCyk3KU5ynABFDRFLSdQlQAw,223000,non,"Les retraités ciblés par de faux placements « sûrs » : Madoff, pig butchering, faux conseillers.",How Retirees Lost Their Life Savings to a 'Safe' Investment
Vivre chez soi après 60,Désencombrer et réduire,Decluttering with Swedish Death Cleaning - Don't Burden Your Family,https://youtu.be/PBTP5yH9qbA,164872,2019-03-22,12,Shannon Torrens,https://www.youtube.com/channel/UCUqV8_zhkfU7xYvoZG70fUQ,116000,non,"Le « Swedish death cleaning », vendre la maison, et que faire des affaires que personne ne veut.",Nobody Wants Your Stuff: What to Do With Your Things After 70
Vivre chez soi après 60,Vivre seul après 70 ans,Stories of The Elderly: 12 Things To Avoid When Living Alone as an Older Person :Dr. Daniel Hayes,https://youtu.be/c9q3xlNvPyM,164517,2026-05-27,26,Dr. Daniel Hayes,https://www.youtube.com/channel/UCfCRt8l127SR0WE4bVQDYxw,110000,oui,"Ce qui change quand on vit seul, comment rester en sécurité, entouré et autonome.",Living Alone After 75: 9 Things That Keep You Safe and Happy
Arnaques,"Loterie, cadeaux et colis",Jamaican Lotto Scammers WARNING They Are Coming for Your Mothers,https://youtu.be/VbpN1D2iCWM,163916,2023-08-19,41,SouFLoTV,https://www.youtube.com/channel/UCmFA-w0lm-HBBxrb9c69poA,445000,non,"Les faux gains, Publishers Clearing House, les SMS de colis, les cartes cadeaux.",'You Won!' — Why a Real Lottery Never Asks You to Pay First
Vivre chez soi après 60,Vivre seul après 70 ans,【Living Alone】Inside a Japanese Grandma Kinoe’s Home: 93-Year-Old’s Seasonal Transition,https://youtu.be/Fsw7N5k157g,163361,2025-07-12,36,Japanese Grandma Kinoe,https://www.youtube.com/channel/UCvU3HU-BpzXSZfrp0uPDL2A,149000,oui,"Ce qui change quand on vit seul, comment rester en sécurité, entouré et autonome.",Living Alone After 75: 9 Things That Keep You Safe and Happy
Vivre chez soi après 60,Où prendre sa retraite (USA),12 Southern Towns Where Black Retirees Actually Thrive !,https://youtu.be/mmpOyARqmws,163318,2026-08-20,28,The Legacy Living,https://www.youtube.com/channel/UCBt9lJDE6HnhYKaufqB_dZA,11900,oui,"Classements de villes et d'États selon le coût de la vie, les impôts et la sécurité.",10 Towns Where You Can Retire on Social Security Alone
Arnaques,"Social Security, Medicare, IRS",BEST IRS SCAM PHONE CALL EVER!  PART II,https://youtu.be/i9WX0PNU4ws,162862,2016-04-02,15,Hot Chicken,https://www.youtube.com/channel/UCOqAm7kjtgmaVPAqXRfYZ6Q,5240,non,Les scripts des faux agents de l'État et ce que l'administration ne fait jamais.,"5 Things Social Security Will Never Do (If They Do, Hang Up)"
Arnaques,Récits et documentaires d'arnaques,How We Caught One Of Britain’s Worst Con Artists | This Morning,https://youtu.be/Nbnt-GO8NYg,162707,2025-05-12,12,This Morning,https://www.youtube.com/channel/UChFsYLqPUyLiZnfRog6wiZA,2540000,non,"Les grandes arnaques de l'histoire racontées en documentaire, avec la leçon pour aujourd'hui.",The Con Man Who Fooled America's Grandparents for 20 Years
Vivre chez soi après 60,Où prendre sa retraite (USA),Top 10 Worst States for Retirement in 2021. Guess where California lands?,https://youtu.be/VpaFjdq5Arg,162686,2021-06-23,11,World According To Briggs,https://www.youtube.com/channel/UCecPJBL6E1PVky1-gj6KH5g,1370000,oui,"Classements de villes et d'États selon le coût de la vie, les impôts et la sécurité.",10 Towns Where You Can Retire on Social Security Alone
Arnaques,Récits et documentaires d'arnaques,Fresno MeetMe Scam | A Perfect Scam,https://youtu.be/LARELA0Q-xI,162603,2026-08-28,43,FilmRise True Crime,https://www.youtube.com/channel/UCU4BHh9Dwfd7-I_xTZ5037Q,1600000,non,"Les grandes arnaques de l'histoire racontées en documentaire, avec la leçon pour aujourd'hui.",The Con Man Who Fooled America's Grandparents for 20 Years
Vivre chez soi après 60,Vivre seul après 70 ans,"I Baked a Pie for My Widowed Neighbor… and He Joked ""If I Were Twenty Years Younger… I'd Marry You""",https://youtu.be/WR9dhMWN6YY,161348,2026-07-30,7,Western Echoes,https://www.youtube.com/channel/UC4VgMVOOzArL8AD3DM3u8Ng,960,oui,"Ce qui change quand on vit seul, comment rester en sécurité, entouré et autonome.",Living Alone After 75: 9 Things That Keep You Safe and Happy
Arnaques,"Social Security, Medicare, IRS",You Won't Believe How Deep The Medicare SCAMS Run,https://youtu.be/OyqDFy0NOe8,161075,2026-01-11,26,Matt Walsh,https://www.youtube.com/channel/UCO01ytfzgXYy4glnPJm4PPQ,3470000,oui,Les scripts des faux agents de l'État et ce que l'administration ne fait jamais.,"5 Things Social Security Will Never Do (If They Do, Hang Up)"
Arnaques,"Social Security, Medicare, IRS",IRS SCAM CALLER GETS A TASTE OF HIS OWN MEDICINE,https://youtu.be/0W9AHeOqLQI,160395,2016-08-27,31,Lee's Stuff,https://www.youtube.com/channel/UCFLa3xxnQE48jcv0N2iA7kA,2230,non,Les scripts des faux agents de l'État et ce que l'administration ne fait jamais.,"5 Things Social Security Will Never Do (If They Do, Hang Up)"
Arnaques,Investissement et crypto,The global scam that stole $4 billion from American victims last year,https://youtu.be/IPBdZk1C-k8,160276,2024-06-18,6,CNN,https://www.youtube.com/channel/UCupvZG-5ko_eiXAupbDfxWw,19900000,non,"Les retraités ciblés par de faux placements « sûrs » : Madoff, pig butchering, faux conseillers.",How Retirees Lost Their Life Savings to a 'Safe' Investment
Arnaques,Investissement et crypto,Life Savings LOST On Squid Game Crypto Scam,https://youtu.be/yZG-lwEQkKA,160173,2021-11-03,8,Wall Street Millennial,https://www.youtube.com/channel/UCUyH4QfXX-5NOT0bULqG6lQ,370000,non,"Les retraités ciblés par de faux placements « sûrs » : Madoff, pig butchering, faux conseillers.",How Retirees Lost Their Life Savings to a 'Safe' Investment
Vivre chez soi après 60,Prendre sa retraite à l'étranger,Big Change for Expats Overseas: No More Mailing Social Security Forms!,https://youtu.be/27bLl5nvdG8,159749,2025-08-30,64,"Dr. Ed Weir, PhD, Former Social Security Manager",https://www.youtube.com/channel/UCou-9ixmPuPQ0uMYjL7aOdA,787000,oui,"Le vrai budget mensuel, les visas, la santé et les pièges dans chaque pays.",Retiring in Mexico on Social Security: The Real Monthly Cost
Vivre chez soi après 60,"Maison de retraite, résidence, aide","Senior Living 101: Different care types, explained",https://youtu.be/LSiQlqJbjzQ,159715,2025-10-15,7,A Place for Mom,https://www.youtube.com/channel/UC63Y6jrxR2ztcW0-tMn12zg,23500,oui,"Comparer les options et les vrais coûts : rester chez soi, résidence, aide à domicile.",Assisted Living vs Staying Home: The Real Cost
Arnaques,Récits et documentaires d'arnaques,Top 10 Most Notorious Scam Artists EVER,https://youtu.be/i8tf1KGzFnw,158835,2020-08-19,10,WatchMojo.com,https://www.youtube.com/channel/UCaWd5_7JhbQBe4dknZhsHJg,25800000,non,"Les grandes arnaques de l'histoire racontées en documentaire, avec la leçon pour aujourd'hui.",The Con Man Who Fooled America's Grandparents for 20 Years
Vivre chez soi après 60,Prendre sa retraite à l'étranger,RETIRED AND LIVING ABROAD ON SOCIAL SECURITY/HAVE I BEEN FOOLING MYSELF?,https://youtu.be/aw_tKXLlRG4,158126,2024-07-06,29,Paul in the Philippines Old Dog New Tricks,https://www.youtube.com/channel/UCL8IPpUd7kIfEoPgTl2LzPA,133000,oui,"Le vrai budget mensuel, les visas, la santé et les pièges dans chaque pays.",Retiring in Mexico on Social Security: The Real Monthly Cost
Vivre chez soi après 60,Argent de la retraite,Social Security May Pay Only 77% by 2033 - Here’s What Happens Next,https://youtu.be/GgnLU6944PU,157059,2026-03-03,21,Erin Talks Money | Erin Moriarity,https://www.youtube.com/channel/UCpXipTyhIY9kprpvVd-lu0A,440000,oui,"Vivre avec la seule Social Security, quand la demander, les erreurs à éviter.",Retiring With Almost Nothing Saved: 7 Things That Still Work
Arnaques,"Social Security, Medicare, IRS",Social Security Scammer vs Old Lady With Shocking Confession,https://youtu.be/YcdqSfFePus,156884,2019-06-19,47,Music Is A Rainbow,https://www.youtube.com/channel/UC5GqcldXksgjMTtdYMcSS5g,33700,oui,Les scripts des faux agents de l'État et ce que l'administration ne fait jamais.,"5 Things Social Security Will Never Do (If They Do, Hang Up)"
Arnaques,Faux banquiers / usurpation,New Chase Bank Scam Is Bypassing Security,https://youtu.be/U2jbBOoxNXQ,156879,2026-02-11,11,Scams & Frauds,https://www.youtube.com/channel/UCWJcs8BeWSiHXxjgLKyHwUQ,23500,non,"Le faux « service fraude » de la banque, Zelle, la carte de débit : ce qu'une vraie banque ne demande jamais.",Your Bank Will Never Ask You This: The Fake Fraud Department Call
Vivre chez soi après 60,Où prendre sa retraite (USA),10 Best US Secret Retirement Towns  (This Ain't Your Grandma's Retirement),https://youtu.be/6mVnl_Ra1QY,156604,2025-01-26,22,Keith Lucas,https://www.youtube.com/channel/UCppKNQLWeYSPeKxf3PeoBgw,52000,oui,"Classements de villes et d'États selon le coût de la vie, les impôts et la sécurité.",10 Towns Where You Can Retire on Social Security Alone
Vivre chez soi après 60,Communautés 55+,Difference between retirement villages and lifestyle communities   A Current Affair Investigation,https://youtu.be/QrUbcPKoZd0,156593,2022-07-25,6,Stockland Residential Communities,https://www.youtube.com/channel/UC9sCirq3XuPaMinDvWWtGIw,4180,oui,"Visites, avantages et défauts, et ce que les vendeurs ne disent pas.",Why People Are Leaving 55+ Communities (What Sales Agents Won't Say)
Arnaques,Faux banquiers / usurpation,"Julie V. ""Amazon Support"" Scammer (LONGEST scam call yet!)",https://youtu.be/lA6eU2-089g,155721,2021-05-13,27,BBB Wisconsin,https://www.youtube.com/channel/UCABiH4MFtftfPtYiN8X1sUg,24800,non,"Le faux « service fraude » de la banque, Zelle, la carte de débit : ce qu'une vraie banque ne demande jamais.",Your Bank Will Never Ask You This: The Fake Fraud Department Call
Vivre chez soi après 60,Désencombrer et réduire,Swedish Death Cleaning Has Changed Me,https://youtu.be/YDD13AEKosU,155038,2024-01-19,16,Joyful Living with Jen Lefforge,https://www.youtube.com/channel/UC-ZEQgA6jc9SPIg7wq4QxTA,84700,non,"Le « Swedish death cleaning », vendre la maison, et que faire des affaires que personne ne veut.",Nobody Wants Your Stuff: What to Do With Your Things After 70
Vivre chez soi après 60,Désencombrer et réduire,Hoarding & Seniors: What Families Need to Know,https://youtu.be/XWFopB4M-ms,154193,2022-03-31,4,Visiting Angels Home Care,https://www.youtube.com/channel/UC3V3GDjr1sWvR_aiGhRyAAg,184000,oui,"Le « Swedish death cleaning », vendre la maison, et que faire des affaires que personne ne veut.",Nobody Wants Your Stuff: What to Do With Your Things After 70
Arnaques,Arnaques sentimentales,This Thai Love Scam Made Me Destroy My 22 Year Marriage and Look Like a Fool!,https://youtu.be/p3iTrz_rnhY,153607,2025-07-16,43,Thai Confessions,https://www.youtube.com/channel/UCZ19GseK8ijtKFbuA0hiKJQ,9320,non,"Les veufs et veuves sont les premières cibles. Le récit d'une victime réelle, puis les signaux d'alerte.","She Was 72, Widowed, and Lost $300,000 to a Man She Never Met"
Arnaques,Investissement et crypto,History’s Biggest Finance Fraud - Ponzi Scheme Scam,https://youtu.be/65y-BYQ2aOE,153397,2025-06-04,18,Ashutosh Pratihast,https://www.youtube.com/channel/UCUC3MxBlewPHrnc8QuvJd9w,1670000,non,"Les retraités ciblés par de faux placements « sûrs » : Madoff, pig butchering, faux conseillers.",How Retirees Lost Their Life Savings to a 'Safe' Investment
Arnaques,"Social Security, Medicare, IRS","Scam support, please! | Episode 5 (Government Official Impersonation Scam)",https://youtu.be/-UB_XfR1Ql0,153285,2026-07-09,4,DBS,https://www.youtube.com/channel/UCBhPkAuGks2UkizNMbtW6uw,121000,non,Les scripts des faux agents de l'État et ce que l'administration ne fait jamais.,"5 Things Social Security Will Never Do (If They Do, Hang Up)"
Arnaques,Récits et documentaires d'arnaques,Britain's Biggest Conmen: Inside Criminal Minds - The love rat who scammed a string of fiancees!,https://youtu.be/UuEzJQhe24Y,153022,2025-07-14,46,Glistening Stories,https://www.youtube.com/channel/UCgdRdtMEzwjBW8ZE3uc8FBQ,15400,non,"Les grandes arnaques de l'histoire racontées en documentaire, avec la leçon pour aujourd'hui.",The Con Man Who Fooled America's Grandparents for 20 Years
Vivre chez soi après 60,Sécurité de la maison,12 Essential Assistive Devices for the Elderly and Disabled Seniors Living Alone,https://youtu.be/pnBrbpcvedc,152728,2025-07-11,24,Golden Years,https://www.youtube.com/channel/UCmt9IHErrFbiUQ77dThKpmw,112000,oui,"Très peu de vidéos sur ce sujet, donc de la place. Cambriolages, portes, voisins, appareils simples.",What Burglars Look for in the Homes of People Over 70
Arnaques,Petit-enfant en détresse / clonage de voix IA,"“I Lost £10,000 To A Scammer On Ebay” | This Morning",https://youtu.be/9GSVf48wdcI,152604,2023-05-22,11,This Morning,https://www.youtube.com/channel/UChFsYLqPUyLiZnfRog6wiZA,2540000,non,"Raconter un vrai appel « Grandma, I'm in jail », puis donner la parade du mot de passe familial.","The 'Grandma, I'm in Trouble' Call: How AI Copies Your Grandson's Voice"
Vivre chez soi après 60,Désencombrer et réduire,I Tried Swedish Death Cleaning and It's Brilliant,https://youtu.be/ll7DZPwoN7E,152386,2026-05-25,22,Minimalist Home,https://www.youtube.com/channel/UCFtlm54GqJtdegyj0Bbgzxw,112000,non,"Le « Swedish death cleaning », vendre la maison, et que faire des affaires que personne ne veut.",Nobody Wants Your Stuff: What to Do With Your Things After 70
Arnaques,Récits et documentaires d'arnaques,"I Lost £850,000 to a Con Man | This Morning",https://youtu.be/GKmedMMy0Jc,151935,2017-03-21,4,This Morning,https://www.youtube.com/channel/UChFsYLqPUyLiZnfRog6wiZA,2540000,non,"Les grandes arnaques de l'histoire racontées en documentaire, avec la leçon pour aujourd'hui.",The Con Man Who Fooled America's Grandparents for 20 Years
Arnaques,Arnaques sentimentales,Ex-Army Intelligence Officer LOSES $25k In Romance Scam After Being Widowed!,https://youtu.be/-JQOMOuKR-g,151721,2020-07-15,10,Catfished,https://www.youtube.com/channel/UCns8cwhpu92cYJHAlEfWz_w,664000,oui,"Les veufs et veuves sont les premières cibles. Le récit d'une victime réelle, puis les signaux d'alerte.","She Was 72, Widowed, and Lost $300,000 to a Man She Never Met"
Vivre chez soi après 60,Désencombrer et réduire,10 BRUTAL Truths About DOWNSIZING + 5 Reasons It Might Be the BEST Move You Ever Make,https://youtu.be/CrI1oMvbVHM,151165,2025-06-06,13,Sell Your Home With Kati - Truth in Real Estate®,https://www.youtube.com/channel/UChYYnJlrKrEZySmGzhzj7-Q,85500,non,"Le « Swedish death cleaning », vendre la maison, et que faire des affaires que personne ne veut.",Nobody Wants Your Stuff: What to Do With Your Things After 70
Vivre chez soi après 60,Vivre seul après 70 ans,Surviving And Thriving When Living Alone After 60,https://youtu.be/RataxDoUI5g,150322,2022-05-18,13,Cyn Meyer - Second Wind Movement,https://www.youtube.com/channel/UCimnhbxgejH89y_B2HSci3w,28900,oui,"Ce qui change quand on vit seul, comment rester en sécurité, entouré et autonome.",Living Alone After 75: 9 Things That Keep You Safe and Happy
Vivre chez soi après 60,Désencombrer et réduire,Your surgery journey – eating and moving after surgery,https://youtu.be/f7GTWO_tKbU,149754,2015-06-11,4,Alberta Health Services,https://www.youtube.com/channel/UCzwZNwPALKkvafocMMzPffA,36800,non,"Le « Swedish death cleaning », vendre la maison, et que faire des affaires que personne ne veut.",Nobody Wants Your Stuff: What to Do With Your Things After 70
Vivre chez soi après 60,Argent de la retraite,10 Simple Tips for Living on Social Security Alone,https://youtu.be/_p8TBsvdig0,149208,2025-11-13,19,Holy Schmidt!,https://www.youtube.com/channel/UCl9IwlpNczNQllEfeIrzscQ,477000,oui,"Vivre avec la seule Social Security, quand la demander, les erreurs à éviter.",Retiring With Almost Nothing Saved: 7 Things That Still Work
Arnaques,Récits et documentaires d'arnaques,"SCAMMING BUSINESS | Full Jamaican Movie 2026 | Betrayal, Badmind & Fast Money",https://youtu.be/F6FFWZx3ntw,149203,2026-05-14,96,RICHARD BROWN FILMS ,https://www.youtube.com/channel/UCX6AhB7QdBQAUmRGUh99nLg,302000,non,"Les grandes arnaques de l'histoire racontées en documentaire, avec la leçon pour aujourd'hui.",The Con Man Who Fooled America's Grandparents for 20 Years
Vivre chez soi après 60,Vivre seul après 70 ans,10 Things That Don’t Make Sense When Living Alone After 70,https://youtu.be/mqAuSY01Pqg,148981,2025-08-05,22,Golden Years,https://www.youtube.com/channel/UCmt9IHErrFbiUQ77dThKpmw,112000,oui,"Ce qui change quand on vit seul, comment rester en sécurité, entouré et autonome.",Living Alone After 75: 9 Things That Keep You Safe and Happy
Arnaques,Arnaques sentimentales,Nigerian Romance Scammer EXPOSES Everything!,https://youtu.be/ZXm_ctcHTTo,147947,2021-07-21,13,Catfished,https://www.youtube.com/channel/UCns8cwhpu92cYJHAlEfWz_w,664000,non,"Les veufs et veuves sont les premières cibles. Le récit d'une victime réelle, puis les signaux d'alerte.","She Was 72, Widowed, and Lost $300,000 to a Man She Never Met"
Arnaques,Récits et documentaires d'arnaques,Forced to deceive: Inside the cyber mafia and online scams | DW Documentary,https://youtu.be/ukb68SnVISQ,147495,2026-01-29,42,DW Documentary,https://www.youtube.com/channel/UCW39zufHfsuGgpLviKh297Q,6500000,non,"Les grandes arnaques de l'histoire racontées en documentaire, avec la leçon pour aujourd'hui.",The Con Man Who Fooled America's Grandparents for 20 Years
Vivre chez soi après 60,Désencombrer et réduire,UNBELIEVABLE Closet Transformation for Retired Couple wanting to Downsize,https://youtu.be/wRx8ts68B8g,145808,2025-01-05,56,Space Maker Method,https://www.youtube.com/channel/UC2I0Hq1_xXuX_B5aVepedxg,247000,oui,"Le « Swedish death cleaning », vendre la maison, et que faire des affaires que personne ne veut.",Nobody Wants Your Stuff: What to Do With Your Things After 70
Arnaques,Récits et documentaires d'arnaques,Inside The Mind Of A Romance Fraudster | Scammed | Real Crime,https://youtu.be/UMYJK0RSBbs,145661,2019-08-06,22,Real Crime,https://www.youtube.com/channel/UC1s9576cQFdQq3QTtTxocmA,2180000,non,"Les grandes arnaques de l'histoire racontées en documentaire, avec la leçon pour aujourd'hui.",The Con Man Who Fooled America's Grandparents for 20 Years
Vivre chez soi après 60,Désencombrer et réduire,Ultimate Decluttering Motivation - Scare The Stuff Right Out Of Your House!,https://youtu.be/SiolQPXJ9DA,145113,2025-10-28,25,Clutterbug,https://www.youtube.com/channel/UC_ldgDzMaFzAEHEnIjSlWoA,1300000,non,"Le « Swedish death cleaning », vendre la maison, et que faire des affaires que personne ne veut.",Nobody Wants Your Stuff: What to Do With Your Things After 70
Vivre chez soi après 60,Argent de la retraite,Living on Social Security Alone,https://youtu.be/QSIz3uTKfW0,145049,2020-12-24,6,Holy Schmidt!,https://www.youtube.com/channel/UCl9IwlpNczNQllEfeIrzscQ,477000,oui,"Vivre avec la seule Social Security, quand la demander, les erreurs à éviter.",Retiring With Almost Nothing Saved: 7 Things That Still Work
Arnaques,Faux support technique / piratage,Tech support scam on a Mac,https://youtu.be/8OJhkYdOcfw,144372,2013-10-10,20,Malwarebytes,https://www.youtube.com/channel/UCRAxwkquV9-2NK5bmS_IHAQ,32500,non,"La fenêtre qui bloque l'écran, expliquée pas à pas, avec quoi faire et quoi ne jamais faire.","A Pop-Up Says Your Computer Is Locked — Do This, Not That"
Arnaques,"Social Security, Medicare, IRS",MILLIONS Are Going BROKE Over This Insurance SCAM,https://youtu.be/Feee-3df6OQ,143690,2026-05-01,18,"Dr. Ed Weir, PhD, Former Social Security Manager",https://www.youtube.com/channel/UCou-9ixmPuPQ0uMYjL7aOdA,787000,non,Les scripts des faux agents de l'État et ce que l'administration ne fait jamais.,"5 Things Social Security Will Never Do (If They Do, Hang Up)"
Arnaques,Arnaques sentimentales,Woman Lost LIFE SAVINGS To Romance Scammer Using Another Man's Pictures!,https://youtu.be/_bN7xeX0il8,143590,2021-03-17,10,Catfished,https://www.youtube.com/channel/UCns8cwhpu92cYJHAlEfWz_w,664000,non,"Les veufs et veuves sont les premières cibles. Le récit d'une victime réelle, puis les signaux d'alerte.","She Was 72, Widowed, and Lost $300,000 to a Man She Never Met"
Arnaques,Faux support technique / piratage,I got a scam 'tech support' call and had some fun at the expense of the scammers,https://youtu.be/Oio_GgNDam4,142655,2014-03-16,18,Lon.TV,https://www.youtube.com/channel/UCymYq4Piq0BrhnM18aQzTlg,414000,non,"La fenêtre qui bloque l'écran, expliquée pas à pas, avec quoi faire et quoi ne jamais faire.","A Pop-Up Says Your Computer Is Locked — Do This, Not That"
Vivre chez soi après 60,Désencombrer et réduire,"20 Items Seniors Can Instantly Declutter from Every Room for a Tidier, Clutter Free Home",https://youtu.be/CdumUdfFmDk,142625,2025-10-22,19,Golden Elders,https://www.youtube.com/channel/UC0ARlze4VGhW6pYbUKc9nHQ,25200,oui,"Le « Swedish death cleaning », vendre la maison, et que faire des affaires que personne ne veut.",Nobody Wants Your Stuff: What to Do With Your Things After 70
Arnaques,Arnaques sentimentales,Woman who lost over $1 million to a romance scammer shares her shocking story,https://youtu.be/vO6jwKhX8SM,142589,2025-08-28,48,East Idaho News,https://www.youtube.com/channel/UCd7U6pdRYzU-K_vFqwzLBqQ,632000,non,"Les veufs et veuves sont les premières cibles. Le récit d'une victime réelle, puis les signaux d'alerte.","She Was 72, Widowed, and Lost $300,000 to a Man She Never Met"
Vivre chez soi après 60,Où prendre sa retraite (USA),12 Best California Retirement Towns Nobody Talks About (2026),https://youtu.be/o75dCEq6BE4,142319,2026-04-02,28,InsideCalifornia,https://www.youtube.com/channel/UCYuckXcxq69sh5KcOsVdNWQ,18800,oui,"Classements de villes et d'États selon le coût de la vie, les impôts et la sécurité.",10 Towns Where You Can Retire on Social Security Alone
Arnaques,Arnaques sentimentales,Industrious Catfisher Haunts Famous Musical Duo for Years | Tegan & Sara Case Analysis,https://youtu.be/rNwIOb9lKBw,142025,2024-10-20,18,Dr. Todd Grande,https://www.youtube.com/channel/UCC_0vyFTKk1Nlodo4QsiQkw,1700000,non,"Les veufs et veuves sont les premières cibles. Le récit d'une victime réelle, puis les signaux d'alerte.","She Was 72, Widowed, and Lost $300,000 to a Man She Never Met"
Arnaques,Arnaques sentimentales,Is My Wife Real or a Nigerian Love Scam ᴴᴰ - Dr.Phil Documentary,https://youtu.be/XQqE4BYPW7A,141910,2015-04-22,40,Dr Phil,https://www.youtube.com/channel/UCjhGfLLYItEZtMf05OyYzXw,8570,non,"Les veufs et veuves sont les premières cibles. Le récit d'une victime réelle, puis les signaux d'alerte.","She Was 72, Widowed, and Lost $300,000 to a Man She Never Met"
Arnaques,Récits et documentaires d'arnaques,Teejayx6 on Starting Credit Card Scamming at 11 | Black Market with Michael K. Williams,https://youtu.be/onQrSBbbbR0,141777,2025-12-23,5,VICE TV,https://www.youtube.com/channel/UCWF0PiUvUi3Jma2oFgaiX2w,2770000,non,"Les grandes arnaques de l'histoire racontées en documentaire, avec la leçon pour aujourd'hui.",The Con Man Who Fooled America's Grandparents for 20 Years
Vivre chez soi après 60,Où prendre sa retraite (USA),Best Places to Retire | Worst States to Retire,https://youtu.be/mHtqiE74K54,141657,2019-04-15,6,Arvin Ash,https://www.youtube.com/channel/UCpMcsdZf2KkAnfmxiq2MfMQ,1130000,oui,"Classements de villes et d'États selon le coût de la vie, les impôts et la sécurité.",10 Towns Where You Can Retire on Social Security Alone
Arnaques,"Loterie, cadeaux et colis",Credit Card Scammer Reveals His Secrets!,https://youtu.be/EhKUreoDQOU,140894,2025-10-28,124,Matthew Cox | Inside True Crime,https://www.youtube.com/channel/UC3_qYh4foNgVXI7NzcuxlCA,1250000,non,"Les faux gains, Publishers Clearing House, les SMS de colis, les cartes cadeaux.",'You Won!' — Why a Real Lottery Never Asks You to Pay First
Arnaques,"Social Security, Medicare, IRS",Massive Social Security Fraud EXPOSED - THIS Will CRASH The System,https://youtu.be/n10kLeof_iA,140342,2026-01-15,19,"Dr. Ed Weir, PhD, Former Social Security Manager",https://www.youtube.com/channel/UCou-9ixmPuPQ0uMYjL7aOdA,787000,oui,Les scripts des faux agents de l'État et ce que l'administration ne fait jamais.,"5 Things Social Security Will Never Do (If They Do, Hang Up)"
Arnaques,"Loterie, cadeaux et colis",The gift card scam spreading across Australia | The Business | ABC NEWS,https://youtu.be/Gk3mNIvacBo,140316,2026-08-31,4,ABC News (Australia),https://www.youtube.com/channel/UCVgO39Bk5sMo66-6o6Spn6Q,2630000,non,"Les faux gains, Publishers Clearing House, les SMS de colis, les cartes cadeaux.",'You Won!' — Why a Real Lottery Never Asks You to Pay First
Arnaques,Arnaques au téléphone,Scammers Misuse Bitcoin ATMs To Trick Seniors Into Sending Them Money,https://youtu.be/sCC3Qx4AzoE,138721,2025-11-18,4,Inside Edition,https://www.youtube.com/channel/UC9k-yiEpRHMNVOnOi_aQK8w,13800000,oui,"Expliquer les techniques des appels (le silence de 3 secondes, « Can you hear me? ») et ce qu'il faut répondre.",Why Scammers Stay Silent When You Answer — What to Say Instead
Arnaques,Récits et documentaires d'arnaques,Casanova Con Man - Full Episode Recap | Who The Bleep Did I Marry | ID,https://youtu.be/ivlhb40yCsY,138157,2024-11-15,14,Investigation Discovery,https://www.youtube.com/channel/UC08wrceRCWhajGG4udhETww,1840000,non,"Les grandes arnaques de l'histoire racontées en documentaire, avec la leçon pour aujourd'hui.",The Con Man Who Fooled America's Grandparents for 20 Years
Arnaques,Faux banquiers / usurpation,Bank of America gives refunds to some victims of growing Zelle scam,https://youtu.be/aRo2vFzzUxg,138138,2021-10-13,4,ABC7 News Bay Area,https://www.youtube.com/channel/UCYUbNjkuE4lsr2v1Id2O1oA,707000,non,"Le faux « service fraude » de la banque, Zelle, la carte de débit : ce qu'une vraie banque ne demande jamais.",Your Bank Will Never Ask You This: The Fake Fraud Department Call
Vivre chez soi après 60,"Maison de retraite, résidence, aide",We Toured a Senior Living Facility in Pattaya Thailand… NOT WHAT WE EXPECTED!,https://youtu.be/Gp-ZHROJRKU,137625,2026-09-16,19,Wattstraveling,https://www.youtube.com/channel/UCKH6x3hZyyztlSdlqAFP98A,23600,oui,"Comparer les options et les vrais coûts : rester chez soi, résidence, aide à domicile.",Assisted Living vs Staying Home: The Real Cost
Vivre chez soi après 60,Désencombrer et réduire,50 HACKS for Decluttering Sustainably (where to take things after declutter) | Eco-Minimalism,https://youtu.be/x-TEl9XsX_E,136766,2021-02-03,22,Shelbizleee,https://www.youtube.com/channel/UCv2LNRhF34_v1VNC08ZuooA,407000,non,"Le « Swedish death cleaning », vendre la maison, et que faire des affaires que personne ne veut.",Nobody Wants Your Stuff: What to Do With Your Things After 70
Arnaques,Investissement et crypto,I-Team: Retired Duluth couple loses life savings to phone scammers,https://youtu.be/OanRdptToGE,136586,2024-04-26,6,FOX 5 Atlanta,https://www.youtube.com/channel/UCjHWv2DU5-HLpogAAr386DQ,718000,oui,"Les retraités ciblés par de faux placements « sûrs » : Madoff, pig butchering, faux conseillers.",How Retirees Lost Their Life Savings to a 'Safe' Investment
Arnaques,Faux banquiers / usurpation,Two Con Men Try to Scam a Bank With a Fake Grandpa Story — Fail Miserably,https://youtu.be/tVf94gKZUwM,136403,2026-09-15,57,Crime In All,https://www.youtube.com/channel/UC1oS_xR3f_bOe013bDPaFCw,259000,oui,"Le faux « service fraude » de la banque, Zelle, la carte de débit : ce qu'une vraie banque ne demande jamais.",Your Bank Will Never Ask You This: The Fake Fraud Department Call
Arnaques,Récits et documentaires d'arnaques,"""Words with Friends"" Scam | A Perfect Scam",https://youtu.be/CIe-P2DetLw,135877,2026-07-17,43,FilmRise True Crime,https://www.youtube.com/channel/UCU4BHh9Dwfd7-I_xTZ5037Q,1600000,non,"Les grandes arnaques de l'histoire racontées en documentaire, avec la leçon pour aujourd'hui.",The Con Man Who Fooled America's Grandparents for 20 Years
Arnaques,Récits et documentaires d'arnaques,Murder for Hire | Fatal Fraud,https://youtu.be/72yj5sTfcxA,135566,2026-02-20,47,FilmRise True Crime,https://www.youtube.com/channel/UCU4BHh9Dwfd7-I_xTZ5037Q,1600000,non,"Les grandes arnaques de l'histoire racontées en documentaire, avec la leçon pour aujourd'hui.",The Con Man Who Fooled America's Grandparents for 20 Years
Arnaques,Arnaques sentimentales,Romance scam cost Hilton Head woman $1 million,https://youtu.be/Gmasd4CSxks,135102,2024-02-15,4,WJCL News,https://www.youtube.com/channel/UC4DGZQHLsQRK3v8lKTGu_Uw,115000,non,"Les veufs et veuves sont les premières cibles. Le récit d'une victime réelle, puis les signaux d'alerte.","She Was 72, Widowed, and Lost $300,000 to a Man She Never Met"
Vivre chez soi après 60,Désencombrer et réduire,Why I'm Downsizing Now (So My Kids Don't Have To Later),https://youtu.be/HcFkwKoKQjk,134916,2025-12-02,17,Solo Second Act,https://www.youtube.com/channel/UC-2KBl-NWPdggO4ffD7HHkQ,38000,non,"Le « Swedish death cleaning », vendre la maison, et que faire des affaires que personne ne veut.",Nobody Wants Your Stuff: What to Do With Your Things After 70
Arnaques,Récits et documentaires d'arnaques,The Inheritance | Fatal Fraud,https://youtu.be/KmoBqoQOijM,134464,2026-02-16,47,FilmRise True Crime,https://www.youtube.com/channel/UCU4BHh9Dwfd7-I_xTZ5037Q,1600000,non,"Les grandes arnaques de l'histoire racontées en documentaire, avec la leçon pour aujourd'hui.",The Con Man Who Fooled America's Grandparents for 20 Years
Arnaques,Récits et documentaires d'arnaques,Why we fall for con artists,https://youtu.be/g8H8c0MMdWY,134446,2025-03-28,16,Mr. Beat,https://www.youtube.com/channel/UCmYesELO6axBrCuSpf7S9DQ,1420000,non,"Les grandes arnaques de l'histoire racontées en documentaire, avec la leçon pour aujourd'hui.",The Con Man Who Fooled America's Grandparents for 20 Years
Arnaques,Arnaques sentimentales,"Romance Scams, Fraudsters, and Their Victims",https://youtu.be/PNWM5nuOExI,133969,2023-08-23,11,Dr. Phil,https://www.youtube.com/channel/UCYLR1ghzYNyvfjw78raCuxA,6480000,non,"Les veufs et veuves sont les premières cibles. Le récit d'une victime réelle, puis les signaux d'alerte.","She Was 72, Widowed, and Lost $300,000 to a Man She Never Met"
Arnaques,Arnaques au téléphone,McDonald's Scam Call Case Analysis | Obedience to Authority Meets Gullibility,https://youtu.be/s16Dq2mNtyA,133933,2021-09-02,17,Dr. Todd Grande,https://www.youtube.com/channel/UCC_0vyFTKk1Nlodo4QsiQkw,1700000,non,"Expliquer les techniques des appels (le silence de 3 secondes, « Can you hear me? ») et ce qu'il faut répondre.",Why Scammers Stay Silent When You Answer — What to Say Instead
Vivre chez soi après 60,Prendre sa retraite à l'étranger,Top Best Places to Retire in Europe,https://youtu.be/OisBNMH1cwA,133574,2026-01-23,23,Skerry Harry,https://www.youtube.com/channel/UC0geK8x390Gu_4RUmerxaGg,251000,oui,"Le vrai budget mensuel, les visas, la santé et les pièges dans chaque pays.",Retiring in Mexico on Social Security: The Real Monthly Cost
Arnaques,"Social Security, Medicare, IRS",FOX6 Investigators: Social security fraud,https://youtu.be/I7uxD8lYd4E,133477,2013-07-11,8,FOX6 News Milwaukee,https://www.youtube.com/channel/UCzHN-FjWDMsgfGPvRq7oy-Q,304000,oui,Les scripts des faux agents de l'État et ce que l'administration ne fait jamais.,"5 Things Social Security Will Never Do (If They Do, Hang Up)"
Vivre chez soi après 60,Désencombrer et réduire,My Top 3 Tips to Declutter for a Move,https://youtu.be/blyzGOm-NWg,133269,2024-03-07,10,Dana K White,https://www.youtube.com/channel/UCXJYTIbOnPhWHdqJX5oK_Hw,251000,non,"Le « Swedish death cleaning », vendre la maison, et que faire des affaires que personne ne veut.",Nobody Wants Your Stuff: What to Do With Your Things After 70
Arnaques,Récits et documentaires d'arnaques,Hiring a Scammer to be a Documentary Filmmaker,https://youtu.be/lWfoRV5H-yQ,133197,2018-02-09,8,Matters To That One,https://www.youtube.com/channel/UCZCp1hnwbmsdWG3casjoI8g,434,non,"Les grandes arnaques de l'histoire racontées en documentaire, avec la leçon pour aujourd'hui.",The Con Man Who Fooled America's Grandparents for 20 Years
Vivre chez soi après 60,Vivre seul après 70 ans,3 Things To Expect When Dating A Widower!,https://youtu.be/ss-hgXr79xQ,132627,2019-04-12,6,Apollonia Ponti,https://www.youtube.com/channel/UCYqdbnuvx-jJZByotoNW-5Q,708000,oui,"Ce qui change quand on vit seul, comment rester en sécurité, entouré et autonome.",Living Alone After 75: 9 Things That Keep You Safe and Happy
Arnaques,Faux support technique / piratage,"28 Minutes of Pure Pain for a ""PayPal"" Scammer | BBB Calls Scammers",https://youtu.be/4oCUKbIGbBs,132185,2025-06-27,28,BBB Wisconsin,https://www.youtube.com/channel/UCABiH4MFtftfPtYiN8X1sUg,24800,non,"La fenêtre qui bloque l'écran, expliquée pas à pas, avec quoi faire et quoi ne jamais faire.","A Pop-Up Says Your Computer Is Locked — Do This, Not That"
Vivre chez soi après 60,Vivre seul après 70 ans,ELDERLY LIVING ALONE FINAL,https://youtu.be/mgd4QrS1VzQ,132008,2017-01-11,8,Tsen-Waye Tay,https://www.youtube.com/channel/UC2zZX7pHHnqdhBEPHb-esmQ,360,oui,"Ce qui change quand on vit seul, comment rester en sécurité, entouré et autonome.",Living Alone After 75: 9 Things That Keep You Safe and Happy
Vivre chez soi après 60,Prendre sa retraite à l'étranger,Retire Abroad? These 10 Countries Will Get You Robbed (Or Worse),https://youtu.be/xMbFQ2yplrM,131525,2026-04-03,25,LivingWise Global,https://www.youtube.com/channel/UCCxqaUnO4AUfab7Co2fgEog,13000,oui,"Le vrai budget mensuel, les visas, la santé et les pièges dans chaque pays.",Retiring in Mexico on Social Security: The Real Monthly Cost
Arnaques,Récits et documentaires d'arnaques,Viral CON ARTIST Fakes Cancer & Steals Millions | Elizabeth Teckenbrock Husband Exposes Everything!,https://youtu.be/9UFA9UnAio0,131336,2025-06-01,169,Matthew Cox | Inside True Crime,https://www.youtube.com/channel/UC3_qYh4foNgVXI7NzcuxlCA,1250000,non,"Les grandes arnaques de l'histoire racontées en documentaire, avec la leçon pour aujourd'hui.",The Con Man Who Fooled America's Grandparents for 20 Years
Vivre chez soi après 60,Désencombrer et réduire,Why We Downsized To a Tiny Home For Retirement - $200 a Month,https://youtu.be/DPuXN3fcCg4,131039,2024-12-27,13,Tiny Home Tours,https://www.youtube.com/channel/UCidJftClM4kU1196YynvqXg,1920000,oui,"Le « Swedish death cleaning », vendre la maison, et que faire des affaires que personne ne veut.",Nobody Wants Your Stuff: What to Do With Your Things After 70
Vivre chez soi après 60,Où prendre sa retraite (USA),Cheapest countries to retire (for $1000/mo or less),https://youtu.be/snSOH4PwXXA,130620,2024-03-16,9,Amelia And JP Abroad,https://www.youtube.com/channel/UCG0F-g9cDLMcP6bd3eVowNQ,177000,oui,"Classements de villes et d'États selon le coût de la vie, les impôts et la sécurité.",10 Towns Where You Can Retire on Social Security Alone
Arnaques,Investissement et crypto,San Francisco retiree loses $500K life savings to pig butcher scam despite warnings from family,https://youtu.be/lV356Gx4nhE,130337,2026-02-19,5,ABC7 News Bay Area,https://www.youtube.com/channel/UCYUbNjkuE4lsr2v1Id2O1oA,707000,oui,"Les retraités ciblés par de faux placements « sûrs » : Madoff, pig butchering, faux conseillers.",How Retirees Lost Their Life Savings to a 'Safe' Investment
Arnaques,Faux banquiers / usurpation,Identity Theft Documentary: An Educational Documentary,https://youtu.be/ziHI8htZV5g,130245,2012-07-16,28,Freddy Barnes (Freddy),https://www.youtube.com/channel/UCWH_Xz231aogHoibe5pWliw,233,non,"Le faux « service fraude » de la banque, Zelle, la carte de débit : ce qu'une vraie banque ne demande jamais.",Your Bank Will Never Ask You This: The Fake Fraud Department Call
Vivre chez soi après 60,Vivre seul après 70 ans,Managing the PITY you feel for the AGING NARCISSIST,https://youtu.be/iWB7T1P6EmY,130173,2024-04-16,8,DoctorRamani,https://www.youtube.com/channel/UC9Qixc77KhCo88E5muxUjmA,2140000,oui,"Ce qui change quand on vit seul, comment rester en sécurité, entouré et autonome.",Living Alone After 75: 9 Things That Keep You Safe and Happy
Vivre chez soi après 60,Communautés 55+,I Moved Into a 55+ Community One Year Ago... Now I'm Not So Sure,https://youtu.be/iCEIy5Yb2gA,129748,2026-06-14,17,Solo Second Act,https://www.youtube.com/channel/UC-2KBl-NWPdggO4ffD7HHkQ,38000,oui,"Visites, avantages et défauts, et ce que les vendeurs ne disent pas.",Why People Are Leaving 55+ Communities (What Sales Agents Won't Say)
Vivre chez soi après 60,Où prendre sa retraite (USA),Quiet Places in Florida to Retire on a Budget,https://youtu.be/vlhheCE9ka4,129509,2024-08-29,11,Across The Globe,https://www.youtube.com/channel/UC7nxrwA8qPfe7udQPhxvYkw,308000,oui,"Classements de villes et d'États selon le coût de la vie, les impôts et la sécurité.",10 Towns Where You Can Retire on Social Security Alone
Vivre chez soi après 60,"Maison de retraite, résidence, aide",Affordable Independent Living for Seniors in Mexico,https://youtu.be/x3zEJSmDyj0,129370,2025-02-16,20,Almost Retired in Mexico,https://www.youtube.com/channel/UCwu5iBZbFBlylhdGYcvGAJA,56600,oui,"Comparer les options et les vrais coûts : rester chez soi, résidence, aide à domicile.",Assisted Living vs Staying Home: The Real Cost
Arnaques,Récits et documentaires d'arnaques,How Hackers Empty Your Bank Account,https://youtu.be/q8Be9s9JLFA,129253,2025-09-12,15,Shadow Markets,https://www.youtube.com/channel/UC2Ty4ChkXyr-wT2EtwtcM_A,5170,non,"Les grandes arnaques de l'histoire racontées en documentaire, avec la leçon pour aujourd'hui.",The Con Man Who Fooled America's Grandparents for 20 Years
Arnaques,"Loterie, cadeaux et colis",Lottery: The Biggest Scam Ever - By Chosen King,https://youtu.be/nHKKA_B_a9Y,129017,2019-01-28,7,POWER OF GOD - G2G,https://www.youtube.com/channel/UCDX-5ta-XuE_qUkhZfy_Jlg,126000,non,"Les faux gains, Publishers Clearing House, les SMS de colis, les cartes cadeaux.",'You Won!' — Why a Real Lottery Never Asks You to Pay First
Arnaques,Arnaques à domicile,THESE Home Repair Scams Are EXPLODING in 2026,https://youtu.be/KHVDcIdH90Y,128955,2026-03-18,39,Rossen Reports,https://www.youtube.com/channel/UC7PYy5Tx1WhbnGKc3KJeRKw,711000,non,"Le faux couvreur après l'orage, le faux employé du gaz, le garagiste malhonnête.",The Roofer Who Knocks After a Storm: 6 Home Repair Scams Targeting Seniors
Vivre chez soi après 60,Où prendre sa retraite (USA),10 Sunny Retirement Destinations You’ll Love More Than Florida,https://youtu.be/dqzDRk7A0sw,128382,2025-07-18,29,Phil's World.,https://www.youtube.com/channel/UCFwUvTCdjg-A_YkaRy-wQQA,1850,oui,"Classements de villes et d'États selon le coût de la vie, les impôts et la sécurité.",10 Towns Where You Can Retire on Social Security Alone
Arnaques,Investissement et crypto,Retirement is a Scam ..... lol,https://youtu.be/hGTxPKuJYCc,128248,2024-03-30,24,Jack Morgan RLP,https://www.youtube.com/channel/UCcba5Brk3KgbdG9dJiLuMdQ,251000,oui,"Les retraités ciblés par de faux placements « sûrs » : Madoff, pig butchering, faux conseillers.",How Retirees Lost Their Life Savings to a 'Safe' Investment
Arnaques,"Loterie, cadeaux et colis",I Investigated India’s Biggest Scam (But No One Cares),https://youtu.be/gahXQxj15J0,128143,2026-05-23,20,Keerthi,https://www.youtube.com/channel/UCK-HHyVCfKYzhxVOJgBt73w,2970000,non,"Les faux gains, Publishers Clearing House, les SMS de colis, les cartes cadeaux.",'You Won!' — Why a Real Lottery Never Asks You to Pay First
Arnaques,Investissement et crypto,The Biggest Ponzi Scheme Explained with Bananas,https://youtu.be/dB10EUmjHyc,127965,2026-08-21,11,Primate Economics,https://www.youtube.com/channel/UC14Fb2zWTEZklONPXFbLrTQ,576000,non,"Les retraités ciblés par de faux placements « sûrs » : Madoff, pig butchering, faux conseillers.",How Retirees Lost Their Life Savings to a 'Safe' Investment
Vivre chez soi après 60,Désencombrer et réduire,Whole House Declutter | Swedish Death Cleaning Part 2,https://youtu.be/6AMtBmCZv70,126719,2023-08-27,12,Joyful Living with Jen Lefforge,https://www.youtube.com/channel/UC-ZEQgA6jc9SPIg7wq4QxTA,84700,non,"Le « Swedish death cleaning », vendre la maison, et que faire des affaires que personne ne veut.",Nobody Wants Your Stuff: What to Do With Your Things After 70
Vivre chez soi après 60,Désencombrer et réduire,93 NORMAL THINGS to DECLUTTER RIGHT NOW. (you won't miss them at all),https://youtu.be/Y4yGJydtrLM,126578,2026-01-20,50,Madisun Gray,https://www.youtube.com/channel/UCv0Mjie3aROz-50NfyHFNwg,146000,non,"Le « Swedish death cleaning », vendre la maison, et que faire des affaires que personne ne veut.",Nobody Wants Your Stuff: What to Do With Your Things After 70
Vivre chez soi après 60,Où prendre sa retraite (USA),5 Best Places to Retire in the Philippines (2025 Guide) +1 to AVOID!,https://youtu.be/TFu16I93agQ,125592,2025-07-16,33,Fly Me To The Philippines,https://www.youtube.com/channel/UCThSKb_r5qtyeRfIPqNrvtA,51400,oui,"Classements de villes et d'États selon le coût de la vie, les impôts et la sécurité.",10 Towns Where You Can Retire on Social Security Alone
Arnaques,Faux support technique / piratage,"TECH SUPPORT SCAMMER ACTUALLY ""FIXES"" MY COMPUTER",https://youtu.be/PyaS1y0270c,124646,2016-07-18,29,Each&Everything,https://www.youtube.com/channel/UCQrAHGpBz3PqBV4-_9PdDcA,26300,non,"La fenêtre qui bloque l'écran, expliquée pas à pas, avec quoi faire et quoi ne jamais faire.","A Pop-Up Says Your Computer Is Locked — Do This, Not That"
Arnaques,Arnaques sentimentales,'My Mother-in-Law Lost Her Life Savings to a Scam & Died Trying to Get It Back' | This Morning,https://youtu.be/G8Ojz94clOM,124467,2026-05-01,11,This Morning,https://www.youtube.com/channel/UChFsYLqPUyLiZnfRog6wiZA,2540000,non,"Les veufs et veuves sont les premières cibles. Le récit d'une victime réelle, puis les signaux d'alerte.","She Was 72, Widowed, and Lost $300,000 to a Man She Never Met"
Vivre chez soi après 60,Prendre sa retraite à l'étranger,I Asked 10 Expats How Much They Saved to Retire Abroad,https://youtu.be/D5rmAXV2G2Q,124320,2026-07-18,24,Evan Eh! 🇨🇦,https://www.youtube.com/channel/UC224bB24ee43tWYpaD6QWkQ,115000,oui,"Le vrai budget mensuel, les visas, la santé et les pièges dans chaque pays.",Retiring in Mexico on Social Security: The Real Monthly Cost
Vivre chez soi après 60,Communautés 55+,I Spent 24 HOURS in the Most Fancy GAY Retirement Home in America,https://youtu.be/xdVUp8Vrznw,123478,2025-11-04,25,Matt Cullen,https://www.youtube.com/channel/UCWnnl39s0PsEo2a9GXdm8nw,356000,oui,"Visites, avantages et défauts, et ce que les vendeurs ne disent pas.",Why People Are Leaving 55+ Communities (What Sales Agents Won't Say)
Arnaques,Faux banquiers / usurpation,Bank Scams: How Far Would Cyber Criminals Go? | Talking Point | Full Episode,https://youtu.be/Vt9nyLRb-_0,123370,2022-03-21,22,CNA Insider,https://www.youtube.com/channel/UC_Lnb8ZHqqgLbp-7hltuT9w,2700000,non,"Le faux « service fraude » de la banque, Zelle, la carte de débit : ce qu'une vraie banque ne demande jamais.",Your Bank Will Never Ask You This: The Fake Fraud Department Call
Vivre chez soi après 60,Prendre sa retraite à l'étranger,I Retired to the Philippines at 71. These 10 Lessons Changed Everything,https://youtu.be/A-lTvVd-74I,123258,2026-06-14,45,Philippines Life Unfiltered,https://www.youtube.com/channel/UCCTrw_BMx5JkmENW5Or0KHA,10700,oui,"Le vrai budget mensuel, les visas, la santé et les pièges dans chaque pays.",Retiring in Mexico on Social Security: The Real Monthly Cost
Vivre chez soi après 60,Désencombrer et réduire,5 Tips For Helping Your BABY BOOMER Parents Declutter (+ Homary Review),https://youtu.be/4KRIso4CEVY,122999,2023-07-02,11,Space Maker Method,https://www.youtube.com/channel/UC2I0Hq1_xXuX_B5aVepedxg,247000,non,"Le « Swedish death cleaning », vendre la maison, et que faire des affaires que personne ne veut.",Nobody Wants Your Stuff: What to Do With Your Things After 70
Vivre chez soi après 60,"Maison de retraite, résidence, aide",India's Senior Living Market to Reach $12 Billion by 2030 | Vantage with Palki Sharma,https://youtu.be/tlumKxhKnPo,122571,2024-05-16,6,Firstpost,https://www.youtube.com/channel/UCz8QaiQxApLq8sLNcszYyJw,9760000,oui,"Comparer les options et les vrais coûts : rester chez soi, résidence, aide à domicile.",Assisted Living vs Staying Home: The Real Cost
Vivre chez soi après 60,Prendre sa retraite à l'étranger,Top 3 BEST Countries to Retire in Southeast Asia in 2026 (It’s Not the Cheapest!),https://youtu.be/I-OBkgG29Gk,122431,2026-09-19,34,With Dee,https://www.youtube.com/channel/UCFNCcuk2pvAU0BXwPh3rMjA,94600,oui,"Le vrai budget mensuel, les visas, la santé et les pièges dans chaque pays.",Retiring in Mexico on Social Security: The Real Monthly Cost
Arnaques,Faux banquiers / usurpation,SCAM ALERT! - The SCARIEST Scams Draining People’s BANK ACCOUNTS | 1-Hour Marathon!,https://youtu.be/l5QdgxekuwI,121606,2026-09-30,67,Scams & Frauds,https://www.youtube.com/channel/UCWJcs8BeWSiHXxjgLKyHwUQ,23500,non,"Le faux « service fraude » de la banque, Zelle, la carte de débit : ce qu'une vraie banque ne demande jamais.",Your Bank Will Never Ask You This: The Fake Fraud Department Call
Arnaques,Arnaques au téléphone,Scammers use frantic phone call to drain Oakland woman's life savings,https://youtu.be/dCi0vihleiI,121142,2026-09-03,4,ABC7 News Bay Area,https://www.youtube.com/channel/UCYUbNjkuE4lsr2v1Id2O1oA,707000,non,"Expliquer les techniques des appels (le silence de 3 secondes, « Can you hear me? ») et ce qu'il faut répondre.",Why Scammers Stay Silent When You Answer — What to Say Instead
Vivre chez soi après 60,Sécurité de la maison,25 Cheap Grandma’s Winter Survival Tricks for Seniors Living Alone,https://youtu.be/71oGtYtEhaM,120794,2026-09-28,33,Wonders,https://www.youtube.com/channel/UCmGizvYWqUH3DGYEgRbHr8g,180000,oui,"Très peu de vidéos sur ce sujet, donc de la place. Cambriolages, portes, voisins, appareils simples.",What Burglars Look for in the Homes of People Over 70
Arnaques,"Loterie, cadeaux et colis",VERIFY: Do people really win the Publishers Clearing House Sweepstakes or is it a scam?,https://youtu.be/EeaoIbygNhc,120088,2020-12-12,4,KARE 11,https://www.youtube.com/channel/UC1JAwKeDUjN2orv5t7LWODQ,461000,non,"Les faux gains, Publishers Clearing House, les SMS de colis, les cartes cadeaux.",'You Won!' — Why a Real Lottery Never Asks You to Pay First
Vivre chez soi après 60,Où prendre sa retraite (USA),#1 Best State To Retire 2027 (For Solo Retirees and Couples),https://youtu.be/b4wrM8QVG2I,120029,2026-09-05,18,Keith Lucas,https://www.youtube.com/channel/UCppKNQLWeYSPeKxf3PeoBgw,52000,oui,"Classements de villes et d'États selon le coût de la vie, les impôts et la sécurité.",10 Towns Where You Can Retire on Social Security Alone
Arnaques,Arnaques à domicile,Scam Alert!!! Doordash Drivers Beware!!! This Happened While Doordashing Last Night!,https://youtu.be/58jKaIVV4eE,119948,2026-01-09,13,DrivingDaily,https://www.youtube.com/channel/UC_ZBsUHgVJ_OOA_rlmPKcfw,10700,non,"Le faux couvreur après l'orage, le faux employé du gaz, le garagiste malhonnête.",The Roofer Who Knocks After a Storm: 6 Home Repair Scams Targeting Seniors
Arnaques,"Social Security, Medicare, IRS",This IRS scammer is bad at her job,https://youtu.be/x8NtNn3qKvk,119898,2018-04-23,7,BBB Wisconsin,https://www.youtube.com/channel/UCABiH4MFtftfPtYiN8X1sUg,24800,non,Les scripts des faux agents de l'État et ce que l'administration ne fait jamais.,"5 Things Social Security Will Never Do (If They Do, Hang Up)"
Vivre chez soi après 60,Où prendre sa retraite (USA),"10 Florida Towns Where Retirees Can Actually Live on $1,000/M",https://youtu.be/RU181WrwO6E,118339,2026-06-26,28,Go Find America,https://www.youtube.com/channel/UCfT8LMtHB5bU11RUOaU_9lQ,4380,oui,"Classements de villes et d'États selon le coût de la vie, les impôts et la sécurité.",10 Towns Where You Can Retire on Social Security Alone
Vivre chez soi après 60,Vivre seul après 70 ans,10 Things That Instantly Make Living Alone Easier After 60,https://youtu.be/r7gOR26gpKo,118302,2026-09-21,20,Senior Home Tricks,https://www.youtube.com/channel/UCT7AnzqTz4hKzfc8Wh2gfmA,5360,oui,"Ce qui change quand on vit seul, comment rester en sécurité, entouré et autonome.",Living Alone After 75: 9 Things That Keep You Safe and Happy
Arnaques,Faux support technique / piratage,Every SCAM Explained in 12 Minutes,https://youtu.be/gIOz1dZGllg,117980,2024-04-02,12,The Evaluator,https://www.youtube.com/channel/UCc7p7J9tem8-18oJ0JzYOGg,783000,non,"La fenêtre qui bloque l'écran, expliquée pas à pas, avec quoi faire et quoi ne jamais faire.","A Pop-Up Says Your Computer Is Locked — Do This, Not That"
Vivre chez soi après 60,Où prendre sa retraite (USA),The Best Places to Retire Abroad in 2025,https://youtu.be/vRo_U2XJ5ZQ,117956,2025-04-27,35,Traveling with Kristin,https://www.youtube.com/channel/UCS2ezhBvebMx6BUL-4qpadQ,310000,oui,"Classements de villes et d'États selon le coût de la vie, les impôts et la sécurité.",10 Towns Where You Can Retire on Social Security Alone
Vivre chez soi après 60,Désencombrer et réduire,7 Decluttering Hacks for Seniors That Make Organizing Totally Useless,https://youtu.be/B1_VYYb3e8A,117946,2025-07-10,33,Golden Elders,https://www.youtube.com/channel/UC0ARlze4VGhW6pYbUKc9nHQ,25200,oui,"Le « Swedish death cleaning », vendre la maison, et que faire des affaires que personne ne veut.",Nobody Wants Your Stuff: What to Do With Your Things After 70
Vivre chez soi après 60,Désencombrer et réduire,5 Truths Minimalists Don’t Tell You - The Dark Side of Decluttering,https://youtu.be/yMSjxQnPM-I,117638,2025-06-14,22,Simple Happy Zen,https://www.youtube.com/channel/UC5c3csRaQTw9ZnHge1mTw4A,364000,non,"Le « Swedish death cleaning », vendre la maison, et que faire des affaires que personne ne veut.",Nobody Wants Your Stuff: What to Do With Your Things After 70
Vivre chez soi après 60,Prendre sa retraite à l'étranger,79 Year-old Widow Thrives in Mexico,https://youtu.be/cZt1tmRyuXo,117188,2025-11-23,21,Retired Life Mexico,https://www.youtube.com/channel/UCLxjfizL69wyASENEVNgRKA,11700,oui,"Le vrai budget mensuel, les visas, la santé et les pièges dans chaque pays.",Retiring in Mexico on Social Security: The Real Monthly Cost
Vivre chez soi après 60,Désencombrer et réduire,Harsh Truths About Decluttering Your House - Darkside of Minimalism,https://youtu.be/xQp03XajeN0,116362,2025-10-20,8,Connie Riet,https://www.youtube.com/channel/UCJFsBc-sxyh3nGDHBthMDTQ,196000,non,"Le « Swedish death cleaning », vendre la maison, et que faire des affaires que personne ne veut.",Nobody Wants Your Stuff: What to Do With Your Things After 70
Vivre chez soi après 60,Où prendre sa retraite (USA),Top 10 Places to Retire in California in 2026!,https://youtu.be/_MY2FIdRSP8,115700,2025-03-06,17,The Retirement Scout,https://www.youtube.com/channel/UCqYnncslNU9zOnCkuAxjT7A,1430,oui,"Classements de villes et d'États selon le coût de la vie, les impôts et la sécurité.",10 Towns Where You Can Retire on Social Security Alone
Arnaques,Faux banquiers / usurpation,"As scams soar on Zelle, so does debate over who’s to blame",https://youtu.be/1XkTTrDWOYQ,115392,2022-04-01,5,WGN News,https://www.youtube.com/channel/UCDrLGkZTcNCshOLiKi5NtEw,706000,non,"Le faux « service fraude » de la banque, Zelle, la carte de débit : ce qu'une vraie banque ne demande jamais.",Your Bank Will Never Ask You This: The Fake Fraud Department Call
Arnaques,Faux support technique / piratage,The Scam that Stunned India: Satyam Computer Services,https://youtu.be/wZULTqtrpnw,115014,2023-06-07,10,Wall Street Millennial,https://www.youtube.com/channel/UCUyH4QfXX-5NOT0bULqG6lQ,370000,non,"La fenêtre qui bloque l'écran, expliquée pas à pas, avec quoi faire et quoi ne jamais faire.","A Pop-Up Says Your Computer Is Locked — Do This, Not That"
Vivre chez soi après 60,Où prendre sa retraite (USA),10 Unseen Best Places to Retire in Tennessee in 2025,https://youtu.be/PXPxsYyfJHA,114685,2025-12-18,18,State Scout,https://www.youtube.com/channel/UCSwlS3rvEkL1rW1A6wc9R1Q,9460,oui,"Classements de villes et d'États selon le coût de la vie, les impôts et la sécurité.",10 Towns Where You Can Retire on Social Security Alone
Arnaques,Arnaques au téléphone,8 New Money Scams to Watch Out For,https://youtu.be/IL3qR3vu_x8,114226,2025-04-04,7,Rachel Cruze,https://www.youtube.com/channel/UCt59W0ScV709iwy2h-oiulQ,648000,non,"Expliquer les techniques des appels (le silence de 3 secondes, « Can you hear me? ») et ce qu'il faut répondre.",Why Scammers Stay Silent When You Answer — What to Say Instead
Arnaques,"Loterie, cadeaux et colis",10 Lottery Winners Who Were Scammed Out Of Their Fortune,https://youtu.be/y5ZUh8puhDk,113390,2026-05-22,53,Investigative Roundtable,https://www.youtube.com/channel/UC1LsdAtowdgMjRY7SK3-1Vg,7820,non,"Les faux gains, Publishers Clearing House, les SMS de colis, les cartes cadeaux.",'You Won!' — Why a Real Lottery Never Asks You to Pay First
Arnaques,Arnaques au téléphone,Have You Ever Got Scam Callers To Stop Calling? (r/AskReddit),https://youtu.be/JyrbNgPfpB4,113296,2020-03-22,21,Updoot Studios,https://www.youtube.com/channel/UCEqKKebvZbAQoD3NRIn4jaQ,436000,non,"Expliquer les techniques des appels (le silence de 3 secondes, « Can you hear me? ») et ce qu'il faut répondre.",Why Scammers Stay Silent When You Answer — What to Say Instead
Arnaques,Arnaques sentimentales,Romance Scam Victim Lost $1.6 Million Dollars in Crypto Scam | Lang’s Interview,https://youtu.be/xPY_AIc9cWc,112411,2026-06-07,53,DatingtoWin,https://www.youtube.com/channel/UCWfnMYXFqLjJdu8wEsKL2OQ,9780,non,"Les veufs et veuves sont les premières cibles. Le récit d'une victime réelle, puis les signaux d'alerte.","She Was 72, Widowed, and Lost $300,000 to a Man She Never Met"
Arnaques,Investissement et crypto,Pig Butchering: The Romance Scam That Destroys Lives- How It Really Works,https://youtu.be/1NCqcnZDDXM,112379,2026-03-07,24,RomConned,https://www.youtube.com/channel/UCyk3KU5ynABFDRFLSdQlQAw,223000,non,"Les retraités ciblés par de faux placements « sûrs » : Madoff, pig butchering, faux conseillers.",How Retirees Lost Their Life Savings to a 'Safe' Investment
Arnaques,Récits et documentaires d'arnaques,The $800 Million Startup That Scammed Its Customers,https://youtu.be/qpZ_50bfzpQ,112088,2025-08-15,54,Real Stories,https://www.youtube.com/channel/UCu4XcDBdnZkV6-5z2f16M0g,6760000,non,"Les grandes arnaques de l'histoire racontées en documentaire, avec la leçon pour aujourd'hui.",The Con Man Who Fooled America's Grandparents for 20 Years
Vivre chez soi après 60,Argent de la retraite,LIVING ON SOCIAL SECURITY ALONE (4 Tips),https://youtu.be/gdgTwJLHmWM,111811,2025-02-13,13,Ronnie Christian  / Retired Life,https://www.youtube.com/channel/UC9exX52gZUF1R9tap8sR_sA,91500,oui,"Vivre avec la seule Social Security, quand la demander, les erreurs à éviter.",Retiring With Almost Nothing Saved: 7 Things That Still Work
Arnaques,Investissement et crypto,My Husband Gave Away All Of Our Retirement In A Scam,https://youtu.be/qquILHxhnt4,111344,2025-08-24,10,The Ramsey Show Highlights,https://www.youtube.com/channel/UC7eBNeDW1GQf2NJQ6G6gAxw,4600000,oui,"Les retraités ciblés par de faux placements « sûrs » : Madoff, pig butchering, faux conseillers.",How Retirees Lost Their Life Savings to a 'Safe' Investment
Vivre chez soi après 60,Prendre sa retraite à l'étranger,The FIVE BEST Countries to Retire in Europe,https://youtu.be/cw33ORo7k2g,111281,2024-10-12,15,ExpatsEverywhere,https://www.youtube.com/channel/UCulfYfis1maQDayjUmf-_bw,100000,oui,"Le vrai budget mensuel, les visas, la santé et les pièges dans chaque pays.",Retiring in Mexico on Social Security: The Real Monthly Cost
Arnaques,"Loterie, cadeaux et colis",Is It Even Possible to Avoid the Gift Card Scam?,https://youtu.be/x8-pzToSRSw,111204,2023-12-13,9,Steve Lehto,https://www.youtube.com/channel/UCMljRGC0eBJrxbUorWEnasg,634000,non,"Les faux gains, Publishers Clearing House, les SMS de colis, les cartes cadeaux.",'You Won!' — Why a Real Lottery Never Asks You to Pay First
Vivre chez soi après 60,Où prendre sa retraite (USA),7 U.S. Islands Where Americans Can Retire Without Leaving America,https://youtu.be/ql2cegvkGaw,111181,2026-08-11,26,Restful Wealth,https://www.youtube.com/channel/UC8YvQpqqnxCenV3kPNm0fWg,42200,oui,"Classements de villes et d'États selon le coût de la vie, les impôts et la sécurité.",10 Towns Where You Can Retire on Social Security Alone
Arnaques,Arnaques à domicile,Mike Helps 52 Families Scammed by Cunning Contractor | Holmes on Homes 501,https://youtu.be/ASVjaQ07-6Q,110999,2024-09-05,46,HomefulTV,https://www.youtube.com/channel/UCXNLAoVVrQIw9EMzIjuLUZQ,161000,non,"Le faux couvreur après l'orage, le faux employé du gaz, le garagiste malhonnête.",The Roofer Who Knocks After a Storm: 6 Home Repair Scams Targeting Seniors
Arnaques,"Loterie, cadeaux et colis",What is gift card draining? How to prevent getting scammed,https://youtu.be/PmFyCisU5Bs,110794,2023-12-20,4,TODAY,https://www.youtube.com/channel/UChDKyKQ59fYz3JO2fl0Z6sg,5110000,non,"Les faux gains, Publishers Clearing House, les SMS de colis, les cartes cadeaux.",'You Won!' — Why a Real Lottery Never Asks You to Pay First
Vivre chez soi après 60,Où prendre sa retraite (USA),The 4 Best States To Retire In,https://youtu.be/U0WITwnrSgg,110541,2025-03-10,15,"Ari Taublieb, CFP®",https://www.youtube.com/channel/UC8pFXyHfzI9jTtRQDQpS3Hw,88700,oui,"Classements de villes et d'États selon le coût de la vie, les impôts et la sécurité.",10 Towns Where You Can Retire on Social Security Alone
Arnaques,Arnaques au téléphone,I Called My Bank Instead… Scammers LOST THEIR MINDS ($10K Scam),https://youtu.be/ok_vBCDMin0,109996,2026-03-28,31,Rinoa Poison,https://www.youtube.com/channel/UCu0han9M-bdOvEEYKSXnzdw,345000,non,"Expliquer les techniques des appels (le silence de 3 secondes, « Can you hear me? ») et ce qu'il faut répondre.",Why Scammers Stay Silent When You Answer — What to Say Instead
Arnaques,"Social Security, Medicare, IRS",The Social Security Scam They Don't Want You To Know,https://youtu.be/CkcyMsbUmA4,109808,2025-10-09,18,"Dr. Ed Weir, PhD, Former Social Security Manager",https://www.youtube.com/channel/UCou-9ixmPuPQ0uMYjL7aOdA,787000,oui,Les scripts des faux agents de l'État et ce que l'administration ne fait jamais.,"5 Things Social Security Will Never Do (If They Do, Hang Up)"
Arnaques,Arnaques à domicile,She Sued for Her Deposit After Discovering an Illegal Utility Scam! | Judge Faith,https://youtu.be/JzO-OUbOTs8,109551,2026-05-12,58,Judge Faith,https://www.youtube.com/channel/UCXuvZhQV4_j998JD0pOVpFw,261000,non,"Le faux couvreur après l'orage, le faux employé du gaz, le garagiste malhonnête.",The Roofer Who Knocks After a Storm: 6 Home Repair Scams Targeting Seniors
Vivre chez soi après 60,Désencombrer et réduire,WHY Our Latest Downsizing Attempt Forced us to Make Difficult Decisions,https://youtu.be/jAdXUoifav4,109513,2024-11-19,13,Retirement Transformed,https://www.youtube.com/channel/UCzDjptiqcDXzoeJi4D2Y_7w,160000,non,"Le « Swedish death cleaning », vendre la maison, et que faire des affaires que personne ne veut.",Nobody Wants Your Stuff: What to Do With Your Things After 70
Arnaques,Faux support technique / piratage,Get RID of FAKE McAfee PopUps & VIRUS | Remove McAfee from PC (NEW*),https://youtu.be/YgEY5L4lYW0,109304,2023-09-11,7,Crown GEEK,https://www.youtube.com/channel/UCcUxc2ws1fOBAA6JvlPzMKg,218000,non,"La fenêtre qui bloque l'écran, expliquée pas à pas, avec quoi faire et quoi ne jamais faire.","A Pop-Up Says Your Computer Is Locked — Do This, Not That"
Vivre chez soi après 60,Désencombrer et réduire,Decluttering My Entire Apartment Before 2024 | MINIMALISM Tips (Whole House Declutter),https://youtu.be/BV-nhKmH7qo,108858,2023-12-02,39,Simple Happy Zen,https://www.youtube.com/channel/UC5c3csRaQTw9ZnHge1mTw4A,364000,non,"Le « Swedish death cleaning », vendre la maison, et que faire des affaires que personne ne veut.",Nobody Wants Your Stuff: What to Do With Your Things After 70
Arnaques,Faux banquiers / usurpation,Bank Scammer Finally Gets What She Deserves,https://youtu.be/0YCsUcOxqDY,108667,2026-04-05,89,Crime In All,https://www.youtube.com/channel/UC1oS_xR3f_bOe013bDPaFCw,259000,non,"Le faux « service fraude » de la banque, Zelle, la carte de débit : ce qu'une vraie banque ne demande jamais.",Your Bank Will Never Ask You This: The Fake Fraud Department Call
Vivre chez soi après 60,Désencombrer et réduire,"5 Harsh Truths about Decluttering — What NO ONE talks about, but you need to know!",https://youtu.be/q7MLlckoZRM,108345,2025-10-22,15,Retirement Transformed,https://www.youtube.com/channel/UCzDjptiqcDXzoeJi4D2Y_7w,160000,non,"Le « Swedish death cleaning », vendre la maison, et que faire des affaires que personne ne veut.",Nobody Wants Your Stuff: What to Do With Your Things After 70
Arnaques,Arnaques au téléphone,10 Common eBay Scams (and How to Avoid Them),https://youtu.be/3lD8CnX1wYo,108141,2022-01-20,13,Coach Commerce,https://www.youtube.com/channel/UC4u1KJMgvjAKBa8ZCMnLUtw,27500,non,"Expliquer les techniques des appels (le silence de 3 secondes, « Can you hear me? ») et ce qu'il faut répondre.",Why Scammers Stay Silent When You Answer — What to Say Instead
Vivre chez soi après 60,Désencombrer et réduire,MINIMALISM - YOUR KIDS DON'T WANT YOUR STUFF!,https://youtu.be/tciXzD2w6kA,108026,2023-07-24,21,Prepper Princess,https://www.youtube.com/channel/UCWLJvbNiv5GTOIK1K9o1TMg,357000,non,"Le « Swedish death cleaning », vendre la maison, et que faire des affaires que personne ne veut.",Nobody Wants Your Stuff: What to Do With Your Things After 70
Arnaques,Faux banquiers / usurpation,The Zelle Scam No One Has Told You About (Until Now),https://youtu.be/4FTJMjpybaI,107975,2018-10-27,23,Autohitch,https://www.youtube.com/channel/UCEYPZXvOOMPCUhXuBwubwYQ,1340,non,"Le faux « service fraude » de la banque, Zelle, la carte de débit : ce qu'une vraie banque ne demande jamais.",Your Bank Will Never Ask You This: The Fake Fraud Department Call
Vivre chez soi après 60,Désencombrer et réduire,Hoarders ❤️ Swedish Death Cleaning almost killed me,https://youtu.be/HYAtOc5aX6A,107737,2023-02-14,11,A Hoarder's Heart,https://www.youtube.com/channel/UCX6kzJb0vMVQYUTStsCATGQ,61100,non,"Le « Swedish death cleaning », vendre la maison, et que faire des affaires que personne ne veut.",Nobody Wants Your Stuff: What to Do With Your Things After 70
Vivre chez soi après 60,Désencombrer et réduire,Here's Why Downsizing In Retirement Is A BAD Idea...,https://youtu.be/zhMArpGADPg,107595,2023-06-14,11,Retirement Transformed,https://www.youtube.com/channel/UCzDjptiqcDXzoeJi4D2Y_7w,160000,oui,"Le « Swedish death cleaning », vendre la maison, et que faire des affaires que personne ne veut.",Nobody Wants Your Stuff: What to Do With Your Things After 70
Vivre chez soi après 60,"Maison de retraite, résidence, aide",Designing Accessible Homes for Everyone 🏡 Aging in Place & People with Disabilities,https://youtu.be/IHo554Hix-w,107318,2023-07-31,18,Nick Lewis,https://www.youtube.com/channel/UCnjhet_jt-oijILXoOzCZjg,807000,oui,"Comparer les options et les vrais coûts : rester chez soi, résidence, aide à domicile.",Assisted Living vs Staying Home: The Real Cost
Arnaques,Investissement et crypto,92-year-old woman loses life savings in online scam,https://youtu.be/pGWXrjaNg-g,107001,2024-09-25,4,CBS News,https://www.youtube.com/channel/UC8p1vwvWtl6T73JiExfWs1g,7100000,non,"Les retraités ciblés par de faux placements « sûrs » : Madoff, pig butchering, faux conseillers.",How Retirees Lost Their Life Savings to a 'Safe' Investment
Vivre chez soi après 60,Prendre sa retraite à l'étranger,10 Countries to Retire on Social Security (Ranked Worst to Best),https://youtu.be/YqZJpHZ-k1o,106433,2026-01-15,22,LivingWise Global,https://www.youtube.com/channel/UCCxqaUnO4AUfab7Co2fgEog,13000,oui,"Le vrai budget mensuel, les visas, la santé et les pièges dans chaque pays.",Retiring in Mexico on Social Security: The Real Monthly Cost
Vivre chez soi après 60,Désencombrer et réduire,DOWNSIZING TIPS for Seniors {or Anyone},https://youtu.be/HJm4EyGLU9k,105967,2021-10-13,16,"Randi Dukes, Dallas Fort Worth REALTOR",https://www.youtube.com/channel/UCmA8TAWDx99ZhzUXhs_rd3Q,989,oui,"Le « Swedish death cleaning », vendre la maison, et que faire des affaires que personne ne veut.",Nobody Wants Your Stuff: What to Do With Your Things After 70
Arnaques,Investissement et crypto,Retirement is a Huge SCAM,https://youtu.be/lTivUdcPUH0,105770,2025-08-10,23,Austin Williams,https://www.youtube.com/channel/UC9SLXh5V1bwFiS82DTRUx8A,170000,oui,"Les retraités ciblés par de faux placements « sûrs » : Madoff, pig butchering, faux conseillers.",How Retirees Lost Their Life Savings to a 'Safe' Investment
Vivre chez soi après 60,Désencombrer et réduire,7 Useless Tasks To Avoid With Every Declutter After 60,https://youtu.be/G-RXAY38hvU,105733,2025-07-24,24,The Senior Reset,https://www.youtube.com/channel/UCWkIemJP6-8s-j5RExvKkmg,57600,oui,"Le « Swedish death cleaning », vendre la maison, et que faire des affaires que personne ne veut.",Nobody Wants Your Stuff: What to Do With Your Things After 70
Arnaques,Récits et documentaires d'arnaques,The INSANE Story of Kenya’s Phone Scam Empire,https://youtu.be/D3iZ0eCzvps,105187,2025-07-10,17,Found In Africa,https://www.youtube.com/channel/UCdwrzLH6HnkyWSCcY_d4eXA,61000,non,"Les grandes arnaques de l'histoire racontées en documentaire, avec la leçon pour aujourd'hui.",The Con Man Who Fooled America's Grandparents for 20 Years
Arnaques,Investissement et crypto,The $180 Million Ponzi Scheme That Suckered Celebrities,https://youtu.be/ZPVmRvyy_00,105142,2024-06-09,248,Matthew Cox | Inside True Crime,https://www.youtube.com/channel/UC3_qYh4foNgVXI7NzcuxlCA,1250000,non,"Les retraités ciblés par de faux placements « sûrs » : Madoff, pig butchering, faux conseillers.",How Retirees Lost Their Life Savings to a 'Safe' Investment
Arnaques,Récits et documentaires d'arnaques,Infamous Con Artist Breaks Down Mortgage Fraud,https://youtu.be/mQzjvrsYsv8,105123,2020-04-01,8,Valuetainment,https://www.youtube.com/channel/UCIHdDJ0tjn_3j-FS7s_X1kQ,7160000,non,"Les grandes arnaques de l'histoire racontées en documentaire, avec la leçon pour aujourd'hui.",The Con Man Who Fooled America's Grandparents for 20 Years
Arnaques,Investissement et crypto,Inside the Romance Scam Operation Stealing Billions,https://youtu.be/7Gw9cYZq-O4,104796,2026-05-18,23,Spencer Cornelia,https://www.youtube.com/channel/UCV0OPCa5_LS8SWp118FRHIA,571000,non,"Les retraités ciblés par de faux placements « sûrs » : Madoff, pig butchering, faux conseillers.",How Retirees Lost Their Life Savings to a 'Safe' Investment
Arnaques,Faux banquiers / usurpation,Fake bank worker scam suspect charged,https://youtu.be/6l5tMMJzKb8,104699,2026-02-28,4,FOX 26 Houston,https://www.youtube.com/channel/UC4OqEJz6oABzz_7nu29zF3A,739000,non,"Le faux « service fraude » de la banque, Zelle, la carte de débit : ce qu'une vraie banque ne demande jamais.",Your Bank Will Never Ask You This: The Fake Fraud Department Call
Arnaques,Arnaques sentimentales,Love Scams - Dr.Phil Documentary,https://youtu.be/n4auzirKVqw,104519,2015-04-22,39,Dr Phil,https://www.youtube.com/channel/UCjhGfLLYItEZtMf05OyYzXw,8570,non,"Les veufs et veuves sont les premières cibles. Le récit d'une victime réelle, puis les signaux d'alerte.","She Was 72, Widowed, and Lost $300,000 to a Man She Never Met"
Vivre chez soi après 60,Prendre sa retraite à l'étranger,Isn’t there a Social Security penalty for retiring overseas?,https://youtu.be/2uMF4g0ei24,104416,2020-04-28,8,Live and Invest Overseas,https://www.youtube.com/channel/UC9UG7Q4PvOI9WvbW5Mm7jjg,35000,oui,"Le vrai budget mensuel, les visas, la santé et les pièges dans chaque pays.",Retiring in Mexico on Social Security: The Real Monthly Cost
Vivre chez soi après 60,Argent de la retraite,Can You Retire with ONLY Social Security and a Pension? (The Answer is YES!),https://youtu.be/_-cHyAb8_Ck,104066,2024-08-21,14,Financial Wellness Planning,https://www.youtube.com/channel/UCKLxazNgZwxdARrHxgbs-ow,10500,oui,"Vivre avec la seule Social Security, quand la demander, les erreurs à éviter.",Retiring With Almost Nothing Saved: 7 Things That Still Work
Vivre chez soi après 60,Vivre seul après 70 ans,10 Grandma Tricks That Instantly Make Living Alone Easier After 60,https://youtu.be/Dm7vY60TToA,103770,2026-10-01,31,Wonders,https://www.youtube.com/channel/UCmGizvYWqUH3DGYEgRbHr8g,180000,oui,"Ce qui change quand on vit seul, comment rester en sécurité, entouré et autonome.",Living Alone After 75: 9 Things That Keep You Safe and Happy
Arnaques,"Loterie, cadeaux et colis",Gift card scam taking unsuspecting customers for expensive ride | A Current Affair,https://youtu.be/xLwWtLYz_gY,103704,2024-04-03,5,A Current Affair,https://www.youtube.com/channel/UCX15yQQOgUllNFd8wNRV1KQ,836000,non,"Les faux gains, Publishers Clearing House, les SMS de colis, les cartes cadeaux.",'You Won!' — Why a Real Lottery Never Asks You to Pay First
Arnaques,"Social Security, Medicare, IRS",FOX 11 Investigates: Social Security fraud,https://youtu.be/B8NhnkhSzIY,103418,2014-02-21,5,WLUK-TV FOX 11,https://www.youtube.com/channel/UC72xzKVi3b_2oed6zQ8KKQg,122000,oui,Les scripts des faux agents de l'État et ce que l'administration ne fait jamais.,"5 Things Social Security Will Never Do (If They Do, Hang Up)"
Arnaques,Arnaques sentimentales,Claimed and Shamed S15E2 | Fake Widow’s Death Scam & £50K Car Jack Lie Exposed! 🚨,https://youtu.be/2U8fcbvviXQ,102534,2023-06-15,43,Josie Russel,https://www.youtube.com/channel/UCkn7aZ_nKIrZSvN1T8RhFiQ,8780,oui,"Les veufs et veuves sont les premières cibles. Le récit d'une victime réelle, puis les signaux d'alerte.","She Was 72, Widowed, and Lost $300,000 to a Man She Never Met"
Vivre chez soi après 60,Où prendre sa retraite (USA),The 5 WORST States to Retire In (Financially Speaking),https://youtu.be/l00n7gCdWP0,102520,2026-08-15,10,Tyler Gardner ,https://www.youtube.com/channel/UC9wgcuu3e5qj8ashw6eRxQw,227000,oui,"Classements de villes et d'États selon le coût de la vie, les impôts et la sécurité.",10 Towns Where You Can Retire on Social Security Alone
Arnaques,"Social Security, Medicare, IRS",Senator Tuberville Speaks on Senate Floor Calling Out the Social Security Scam,https://youtu.be/1Ru1pFksmx0,102150,2026-07-29,13,Senator Tommy Tuberville,https://www.youtube.com/channel/UCbvKb-ZcNkzQ7LEJsxdpqzA,27800,oui,Les scripts des faux agents de l'État et ce que l'administration ne fait jamais.,"5 Things Social Security Will Never Do (If They Do, Hang Up)"
Vivre chez soi après 60,Prendre sa retraite à l'étranger,🇲🇽 Retire in Chapala Mexico- Everything You Need to Know! 👍🏼👍🏼,https://youtu.be/pl3CeBHRA8s,102149,2023-02-26,22,Mexico Relocation Guide,https://www.youtube.com/channel/UCaTEJTyH4mL6JVQWQEgozmw,98900,oui,"Le vrai budget mensuel, les visas, la santé et les pièges dans chaque pays.",Retiring in Mexico on Social Security: The Real Monthly Cost
Vivre chez soi après 60,Où prendre sa retraite (USA),THE 200 ABSOLUTE BEST PLACES TO RETIRE IN THE UNITED STATES (WHERE SHOULD YOU MOVE?),https://youtu.be/NQrLFHTBnX4,102108,2025-08-09,239,World According To Briggs,https://www.youtube.com/channel/UCecPJBL6E1PVky1-gj6KH5g,1370000,oui,"Classements de villes et d'États selon le coût de la vie, les impôts et la sécurité.",10 Towns Where You Can Retire on Social Security Alone
Vivre chez soi après 60,"Maison de retraite, résidence, aide",The Thin Edge of Dignity by Dick Weinman | Assisted Living Documentary,https://youtu.be/UciTFCPCivI,101827,2014-06-04,20,Silverman Studios Video Production,https://www.youtube.com/channel/UCtbke-EpRJEzRT9ObMMjPCA,641,non,"Comparer les options et les vrais coûts : rester chez soi, résidence, aide à domicile.",Assisted Living vs Staying Home: The Real Cost
Arnaques,Investissement et crypto,"California widower lured to fake romance, loses $1 million in 'wrong number' crypto scam",https://youtu.be/Ml87O5Pj0YU,101564,2025-10-30,7,ABC7 News Bay Area,https://www.youtube.com/channel/UCYUbNjkuE4lsr2v1Id2O1oA,707000,oui,"Les retraités ciblés par de faux placements « sûrs » : Madoff, pig butchering, faux conseillers.",How Retirees Lost Their Life Savings to a 'Safe' Investment
Vivre chez soi après 60,Prendre sa retraite à l'étranger,"5 Countries Where You Can Retire TODAY with $50,000 in Savings",https://youtu.be/Q7gvZ9T8nH0,101161,2026-04-23,10,Four Corners Travel,https://www.youtube.com/channel/UCJ4ppZvuZ_G6e0mUh4iuSCw,2360,oui,"Le vrai budget mensuel, les visas, la santé et les pièges dans chaque pays.",Retiring in Mexico on Social Security: The Real Monthly Cost
Arnaques,Faux banquiers / usurpation,THIS PayPal Scam STEALS EVERYTHING — Even if You Don't Use PayPal!,https://youtu.be/usFACCTDKSc,100913,2026-05-06,39,Rossen Reports,https://www.youtube.com/channel/UC7PYy5Tx1WhbnGKc3KJeRKw,711000,non,"Le faux « service fraude » de la banque, Zelle, la carte de débit : ce qu'une vraie banque ne demande jamais.",Your Bank Will Never Ask You This: The Fake Fraud Department Call
Arnaques,Arnaques à domicile,Allstate Is Trying To SCAM This Homeowner,https://youtu.be/jFq4FPtP17k,100813,2022-07-22,4,Storm Guys,https://www.youtube.com/channel/UCkf6ciwswFcMiCgOQ3qtGUw,614,non,"Le faux couvreur après l'orage, le faux employé du gaz, le garagiste malhonnête.",The Roofer Who Knocks After a Storm: 6 Home Repair Scams Targeting Seniors
Vivre chez soi après 60,Prendre sa retraite à l'étranger,RETIRING to Portugal | WHY Portugal is Rated as a (TOP LOCATION) to Retire and Move,https://youtu.be/9XkjS7r1U5w,100535,2022-06-18,14,Brian and Carrie,https://www.youtube.com/channel/UCnGnMmPuHG31D2vyneTu45A,96800,oui,"Le vrai budget mensuel, les visas, la santé et les pièges dans chaque pays.",Retiring in Mexico on Social Security: The Real Monthly Cost
Vivre chez soi après 60,Désencombrer et réduire,7 Brutal Decluttering Rules Seniors Must Follow After 60 – Or Regret It Later,https://youtu.be/a_TfE5zoJDM,100320,2025-04-11,26,The Senior Reset,https://www.youtube.com/channel/UCWkIemJP6-8s-j5RExvKkmg,57600,oui,"Le « Swedish death cleaning », vendre la maison, et que faire des affaires que personne ne veut.",Nobody Wants Your Stuff: What to Do With Your Things After 70
Vivre chez soi après 60,Prendre sa retraite à l'étranger,6 TOP COUNTRIES for Black American RETIREES,https://youtu.be/ac9YPdlvrh0,100196,2024-07-10,11,AwakenWithMark,https://www.youtube.com/channel/UCW8_7ybSIp1sgJZ-LjlxBjg,18700,oui,"Le vrai budget mensuel, les visas, la santé et les pièges dans chaque pays.",Retiring in Mexico on Social Security: The Real Monthly Cost
